sub,cope,path
02,1,/data00/leonardo/RSA/analyses/emotion_high_low_predictors/results/2nd_level/sub-02_emotion_high_low_predictors.gfeat/cope1.feat/stats/cope1.nii.gz
02,2,/data00/leonardo/RSA/analyses/emotion_high_low_predictors/results/2nd_level/sub-02_emotion_high_low_predictors.gfeat/cope2.feat/stats/cope1.nii.gz
02,3,/data00/leonardo/RSA/analyses/emotion_high_low_predictors/results/2nd_level/sub-02_emotion_high_low_predictors.gfeat/cope3.feat/stats/cope1.nii.gz
02,4,/data00/leonardo/RSA/analyses/emotion_high_low_predictors/results/2nd_level/sub-02_emotion_high_low_predictors.gfeat/cope4.feat/stats/cope1.nii.gz
02,5,/data00/leonardo/RSA/analyses/emotion_high_low_predictors/results/2nd_level/sub-02_emotion_high_low_predictors.gfeat/cope5.feat/stats/cope1.nii.gz
02,6,/data00/leonardo/RSA/analyses/emotion_high_low_predictors/results/2nd_level/sub-02_emotion_high_low_predictors.gfeat/cope6.feat/stats/cope1.nii.gz
02,7,/data00/leonardo/RSA/analyses/emotion_high_low_predictors/results/2nd_level/sub-02_emotion_high_low_predictors.gfeat/cope7.feat/stats/cope1.nii.gz
02,8,/data00/leonardo/RSA/analyses/emotion_high_low_predictors/results/2nd_level/sub-02_emotion_high_low_predictors.gfeat/cope8.feat/stats/cope1.nii.gz
02,9,/data00/leonardo/RSA/analyses/emotion_high_low_predictors/results/2nd_level/sub-02_emotion_high_low_predictors.gfeat/cope9.feat/stats/cope1.nii.gz
02,10,/data00/leonardo/RSA/analyses/emotion_high_low_predictors/results/2nd_level/sub-02_emotion_high_low_predictors.gfeat/cope10.feat/stats/cope1.nii.gz
02,11,/data00/leonardo/RSA/analyses/emotion_high_low_predictors/results/2nd_level/sub-02_emotion_high_low_predictors.gfeat/cope11.feat/stats/cope1.nii.gz
02,12,/data00/leonardo/RSA/analyses/emotion_high_low_predictors/results/2nd_level/sub-02_emotion_high_low_predictors.gfeat/cope12.feat/stats/cope1.nii.gz
02,13,/data00/leonardo/RSA/analyses/emotion_high_low_predictors/results/2nd_level/sub-02_emotion_high_low_predictors.gfeat/cope13.feat/stats/cope1.nii.gz
02,14,/data00/leonardo/RSA/analyses/emotion_high_low_predictors/results/2nd_level/sub-02_emotion_high_low_predictors.gfeat/cope14.feat/stats/cope1.nii.gz
03,1,/data00/leonardo/RSA/analyses/emotion_high_low_predictors/results/2nd_level/sub-03_emotion_high_low_predictors.gfeat/cope1.feat/stats/cope1.nii.gz
03,2,/data00/leonardo/RSA/analyses/emotion_high_low_predictors/results/2nd_level/sub-03_emotion_high_low_predictors.gfeat/cope2.feat/stats/cope1.nii.gz
03,3,/data00/leonardo/RSA/analyses/emotion_high_low_predictors/results/2nd_level/sub-03_emotion_high_low_predictors.gfeat/cope3.feat/stats/cope1.nii.gz
03,4,/data00/leonardo/RSA/analyses/emotion_high_low_predictors/results/2nd_level/sub-03_emotion_high_low_predictors.gfeat/cope4.feat/stats/cope1.nii.gz
03,5,/data00/leonardo/RSA/analyses/emotion_high_low_predictors/results/2nd_level/sub-03_emotion_high_low_predictors.gfeat/cope5.feat/stats/cope1.nii.gz
03,6,/data00/leonardo/RSA/analyses/emotion_high_low_predictors/results/2nd_level/sub-03_emotion_high_low_predictors.gfeat/cope6.feat/stats/cope1.nii.gz
03,7,/data00/leonardo/RSA/analyses/emotion_high_low_predictors/results/2nd_level/sub-03_emotion_high_low_predictors.gfeat/cope7.feat/stats/cope1.nii.gz
03,8,/data00/leonardo/RSA/analyses/emotion_high_low_predictors/results/2nd_level/sub-03_emotion_high_low_predictors.gfeat/cope8.feat/stats/cope1.nii.gz
03,9,/data00/leonardo/RSA/analyses/emotion_high_low_predictors/results/2nd_level/sub-03_emotion_high_low_predictors.gfeat/cope9.feat/stats/cope1.nii.gz
03,10,/data00/leonardo/RSA/analyses/emotion_high_low_predictors/results/2nd_level/sub-03_emotion_high_low_predictors.gfeat/cope10.feat/stats/cope1.nii.gz
03,11,/data00/leonardo/RSA/analyses/emotion_high_low_predictors/results/2nd_level/sub-03_emotion_high_low_predictors.gfeat/cope11.feat/stats/cope1.nii.gz
03,12,/data00/leonardo/RSA/analyses/emotion_high_low_predictors/results/2nd_level/sub-03_emotion_high_low_predictors.gfeat/cope12.feat/stats/cope1.nii.gz
03,13,/data00/leonardo/RSA/analyses/emotion_high_low_predictors/results/2nd_level/sub-03_emotion_high_low_predictors.gfeat/cope13.feat/stats/cope1.nii.gz
03,14,/data00/leonardo/RSA/analyses/emotion_high_low_predictors/results/2nd_level/sub-03_emotion_high_low_predictors.gfeat/cope14.feat/stats/cope1.nii.gz
05,1,/data00/leonardo/RSA/analyses/emotion_high_low_predictors/results/2nd_level/sub-05_emotion_high_low_predictors.gfeat/cope1.feat/stats/cope1.nii.gz
05,2,/data00/leonardo/RSA/analyses/emotion_high_low_predictors/results/2nd_level/sub-05_emotion_high_low_predictors.gfeat/cope2.feat/stats/cope1.nii.gz
05,3,/data00/leonardo/RSA/analyses/emotion_high_low_predictors/results/2nd_level/sub-05_emotion_high_low_predictors.gfeat/cope3.feat/stats/cope1.nii.gz
05,4,/data00/leonardo/RSA/analyses/emotion_high_low_predictors/results/2nd_level/sub-05_emotion_high_low_predictors.gfeat/cope4.feat/stats/cope1.nii.gz
05,5,/data00/leonardo/RSA/analyses/emotion_high_low_predictors/results/2nd_level/sub-05_emotion_high_low_predictors.gfeat/cope5.feat/stats/cope1.nii.gz
05,6,/data00/leonardo/RSA/analyses/emotion_high_low_predictors/results/2nd_level/sub-05_emotion_high_low_predictors.gfeat/cope6.feat/stats/cope1.nii.gz
05,7,/data00/leonardo/RSA/analyses/emotion_high_low_predictors/results/2nd_level/sub-05_emotion_high_low_predictors.gfeat/cope7.feat/stats/cope1.nii.gz
05,8,/data00/leonardo/RSA/analyses/emotion_high_low_predictors/results/2nd_level/sub-05_emotion_high_low_predictors.gfeat/cope8.feat/stats/cope1.nii.gz
05,9,/data00/leonardo/RSA/analyses/emotion_high_low_predictors/results/2nd_level/sub-05_emotion_high_low_predictors.gfeat/cope9.feat/stats/cope1.nii.gz
05,10,/data00/leonardo/RSA/analyses/emotion_high_low_predictors/results/2nd_level/sub-05_emotion_high_low_predictors.gfeat/cope10.feat/stats/cope1.nii.gz
05,11,/data00/leonardo/RSA/analyses/emotion_high_low_predictors/results/2nd_level/sub-05_emotion_high_low_predictors.gfeat/cope11.feat/stats/cope1.nii.gz
05,12,/data00/leonardo/RSA/analyses/emotion_high_low_predictors/results/2nd_level/sub-05_emotion_high_low_predictors.gfeat/cope12.feat/stats/cope1.nii.gz
05,13,/data00/leonardo/RSA/analyses/emotion_high_low_predictors/results/2nd_level/sub-05_emotion_high_low_predictors.gfeat/cope13.feat/stats/cope1.nii.gz
05,14,/data00/leonardo/RSA/analyses/emotion_high_low_predictors/results/2nd_level/sub-05_emotion_high_low_predictors.gfeat/cope14.feat/stats/cope1.nii.gz
07,1,/data00/leonardo/RSA/analyses/emotion_high_low_predictors/results/2nd_level/sub-07_emotion_high_low_predictors.gfeat/cope1.feat/stats/cope1.nii.gz
07,2,/data00/leonardo/RSA/analyses/emotion_high_low_predictors/results/2nd_level/sub-07_emotion_high_low_predictors.gfeat/cope2.feat/stats/cope1.nii.gz
07,3,/data00/leonardo/RSA/analyses/emotion_high_low_predictors/results/2nd_level/sub-07_emotion_high_low_predictors.gfeat/cope3.feat/stats/cope1.nii.gz
07,4,/data00/leonardo/RSA/analyses/emotion_high_low_predictors/results/2nd_level/sub-07_emotion_high_low_predictors.gfeat/cope4.feat/stats/cope1.nii.gz
07,5,/data00/leonardo/RSA/analyses/emotion_high_low_predictors/results/2nd_level/sub-07_emotion_high_low_predictors.gfeat/cope5.feat/stats/cope1.nii.gz
07,6,/data00/leonardo/RSA/analyses/emotion_high_low_predictors/results/2nd_level/sub-07_emotion_high_low_predictors.gfeat/cope6.feat/stats/cope1.nii.gz
07,7,/data00/leonardo/RSA/analyses/emotion_high_low_predictors/results/2nd_level/sub-07_emotion_high_low_predictors.gfeat/cope7.feat/stats/cope1.nii.gz
07,8,/data00/leonardo/RSA/analyses/emotion_high_low_predictors/results/2nd_level/sub-07_emotion_high_low_predictors.gfeat/cope8.feat/stats/cope1.nii.gz
07,9,/data00/leonardo/RSA/analyses/emotion_high_low_predictors/results/2nd_level/sub-07_emotion_high_low_predictors.gfeat/cope9.feat/stats/cope1.nii.gz
07,10,/data00/leonardo/RSA/analyses/emotion_high_low_predictors/results/2nd_level/sub-07_emotion_high_low_predictors.gfeat/cope10.feat/stats/cope1.nii.gz
07,11,/data00/leonardo/RSA/analyses/emotion_high_low_predictors/results/2nd_level/sub-07_emotion_high_low_predictors.gfeat/cope11.feat/stats/cope1.nii.gz
07,12,/data00/leonardo/RSA/analyses/emotion_high_low_predictors/results/2nd_level/sub-07_emotion_high_low_predictors.gfeat/cope12.feat/stats/cope1.nii.gz
07,13,/data00/leonardo/RSA/analyses/emotion_high_low_predictors/results/2nd_level/sub-07_emotion_high_low_predictors.gfeat/cope13.feat/stats/cope1.nii.gz
07,14,/data00/leonardo/RSA/analyses/emotion_high_low_predictors/results/2nd_level/sub-07_emotion_high_low_predictors.gfeat/cope14.feat/stats/cope1.nii.gz
09,1,/data00/leonardo/RSA/analyses/emotion_high_low_predictors/results/2nd_level/sub-09_emotion_high_low_predictors.gfeat/cope1.feat/stats/cope1.nii.gz
09,2,/data00/leonardo/RSA/analyses/emotion_high_low_predictors/results/2nd_level/sub-09_emotion_high_low_predictors.gfeat/cope2.feat/stats/cope1.nii.gz
09,3,/data00/leonardo/RSA/analyses/emotion_high_low_predictors/results/2nd_level/sub-09_emotion_high_low_predictors.gfeat/cope3.feat/stats/cope1.nii.gz
09,4,/data00/leonardo/RSA/analyses/emotion_high_low_predictors/results/2nd_level/sub-09_emotion_high_low_predictors.gfeat/cope4.feat/stats/cope1.nii.gz
09,5,/data00/leonardo/RSA/analyses/emotion_high_low_predictors/results/2nd_level/sub-09_emotion_high_low_predictors.gfeat/cope5.feat/stats/cope1.nii.gz
09,6,/data00/leonardo/RSA/analyses/emotion_high_low_predictors/results/2nd_level/sub-09_emotion_high_low_predictors.gfeat/cope6.feat/stats/cope1.nii.gz
09,7,/data00/leonardo/RSA/analyses/emotion_high_low_predictors/results/2nd_level/sub-09_emotion_high_low_predictors.gfeat/cope7.feat/stats/cope1.nii.gz
09,8,/data00/leonardo/RSA/analyses/emotion_high_low_predictors/results/2nd_level/sub-09_emotion_high_low_predictors.gfeat/cope8.feat/stats/cope1.nii.gz
09,9,/data00/leonardo/RSA/analyses/emotion_high_low_predictors/results/2nd_level/sub-09_emotion_high_low_predictors.gfeat/cope9.feat/stats/cope1.nii.gz
09,10,/data00/leonardo/RSA/analyses/emotion_high_low_predictors/results/2nd_level/sub-09_emotion_high_low_predictors.gfeat/cope10.feat/stats/cope1.nii.gz
09,11,/data00/leonardo/RSA/analyses/emotion_high_low_predictors/results/2nd_level/sub-09_emotion_high_low_predictors.gfeat/cope11.feat/stats/cope1.nii.gz
09,12,/data00/leonardo/RSA/analyses/emotion_high_low_predictors/results/2nd_level/sub-09_emotion_high_low_predictors.gfeat/cope12.feat/stats/cope1.nii.gz
09,13,/data00/leonardo/RSA/analyses/emotion_high_low_predictors/results/2nd_level/sub-09_emotion_high_low_predictors.gfeat/cope13.feat/stats/cope1.nii.gz
09,14,/data00/leonardo/RSA/analyses/emotion_high_low_predictors/results/2nd_level/sub-09_emotion_high_low_predictors.gfeat/cope14.feat/stats/cope1.nii.gz
10,1,/data00/leonardo/RSA/analyses/emotion_high_low_predictors/results/2nd_level/sub-10_emotion_high_low_predictors.gfeat/cope1.feat/stats/cope1.nii.gz
10,2,/data00/leonardo/RSA/analyses/emotion_high_low_predictors/results/2nd_level/sub-10_emotion_high_low_predictors.gfeat/cope2.feat/stats/cope1.nii.gz
10,3,/data00/leonardo/RSA/analyses/emotion_high_low_predictors/results/2nd_level/sub-10_emotion_high_low_predictors.gfeat/cope3.feat/stats/cope1.nii.gz
10,4,/data00/leonardo/RSA/analyses/emotion_high_low_predictors/results/2nd_level/sub-10_emotion_high_low_predictors.gfeat/cope4.feat/stats/cope1.nii.gz
10,5,/data00/leonardo/RSA/analyses/emotion_high_low_predictors/results/2nd_level/sub-10_emotion_high_low_predictors.gfeat/cope5.feat/stats/cope1.nii.gz
10,6,/data00/leonardo/RSA/analyses/emotion_high_low_predictors/results/2nd_level/sub-10_emotion_high_low_predictors.gfeat/cope6.feat/stats/cope1.nii.gz
10,7,/data00/leonardo/RSA/analyses/emotion_high_low_predictors/results/2nd_level/sub-10_emotion_high_low_predictors.gfeat/cope7.feat/stats/cope1.nii.gz
10,8,/data00/leonardo/RSA/analyses/emotion_high_low_predictors/results/2nd_level/sub-10_emotion_high_low_predictors.gfeat/cope8.feat/stats/cope1.nii.gz
10,9,/data00/leonardo/RSA/analyses/emotion_high_low_predictors/results/2nd_level/sub-10_emotion_high_low_predictors.gfeat/cope9.feat/stats/cope1.nii.gz
10,10,/data00/leonardo/RSA/analyses/emotion_high_low_predictors/results/2nd_level/sub-10_emotion_high_low_predictors.gfeat/cope10.feat/stats/cope1.nii.gz
10,11,/data00/leonardo/RSA/analyses/emotion_high_low_predictors/results/2nd_level/sub-10_emotion_high_low_predictors.gfeat/cope11.feat/stats/cope1.nii.gz
10,12,/data00/leonardo/RSA/analyses/emotion_high_low_predictors/results/2nd_level/sub-10_emotion_high_low_predictors.gfeat/cope12.feat/stats/cope1.nii.gz
10,13,/data00/leonardo/RSA/analyses/emotion_high_low_predictors/results/2nd_level/sub-10_emotion_high_low_predictors.gfeat/cope13.feat/stats/cope1.nii.gz
10,14,/data00/leonardo/RSA/analyses/emotion_high_low_predictors/results/2nd_level/sub-10_emotion_high_low_predictors.gfeat/cope14.feat/stats/cope1.nii.gz
11,1,/data00/leonardo/RSA/analyses/emotion_high_low_predictors/results/2nd_level/sub-11_emotion_high_low_predictors.gfeat/cope1.feat/stats/cope1.nii.gz
11,2,/data00/leonardo/RSA/analyses/emotion_high_low_predictors/results/2nd_level/sub-11_emotion_high_low_predictors.gfeat/cope2.feat/stats/cope1.nii.gz
11,3,/data00/leonardo/RSA/analyses/emotion_high_low_predictors/results/2nd_level/sub-11_emotion_high_low_predictors.gfeat/cope3.feat/stats/cope1.nii.gz
11,4,/data00/leonardo/RSA/analyses/emotion_high_low_predictors/results/2nd_level/sub-11_emotion_high_low_predictors.gfeat/cope4.feat/stats/cope1.nii.gz
11,5,/data00/leonardo/RSA/analyses/emotion_high_low_predictors/results/2nd_level/sub-11_emotion_high_low_predictors.gfeat/cope5.feat/stats/cope1.nii.gz
11,6,/data00/leonardo/RSA/analyses/emotion_high_low_predictors/results/2nd_level/sub-11_emotion_high_low_predictors.gfeat/cope6.feat/stats/cope1.nii.gz
11,7,/data00/leonardo/RSA/analyses/emotion_high_low_predictors/results/2nd_level/sub-11_emotion_high_low_predictors.gfeat/cope7.feat/stats/cope1.nii.gz
11,8,/data00/leonardo/RSA/analyses/emotion_high_low_predictors/results/2nd_level/sub-11_emotion_high_low_predictors.gfeat/cope8.feat/stats/cope1.nii.gz
11,9,/data00/leonardo/RSA/analyses/emotion_high_low_predictors/results/2nd_level/sub-11_emotion_high_low_predictors.gfeat/cope9.feat/stats/cope1.nii.gz
11,10,/data00/leonardo/RSA/analyses/emotion_high_low_predictors/results/2nd_level/sub-11_emotion_high_low_predictors.gfeat/cope10.feat/stats/cope1.nii.gz
11,11,/data00/leonardo/RSA/analyses/emotion_high_low_predictors/results/2nd_level/sub-11_emotion_high_low_predictors.gfeat/cope11.feat/stats/cope1.nii.gz
11,12,/data00/leonardo/RSA/analyses/emotion_high_low_predictors/results/2nd_level/sub-11_emotion_high_low_predictors.gfeat/cope12.feat/stats/cope1.nii.gz
11,13,/data00/leonardo/RSA/analyses/emotion_high_low_predictors/results/2nd_level/sub-11_emotion_high_low_predictors.gfeat/cope13.feat/stats/cope1.nii.gz
11,14,/data00/leonardo/RSA/analyses/emotion_high_low_predictors/results/2nd_level/sub-11_emotion_high_low_predictors.gfeat/cope14.feat/stats/cope1.nii.gz
12,1,/data00/leonardo/RSA/analyses/emotion_high_low_predictors/results/2nd_level/sub-12_emotion_high_low_predictors.gfeat/cope1.feat/stats/cope1.nii.gz
12,2,/data00/leonardo/RSA/analyses/emotion_high_low_predictors/results/2nd_level/sub-12_emotion_high_low_predictors.gfeat/cope2.feat/stats/cope1.nii.gz
12,3,/data00/leonardo/RSA/analyses/emotion_high_low_predictors/results/2nd_level/sub-12_emotion_high_low_predictors.gfeat/cope3.feat/stats/cope1.nii.gz
12,4,/data00/leonardo/RSA/analyses/emotion_high_low_predictors/results/2nd_level/sub-12_emotion_high_low_predictors.gfeat/cope4.feat/stats/cope1.nii.gz
12,5,/data00/leonardo/RSA/analyses/emotion_high_low_predictors/results/2nd_level/sub-12_emotion_high_low_predictors.gfeat/cope5.feat/stats/cope1.nii.gz
12,6,/data00/leonardo/RSA/analyses/emotion_high_low_predictors/results/2nd_level/sub-12_emotion_high_low_predictors.gfeat/cope6.feat/stats/cope1.nii.gz
12,7,/data00/leonardo/RSA/analyses/emotion_high_low_predictors/results/2nd_level/sub-12_emotion_high_low_predictors.gfeat/cope7.feat/stats/cope1.nii.gz
12,8,/data00/leonardo/RSA/analyses/emotion_high_low_predictors/results/2nd_level/sub-12_emotion_high_low_predictors.gfeat/cope8.feat/stats/cope1.nii.gz
12,9,/data00/leonardo/RSA/analyses/emotion_high_low_predictors/results/2nd_level/sub-12_emotion_high_low_predictors.gfeat/cope9.feat/stats/cope1.nii.gz
12,10,/data00/leonardo/RSA/analyses/emotion_high_low_predictors/results/2nd_level/sub-12_emotion_high_low_predictors.gfeat/cope10.feat/stats/cope1.nii.gz
12,11,/data00/leonardo/RSA/analyses/emotion_high_low_predictors/results/2nd_level/sub-12_emotion_high_low_predictors.gfeat/cope11.feat/stats/cope1.nii.gz
12,12,/data00/leonardo/RSA/analyses/emotion_high_low_predictors/results/2nd_level/sub-12_emotion_high_low_predictors.gfeat/cope12.feat/stats/cope1.nii.gz
12,13,/data00/leonardo/RSA/analyses/emotion_high_low_predictors/results/2nd_level/sub-12_emotion_high_low_predictors.gfeat/cope13.feat/stats/cope1.nii.gz
12,14,/data00/leonardo/RSA/analyses/emotion_high_low_predictors/results/2nd_level/sub-12_emotion_high_low_predictors.gfeat/cope14.feat/stats/cope1.nii.gz
14,1,/data00/leonardo/RSA/analyses/emotion_high_low_predictors/results/2nd_level/sub-14_emotion_high_low_predictors.gfeat/cope1.feat/stats/cope1.nii.gz
14,2,/data00/leonardo/RSA/analyses/emotion_high_low_predictors/results/2nd_level/sub-14_emotion_high_low_predictors.gfeat/cope2.feat/stats/cope1.nii.gz
14,3,/data00/leonardo/RSA/analyses/emotion_high_low_predictors/results/2nd_level/sub-14_emotion_high_low_predictors.gfeat/cope3.feat/stats/cope1.nii.gz
14,4,/data00/leonardo/RSA/analyses/emotion_high_low_predictors/results/2nd_level/sub-14_emotion_high_low_predictors.gfeat/cope4.feat/stats/cope1.nii.gz
14,5,/data00/leonardo/RSA/analyses/emotion_high_low_predictors/results/2nd_level/sub-14_emotion_high_low_predictors.gfeat/cope5.feat/stats/cope1.nii.gz
14,6,/data00/leonardo/RSA/analyses/emotion_high_low_predictors/results/2nd_level/sub-14_emotion_high_low_predictors.gfeat/cope6.feat/stats/cope1.nii.gz
14,7,/data00/leonardo/RSA/analyses/emotion_high_low_predictors/results/2nd_level/sub-14_emotion_high_low_predictors.gfeat/cope7.feat/stats/cope1.nii.gz
14,8,/data00/leonardo/RSA/analyses/emotion_high_low_predictors/results/2nd_level/sub-14_emotion_high_low_predictors.gfeat/cope8.feat/stats/cope1.nii.gz
14,9,/data00/leonardo/RSA/analyses/emotion_high_low_predictors/results/2nd_level/sub-14_emotion_high_low_predictors.gfeat/cope9.feat/stats/cope1.nii.gz
14,10,/data00/leonardo/RSA/analyses/emotion_high_low_predictors/results/2nd_level/sub-14_emotion_high_low_predictors.gfeat/cope10.feat/stats/cope1.nii.gz
14,11,/data00/leonardo/RSA/analyses/emotion_high_low_predictors/results/2nd_level/sub-14_emotion_high_low_predictors.gfeat/cope11.feat/stats/cope1.nii.gz
14,12,/data00/leonardo/RSA/analyses/emotion_high_low_predictors/results/2nd_level/sub-14_emotion_high_low_predictors.gfeat/cope12.feat/stats/cope1.nii.gz
14,13,/data00/leonardo/RSA/analyses/emotion_high_low_predictors/results/2nd_level/sub-14_emotion_high_low_predictors.gfeat/cope13.feat/stats/cope1.nii.gz
14,14,/data00/leonardo/RSA/analyses/emotion_high_low_predictors/results/2nd_level/sub-14_emotion_high_low_predictors.gfeat/cope14.feat/stats/cope1.nii.gz
15,1,/data00/leonardo/RSA/analyses/emotion_high_low_predictors/results/2nd_level/sub-15_emotion_high_low_predictors.gfeat/cope1.feat/stats/cope1.nii.gz
15,2,/data00/leonardo/RSA/analyses/emotion_high_low_predictors/results/2nd_level/sub-15_emotion_high_low_predictors.gfeat/cope2.feat/stats/cope1.nii.gz
15,3,/data00/leonardo/RSA/analyses/emotion_high_low_predictors/results/2nd_level/sub-15_emotion_high_low_predictors.gfeat/cope3.feat/stats/cope1.nii.gz
15,4,/data00/leonardo/RSA/analyses/emotion_high_low_predictors/results/2nd_level/sub-15_emotion_high_low_predictors.gfeat/cope4.feat/stats/cope1.nii.gz
15,5,/data00/leonardo/RSA/analyses/emotion_high_low_predictors/results/2nd_level/sub-15_emotion_high_low_predictors.gfeat/cope5.feat/stats/cope1.nii.gz
15,6,/data00/leonardo/RSA/analyses/emotion_high_low_predictors/results/2nd_level/sub-15_emotion_high_low_predictors.gfeat/cope6.feat/stats/cope1.nii.gz
15,7,/data00/leonardo/RSA/analyses/emotion_high_low_predictors/results/2nd_level/sub-15_emotion_high_low_predictors.gfeat/cope7.feat/stats/cope1.nii.gz
15,8,/data00/leonardo/RSA/analyses/emotion_high_low_predictors/results/2nd_level/sub-15_emotion_high_low_predictors.gfeat/cope8.feat/stats/cope1.nii.gz
15,9,/data00/leonardo/RSA/analyses/emotion_high_low_predictors/results/2nd_level/sub-15_emotion_high_low_predictors.gfeat/cope9.feat/stats/cope1.nii.gz
15,10,/data00/leonardo/RSA/analyses/emotion_high_low_predictors/results/2nd_level/sub-15_emotion_high_low_predictors.gfeat/cope10.feat/stats/cope1.nii.gz
15,11,/data00/leonardo/RSA/analyses/emotion_high_low_predictors/results/2nd_level/sub-15_emotion_high_low_predictors.gfeat/cope11.feat/stats/cope1.nii.gz
15,12,/data00/leonardo/RSA/analyses/emotion_high_low_predictors/results/2nd_level/sub-15_emotion_high_low_predictors.gfeat/cope12.feat/stats/cope1.nii.gz
15,13,/data00/leonardo/RSA/analyses/emotion_high_low_predictors/results/2nd_level/sub-15_emotion_high_low_predictors.gfeat/cope13.feat/stats/cope1.nii.gz
15,14,/data00/leonardo/RSA/analyses/emotion_high_low_predictors/results/2nd_level/sub-15_emotion_high_low_predictors.gfeat/cope14.feat/stats/cope1.nii.gz
16,1,/data00/leonardo/RSA/analyses/emotion_high_low_predictors/results/2nd_level/sub-16_emotion_high_low_predictors.gfeat/cope1.feat/stats/cope1.nii.gz
16,2,/data00/leonardo/RSA/analyses/emotion_high_low_predictors/results/2nd_level/sub-16_emotion_high_low_predictors.gfeat/cope2.feat/stats/cope1.nii.gz
16,3,/data00/leonardo/RSA/analyses/emotion_high_low_predictors/results/2nd_level/sub-16_emotion_high_low_predictors.gfeat/cope3.feat/stats/cope1.nii.gz
16,4,/data00/leonardo/RSA/analyses/emotion_high_low_predictors/results/2nd_level/sub-16_emotion_high_low_predictors.gfeat/cope4.feat/stats/cope1.nii.gz
16,5,/data00/leonardo/RSA/analyses/emotion_high_low_predictors/results/2nd_level/sub-16_emotion_high_low_predictors.gfeat/cope5.feat/stats/cope1.nii.gz
16,6,/data00/leonardo/RSA/analyses/emotion_high_low_predictors/results/2nd_level/sub-16_emotion_high_low_predictors.gfeat/cope6.feat/stats/cope1.nii.gz
16,7,/data00/leonardo/RSA/analyses/emotion_high_low_predictors/results/2nd_level/sub-16_emotion_high_low_predictors.gfeat/cope7.feat/stats/cope1.nii.gz
16,8,/data00/leonardo/RSA/analyses/emotion_high_low_predictors/results/2nd_level/sub-16_emotion_high_low_predictors.gfeat/cope8.feat/stats/cope1.nii.gz
16,9,/data00/leonardo/RSA/analyses/emotion_high_low_predictors/results/2nd_level/sub-16_emotion_high_low_predictors.gfeat/cope9.feat/stats/cope1.nii.gz
16,10,/data00/leonardo/RSA/analyses/emotion_high_low_predictors/results/2nd_level/sub-16_emotion_high_low_predictors.gfeat/cope10.feat/stats/cope1.nii.gz
16,11,/data00/leonardo/RSA/analyses/emotion_high_low_predictors/results/2nd_level/sub-16_emotion_high_low_predictors.gfeat/cope11.feat/stats/cope1.nii.gz
16,12,/data00/leonardo/RSA/analyses/emotion_high_low_predictors/results/2nd_level/sub-16_emotion_high_low_predictors.gfeat/cope12.feat/stats/cope1.nii.gz
16,13,/data00/leonardo/RSA/analyses/emotion_high_low_predictors/results/2nd_level/sub-16_emotion_high_low_predictors.gfeat/cope13.feat/stats/cope1.nii.gz
16,14,/data00/leonardo/RSA/analyses/emotion_high_low_predictors/results/2nd_level/sub-16_emotion_high_low_predictors.gfeat/cope14.feat/stats/cope1.nii.gz
18,1,/data00/leonardo/RSA/analyses/emotion_high_low_predictors/results/2nd_level/sub-18_emotion_high_low_predictors.gfeat/cope1.feat/stats/cope1.nii.gz
18,2,/data00/leonardo/RSA/analyses/emotion_high_low_predictors/results/2nd_level/sub-18_emotion_high_low_predictors.gfeat/cope2.feat/stats/cope1.nii.gz
18,3,/data00/leonardo/RSA/analyses/emotion_high_low_predictors/results/2nd_level/sub-18_emotion_high_low_predictors.gfeat/cope3.feat/stats/cope1.nii.gz
18,4,/data00/leonardo/RSA/analyses/emotion_high_low_predictors/results/2nd_level/sub-18_emotion_high_low_predictors.gfeat/cope4.feat/stats/cope1.nii.gz
18,5,/data00/leonardo/RSA/analyses/emotion_high_low_predictors/results/2nd_level/sub-18_emotion_high_low_predictors.gfeat/cope5.feat/stats/cope1.nii.gz
18,6,/data00/leonardo/RSA/analyses/emotion_high_low_predictors/results/2nd_level/sub-18_emotion_high_low_predictors.gfeat/cope6.feat/stats/cope1.nii.gz
18,7,/data00/leonardo/RSA/analyses/emotion_high_low_predictors/results/2nd_level/sub-18_emotion_high_low_predictors.gfeat/cope7.feat/stats/cope1.nii.gz
18,8,/data00/leonardo/RSA/analyses/emotion_high_low_predictors/results/2nd_level/sub-18_emotion_high_low_predictors.gfeat/cope8.feat/stats/cope1.nii.gz
18,9,/data00/leonardo/RSA/analyses/emotion_high_low_predictors/results/2nd_level/sub-18_emotion_high_low_predictors.gfeat/cope9.feat/stats/cope1.nii.gz
18,10,/data00/leonardo/RSA/analyses/emotion_high_low_predictors/results/2nd_level/sub-18_emotion_high_low_predictors.gfeat/cope10.feat/stats/cope1.nii.gz
18,11,/data00/leonardo/RSA/analyses/emotion_high_low_predictors/results/2nd_level/sub-18_emotion_high_low_predictors.gfeat/cope11.feat/stats/cope1.nii.gz
18,12,/data00/leonardo/RSA/analyses/emotion_high_low_predictors/results/2nd_level/sub-18_emotion_high_low_predictors.gfeat/cope12.feat/stats/cope1.nii.gz
18,13,/data00/leonardo/RSA/analyses/emotion_high_low_predictors/results/2nd_level/sub-18_emotion_high_low_predictors.gfeat/cope13.feat/stats/cope1.nii.gz
18,14,/data00/leonardo/RSA/analyses/emotion_high_low_predictors/results/2nd_level/sub-18_emotion_high_low_predictors.gfeat/cope14.feat/stats/cope1.nii.gz
19,1,/data00/leonardo/RSA/analyses/emotion_high_low_predictors/results/2nd_level/sub-19_emotion_high_low_predictors.gfeat/cope1.feat/stats/cope1.nii.gz
19,2,/data00/leonardo/RSA/analyses/emotion_high_low_predictors/results/2nd_level/sub-19_emotion_high_low_predictors.gfeat/cope2.feat/stats/cope1.nii.gz
19,3,/data00/leonardo/RSA/analyses/emotion_high_low_predictors/results/2nd_level/sub-19_emotion_high_low_predictors.gfeat/cope3.feat/stats/cope1.nii.gz
19,4,/data00/leonardo/RSA/analyses/emotion_high_low_predictors/results/2nd_level/sub-19_emotion_high_low_predictors.gfeat/cope4.feat/stats/cope1.nii.gz
19,5,/data00/leonardo/RSA/analyses/emotion_high_low_predictors/results/2nd_level/sub-19_emotion_high_low_predictors.gfeat/cope5.feat/stats/cope1.nii.gz
19,6,/data00/leonardo/RSA/analyses/emotion_high_low_predictors/results/2nd_level/sub-19_emotion_high_low_predictors.gfeat/cope6.feat/stats/cope1.nii.gz
19,7,/data00/leonardo/RSA/analyses/emotion_high_low_predictors/results/2nd_level/sub-19_emotion_high_low_predictors.gfeat/cope7.feat/stats/cope1.nii.gz
19,8,/data00/leonardo/RSA/analyses/emotion_high_low_predictors/results/2nd_level/sub-19_emotion_high_low_predictors.gfeat/cope8.feat/stats/cope1.nii.gz
19,9,/data00/leonardo/RSA/analyses/emotion_high_low_predictors/results/2nd_level/sub-19_emotion_high_low_predictors.gfeat/cope9.feat/stats/cope1.nii.gz
19,10,/data00/leonardo/RSA/analyses/emotion_high_low_predictors/results/2nd_level/sub-19_emotion_high_low_predictors.gfeat/cope10.feat/stats/cope1.nii.gz
19,11,/data00/leonardo/RSA/analyses/emotion_high_low_predictors/results/2nd_level/sub-19_emotion_high_low_predictors.gfeat/cope11.feat/stats/cope1.nii.gz
19,12,/data00/leonardo/RSA/analyses/emotion_high_low_predictors/results/2nd_level/sub-19_emotion_high_low_predictors.gfeat/cope12.feat/stats/cope1.nii.gz
19,13,/data00/leonardo/RSA/analyses/emotion_high_low_predictors/results/2nd_level/sub-19_emotion_high_low_predictors.gfeat/cope13.feat/stats/cope1.nii.gz
19,14,/data00/leonardo/RSA/analyses/emotion_high_low_predictors/results/2nd_level/sub-19_emotion_high_low_predictors.gfeat/cope14.feat/stats/cope1.nii.gz
20,1,/data00/leonardo/RSA/analyses/emotion_high_low_predictors/results/2nd_level/sub-20_emotion_high_low_predictors.gfeat/cope1.feat/stats/cope1.nii.gz
20,2,/data00/leonardo/RSA/analyses/emotion_high_low_predictors/results/2nd_level/sub-20_emotion_high_low_predictors.gfeat/cope2.feat/stats/cope1.nii.gz
20,3,/data00/leonardo/RSA/analyses/emotion_high_low_predictors/results/2nd_level/sub-20_emotion_high_low_predictors.gfeat/cope3.feat/stats/cope1.nii.gz
20,4,/data00/leonardo/RSA/analyses/emotion_high_low_predictors/results/2nd_level/sub-20_emotion_high_low_predictors.gfeat/cope4.feat/stats/cope1.nii.gz
20,5,/data00/leonardo/RSA/analyses/emotion_high_low_predictors/results/2nd_level/sub-20_emotion_high_low_predictors.gfeat/cope5.feat/stats/cope1.nii.gz
20,6,/data00/leonardo/RSA/analyses/emotion_high_low_predictors/results/2nd_level/sub-20_emotion_high_low_predictors.gfeat/cope6.feat/stats/cope1.nii.gz
20,7,/data00/leonardo/RSA/analyses/emotion_high_low_predictors/results/2nd_level/sub-20_emotion_high_low_predictors.gfeat/cope7.feat/stats/cope1.nii.gz
20,8,/data00/leonardo/RSA/analyses/emotion_high_low_predictors/results/2nd_level/sub-20_emotion_high_low_predictors.gfeat/cope8.feat/stats/cope1.nii.gz
20,9,/data00/leonardo/RSA/analyses/emotion_high_low_predictors/results/2nd_level/sub-20_emotion_high_low_predictors.gfeat/cope9.feat/stats/cope1.nii.gz
20,10,/data00/leonardo/RSA/analyses/emotion_high_low_predictors/results/2nd_level/sub-20_emotion_high_low_predictors.gfeat/cope10.feat/stats/cope1.nii.gz
20,11,/data00/leonardo/RSA/analyses/emotion_high_low_predictors/results/2nd_level/sub-20_emotion_high_low_predictors.gfeat/cope11.feat/stats/cope1.nii.gz
20,12,/data00/leonardo/RSA/analyses/emotion_high_low_predictors/results/2nd_level/sub-20_emotion_high_low_predictors.gfeat/cope12.feat/stats/cope1.nii.gz
20,13,/data00/leonardo/RSA/analyses/emotion_high_low_predictors/results/2nd_level/sub-20_emotion_high_low_predictors.gfeat/cope13.feat/stats/cope1.nii.gz
20,14,/data00/leonardo/RSA/analyses/emotion_high_low_predictors/results/2nd_level/sub-20_emotion_high_low_predictors.gfeat/cope14.feat/stats/cope1.nii.gz
21,1,/data00/leonardo/RSA/analyses/emotion_high_low_predictors/results/2nd_level/sub-21_emotion_high_low_predictors.gfeat/cope1.feat/stats/cope1.nii.gz
21,2,/data00/leonardo/RSA/analyses/emotion_high_low_predictors/results/2nd_level/sub-21_emotion_high_low_predictors.gfeat/cope2.feat/stats/cope1.nii.gz
21,3,/data00/leonardo/RSA/analyses/emotion_high_low_predictors/results/2nd_level/sub-21_emotion_high_low_predictors.gfeat/cope3.feat/stats/cope1.nii.gz
21,4,/data00/leonardo/RSA/analyses/emotion_high_low_predictors/results/2nd_level/sub-21_emotion_high_low_predictors.gfeat/cope4.feat/stats/cope1.nii.gz
21,5,/data00/leonardo/RSA/analyses/emotion_high_low_predictors/results/2nd_level/sub-21_emotion_high_low_predictors.gfeat/cope5.feat/stats/cope1.nii.gz
21,6,/data00/leonardo/RSA/analyses/emotion_high_low_predictors/results/2nd_level/sub-21_emotion_high_low_predictors.gfeat/cope6.feat/stats/cope1.nii.gz
21,7,/data00/leonardo/RSA/analyses/emotion_high_low_predictors/results/2nd_level/sub-21_emotion_high_low_predictors.gfeat/cope7.feat/stats/cope1.nii.gz
21,8,/data00/leonardo/RSA/analyses/emotion_high_low_predictors/results/2nd_level/sub-21_emotion_high_low_predictors.gfeat/cope8.feat/stats/cope1.nii.gz
21,9,/data00/leonardo/RSA/analyses/emotion_high_low_predictors/results/2nd_level/sub-21_emotion_high_low_predictors.gfeat/cope9.feat/stats/cope1.nii.gz
21,10,/data00/leonardo/RSA/analyses/emotion_high_low_predictors/results/2nd_level/sub-21_emotion_high_low_predictors.gfeat/cope10.feat/stats/cope1.nii.gz
21,11,/data00/leonardo/RSA/analyses/emotion_high_low_predictors/results/2nd_level/sub-21_emotion_high_low_predictors.gfeat/cope11.feat/stats/cope1.nii.gz
21,12,/data00/leonardo/RSA/analyses/emotion_high_low_predictors/results/2nd_level/sub-21_emotion_high_low_predictors.gfeat/cope12.feat/stats/cope1.nii.gz
21,13,/data00/leonardo/RSA/analyses/emotion_high_low_predictors/results/2nd_level/sub-21_emotion_high_low_predictors.gfeat/cope13.feat/stats/cope1.nii.gz
21,14,/data00/leonardo/RSA/analyses/emotion_high_low_predictors/results/2nd_level/sub-21_emotion_high_low_predictors.gfeat/cope14.feat/stats/cope1.nii.gz
22,1,/data00/leonardo/RSA/analyses/emotion_high_low_predictors/results/2nd_level/sub-22_emotion_high_low_predictors.gfeat/cope1.feat/stats/cope1.nii.gz
22,2,/data00/leonardo/RSA/analyses/emotion_high_low_predictors/results/2nd_level/sub-22_emotion_high_low_predictors.gfeat/cope2.feat/stats/cope1.nii.gz
22,3,/data00/leonardo/RSA/analyses/emotion_high_low_predictors/results/2nd_level/sub-22_emotion_high_low_predictors.gfeat/cope3.feat/stats/cope1.nii.gz
22,4,/data00/leonardo/RSA/analyses/emotion_high_low_predictors/results/2nd_level/sub-22_emotion_high_low_predictors.gfeat/cope4.feat/stats/cope1.nii.gz
22,5,/data00/leonardo/RSA/analyses/emotion_high_low_predictors/results/2nd_level/sub-22_emotion_high_low_predictors.gfeat/cope5.feat/stats/cope1.nii.gz
22,6,/data00/leonardo/RSA/analyses/emotion_high_low_predictors/results/2nd_level/sub-22_emotion_high_low_predictors.gfeat/cope6.feat/stats/cope1.nii.gz
22,7,/data00/leonardo/RSA/analyses/emotion_high_low_predictors/results/2nd_level/sub-22_emotion_high_low_predictors.gfeat/cope7.feat/stats/cope1.nii.gz
22,8,/data00/leonardo/RSA/analyses/emotion_high_low_predictors/results/2nd_level/sub-22_emotion_high_low_predictors.gfeat/cope8.feat/stats/cope1.nii.gz
22,9,/data00/leonardo/RSA/analyses/emotion_high_low_predictors/results/2nd_level/sub-22_emotion_high_low_predictors.gfeat/cope9.feat/stats/cope1.nii.gz
22,10,/data00/leonardo/RSA/analyses/emotion_high_low_predictors/results/2nd_level/sub-22_emotion_high_low_predictors.gfeat/cope10.feat/stats/cope1.nii.gz
22,11,/data00/leonardo/RSA/analyses/emotion_high_low_predictors/results/2nd_level/sub-22_emotion_high_low_predictors.gfeat/cope11.feat/stats/cope1.nii.gz
22,12,/data00/leonardo/RSA/analyses/emotion_high_low_predictors/results/2nd_level/sub-22_emotion_high_low_predictors.gfeat/cope12.feat/stats/cope1.nii.gz
22,13,/data00/leonardo/RSA/analyses/emotion_high_low_predictors/results/2nd_level/sub-22_emotion_high_low_predictors.gfeat/cope13.feat/stats/cope1.nii.gz
22,14,/data00/leonardo/RSA/analyses/emotion_high_low_predictors/results/2nd_level/sub-22_emotion_high_low_predictors.gfeat/cope14.feat/stats/cope1.nii.gz
23,1,/data00/leonardo/RSA/analyses/emotion_high_low_predictors/results/2nd_level/sub-23_emotion_high_low_predictors.gfeat/cope1.feat/stats/cope1.nii.gz
23,2,/data00/leonardo/RSA/analyses/emotion_high_low_predictors/results/2nd_level/sub-23_emotion_high_low_predictors.gfeat/cope2.feat/stats/cope1.nii.gz
23,3,/data00/leonardo/RSA/analyses/emotion_high_low_predictors/results/2nd_level/sub-23_emotion_high_low_predictors.gfeat/cope3.feat/stats/cope1.nii.gz
23,4,/data00/leonardo/RSA/analyses/emotion_high_low_predictors/results/2nd_level/sub-23_emotion_high_low_predictors.gfeat/cope4.feat/stats/cope1.nii.gz
23,5,/data00/leonardo/RSA/analyses/emotion_high_low_predictors/results/2nd_level/sub-23_emotion_high_low_predictors.gfeat/cope5.feat/stats/cope1.nii.gz
23,6,/data00/leonardo/RSA/analyses/emotion_high_low_predictors/results/2nd_level/sub-23_emotion_high_low_predictors.gfeat/cope6.feat/stats/cope1.nii.gz
23,7,/data00/leonardo/RSA/analyses/emotion_high_low_predictors/results/2nd_level/sub-23_emotion_high_low_predictors.gfeat/cope7.feat/stats/cope1.nii.gz
23,8,/data00/leonardo/RSA/analyses/emotion_high_low_predictors/results/2nd_level/sub-23_emotion_high_low_predictors.gfeat/cope8.feat/stats/cope1.nii.gz
23,9,/data00/leonardo/RSA/analyses/emotion_high_low_predictors/results/2nd_level/sub-23_emotion_high_low_predictors.gfeat/cope9.feat/stats/cope1.nii.gz
23,10,/data00/leonardo/RSA/analyses/emotion_high_low_predictors/results/2nd_level/sub-23_emotion_high_low_predictors.gfeat/cope10.feat/stats/cope1.nii.gz
23,11,/data00/leonardo/RSA/analyses/emotion_high_low_predictors/results/2nd_level/sub-23_emotion_high_low_predictors.gfeat/cope11.feat/stats/cope1.nii.gz
23,12,/data00/leonardo/RSA/analyses/emotion_high_low_predictors/results/2nd_level/sub-23_emotion_high_low_predictors.gfeat/cope12.feat/stats/cope1.nii.gz
23,13,/data00/leonardo/RSA/analyses/emotion_high_low_predictors/results/2nd_level/sub-23_emotion_high_low_predictors.gfeat/cope13.feat/stats/cope1.nii.gz
23,14,/data00/leonardo/RSA/analyses/emotion_high_low_predictors/results/2nd_level/sub-23_emotion_high_low_predictors.gfeat/cope14.feat/stats/cope1.nii.gz
24,1,/data00/leonardo/RSA/analyses/emotion_high_low_predictors/results/2nd_level/sub-24_emotion_high_low_predictors.gfeat/cope1.feat/stats/cope1.nii.gz
24,2,/data00/leonardo/RSA/analyses/emotion_high_low_predictors/results/2nd_level/sub-24_emotion_high_low_predictors.gfeat/cope2.feat/stats/cope1.nii.gz
24,3,/data00/leonardo/RSA/analyses/emotion_high_low_predictors/results/2nd_level/sub-24_emotion_high_low_predictors.gfeat/cope3.feat/stats/cope1.nii.gz
24,4,/data00/leonardo/RSA/analyses/emotion_high_low_predictors/results/2nd_level/sub-24_emotion_high_low_predictors.gfeat/cope4.feat/stats/cope1.nii.gz
24,5,/data00/leonardo/RSA/analyses/emotion_high_low_predictors/results/2nd_level/sub-24_emotion_high_low_predictors.gfeat/cope5.feat/stats/cope1.nii.gz
24,6,/data00/leonardo/RSA/analyses/emotion_high_low_predictors/results/2nd_level/sub-24_emotion_high_low_predictors.gfeat/cope6.feat/stats/cope1.nii.gz
24,7,/data00/leonardo/RSA/analyses/emotion_high_low_predictors/results/2nd_level/sub-24_emotion_high_low_predictors.gfeat/cope7.feat/stats/cope1.nii.gz
24,8,/data00/leonardo/RSA/analyses/emotion_high_low_predictors/results/2nd_level/sub-24_emotion_high_low_predictors.gfeat/cope8.feat/stats/cope1.nii.gz
24,9,/data00/leonardo/RSA/analyses/emotion_high_low_predictors/results/2nd_level/sub-24_emotion_high_low_predictors.gfeat/cope9.feat/stats/cope1.nii.gz
24,10,/data00/leonardo/RSA/analyses/emotion_high_low_predictors/results/2nd_level/sub-24_emotion_high_low_predictors.gfeat/cope10.feat/stats/cope1.nii.gz
24,11,/data00/leonardo/RSA/analyses/emotion_high_low_predictors/results/2nd_level/sub-24_emotion_high_low_predictors.gfeat/cope11.feat/stats/cope1.nii.gz
24,12,/data00/leonardo/RSA/analyses/emotion_high_low_predictors/results/2nd_level/sub-24_emotion_high_low_predictors.gfeat/cope12.feat/stats/cope1.nii.gz
24,13,/data00/leonardo/RSA/analyses/emotion_high_low_predictors/results/2nd_level/sub-24_emotion_high_low_predictors.gfeat/cope13.feat/stats/cope1.nii.gz
24,14,/data00/leonardo/RSA/analyses/emotion_high_low_predictors/results/2nd_level/sub-24_emotion_high_low_predictors.gfeat/cope14.feat/stats/cope1.nii.gz
26,1,/data00/leonardo/RSA/analyses/emotion_high_low_predictors/results/2nd_level/sub-26_emotion_high_low_predictors.gfeat/cope1.feat/stats/cope1.nii.gz
26,2,/data00/leonardo/RSA/analyses/emotion_high_low_predictors/results/2nd_level/sub-26_emotion_high_low_predictors.gfeat/cope2.feat/stats/cope1.nii.gz
26,3,/data00/leonardo/RSA/analyses/emotion_high_low_predictors/results/2nd_level/sub-26_emotion_high_low_predictors.gfeat/cope3.feat/stats/cope1.nii.gz
26,4,/data00/leonardo/RSA/analyses/emotion_high_low_predictors/results/2nd_level/sub-26_emotion_high_low_predictors.gfeat/cope4.feat/stats/cope1.nii.gz
26,5,/data00/leonardo/RSA/analyses/emotion_high_low_predictors/results/2nd_level/sub-26_emotion_high_low_predictors.gfeat/cope5.feat/stats/cope1.nii.gz
26,6,/data00/leonardo/RSA/analyses/emotion_high_low_predictors/results/2nd_level/sub-26_emotion_high_low_predictors.gfeat/cope6.feat/stats/cope1.nii.gz
26,7,/data00/leonardo/RSA/analyses/emotion_high_low_predictors/results/2nd_level/sub-26_emotion_high_low_predictors.gfeat/cope7.feat/stats/cope1.nii.gz
26,8,/data00/leonardo/RSA/analyses/emotion_high_low_predictors/results/2nd_level/sub-26_emotion_high_low_predictors.gfeat/cope8.feat/stats/cope1.nii.gz
26,9,/data00/leonardo/RSA/analyses/emotion_high_low_predictors/results/2nd_level/sub-26_emotion_high_low_predictors.gfeat/cope9.feat/stats/cope1.nii.gz
26,10,/data00/leonardo/RSA/analyses/emotion_high_low_predictors/results/2nd_level/sub-26_emotion_high_low_predictors.gfeat/cope10.feat/stats/cope1.nii.gz
26,11,/data00/leonardo/RSA/analyses/emotion_high_low_predictors/results/2nd_level/sub-26_emotion_high_low_predictors.gfeat/cope11.feat/stats/cope1.nii.gz
26,12,/data00/leonardo/RSA/analyses/emotion_high_low_predictors/results/2nd_level/sub-26_emotion_high_low_predictors.gfeat/cope12.feat/stats/cope1.nii.gz
26,13,/data00/leonardo/RSA/analyses/emotion_high_low_predictors/results/2nd_level/sub-26_emotion_high_low_predictors.gfeat/cope13.feat/stats/cope1.nii.gz
26,14,/data00/leonardo/RSA/analyses/emotion_high_low_predictors/results/2nd_level/sub-26_emotion_high_low_predictors.gfeat/cope14.feat/stats/cope1.nii.gz
27,1,/data00/leonardo/RSA/analyses/emotion_high_low_predictors/results/2nd_level/sub-27_emotion_high_low_predictors.gfeat/cope1.feat/stats/cope1.nii.gz
27,2,/data00/leonardo/RSA/analyses/emotion_high_low_predictors/results/2nd_level/sub-27_emotion_high_low_predictors.gfeat/cope2.feat/stats/cope1.nii.gz
27,3,/data00/leonardo/RSA/analyses/emotion_high_low_predictors/results/2nd_level/sub-27_emotion_high_low_predictors.gfeat/cope3.feat/stats/cope1.nii.gz
27,4,/data00/leonardo/RSA/analyses/emotion_high_low_predictors/results/2nd_level/sub-27_emotion_high_low_predictors.gfeat/cope4.feat/stats/cope1.nii.gz
27,5,/data00/leonardo/RSA/analyses/emotion_high_low_predictors/results/2nd_level/sub-27_emotion_high_low_predictors.gfeat/cope5.feat/stats/cope1.nii.gz
27,6,/data00/leonardo/RSA/analyses/emotion_high_low_predictors/results/2nd_level/sub-27_emotion_high_low_predictors.gfeat/cope6.feat/stats/cope1.nii.gz
27,7,/data00/leonardo/RSA/analyses/emotion_high_low_predictors/results/2nd_level/sub-27_emotion_high_low_predictors.gfeat/cope7.feat/stats/cope1.nii.gz
27,8,/data00/leonardo/RSA/analyses/emotion_high_low_predictors/results/2nd_level/sub-27_emotion_high_low_predictors.gfeat/cope8.feat/stats/cope1.nii.gz
27,9,/data00/leonardo/RSA/analyses/emotion_high_low_predictors/results/2nd_level/sub-27_emotion_high_low_predictors.gfeat/cope9.feat/stats/cope1.nii.gz
27,10,/data00/leonardo/RSA/analyses/emotion_high_low_predictors/results/2nd_level/sub-27_emotion_high_low_predictors.gfeat/cope10.feat/stats/cope1.nii.gz
27,11,/data00/leonardo/RSA/analyses/emotion_high_low_predictors/results/2nd_level/sub-27_emotion_high_low_predictors.gfeat/cope11.feat/stats/cope1.nii.gz
27,12,/data00/leonardo/RSA/analyses/emotion_high_low_predictors/results/2nd_level/sub-27_emotion_high_low_predictors.gfeat/cope12.feat/stats/cope1.nii.gz
27,13,/data00/leonardo/RSA/analyses/emotion_high_low_predictors/results/2nd_level/sub-27_emotion_high_low_predictors.gfeat/cope13.feat/stats/cope1.nii.gz
27,14,/data00/leonardo/RSA/analyses/emotion_high_low_predictors/results/2nd_level/sub-27_emotion_high_low_predictors.gfeat/cope14.feat/stats/cope1.nii.gz
28,1,/data00/leonardo/RSA/analyses/emotion_high_low_predictors/results/2nd_level/sub-28_emotion_high_low_predictors.gfeat/cope1.feat/stats/cope1.nii.gz
28,2,/data00/leonardo/RSA/analyses/emotion_high_low_predictors/results/2nd_level/sub-28_emotion_high_low_predictors.gfeat/cope2.feat/stats/cope1.nii.gz
28,3,/data00/leonardo/RSA/analyses/emotion_high_low_predictors/results/2nd_level/sub-28_emotion_high_low_predictors.gfeat/cope3.feat/stats/cope1.nii.gz
28,4,/data00/leonardo/RSA/analyses/emotion_high_low_predictors/results/2nd_level/sub-28_emotion_high_low_predictors.gfeat/cope4.feat/stats/cope1.nii.gz
28,5,/data00/leonardo/RSA/analyses/emotion_high_low_predictors/results/2nd_level/sub-28_emotion_high_low_predictors.gfeat/cope5.feat/stats/cope1.nii.gz
28,6,/data00/leonardo/RSA/analyses/emotion_high_low_predictors/results/2nd_level/sub-28_emotion_high_low_predictors.gfeat/cope6.feat/stats/cope1.nii.gz
28,7,/data00/leonardo/RSA/analyses/emotion_high_low_predictors/results/2nd_level/sub-28_emotion_high_low_predictors.gfeat/cope7.feat/stats/cope1.nii.gz
28,8,/data00/leonardo/RSA/analyses/emotion_high_low_predictors/results/2nd_level/sub-28_emotion_high_low_predictors.gfeat/cope8.feat/stats/cope1.nii.gz
28,9,/data00/leonardo/RSA/analyses/emotion_high_low_predictors/results/2nd_level/sub-28_emotion_high_low_predictors.gfeat/cope9.feat/stats/cope1.nii.gz
28,10,/data00/leonardo/RSA/analyses/emotion_high_low_predictors/results/2nd_level/sub-28_emotion_high_low_predictors.gfeat/cope10.feat/stats/cope1.nii.gz
28,11,/data00/leonardo/RSA/analyses/emotion_high_low_predictors/results/2nd_level/sub-28_emotion_high_low_predictors.gfeat/cope11.feat/stats/cope1.nii.gz
28,12,/data00/leonardo/RSA/analyses/emotion_high_low_predictors/results/2nd_level/sub-28_emotion_high_low_predictors.gfeat/cope12.feat/stats/cope1.nii.gz
28,13,/data00/leonardo/RSA/analyses/emotion_high_low_predictors/results/2nd_level/sub-28_emotion_high_low_predictors.gfeat/cope13.feat/stats/cope1.nii.gz
28,14,/data00/leonardo/RSA/analyses/emotion_high_low_predictors/results/2nd_level/sub-28_emotion_high_low_predictors.gfeat/cope14.feat/stats/cope1.nii.gz
29,1,/data00/leonardo/RSA/analyses/emotion_high_low_predictors/results/2nd_level/sub-29_emotion_high_low_predictors.gfeat/cope1.feat/stats/cope1.nii.gz
29,2,/data00/leonardo/RSA/analyses/emotion_high_low_predictors/results/2nd_level/sub-29_emotion_high_low_predictors.gfeat/cope2.feat/stats/cope1.nii.gz
29,3,/data00/leonardo/RSA/analyses/emotion_high_low_predictors/results/2nd_level/sub-29_emotion_high_low_predictors.gfeat/cope3.feat/stats/cope1.nii.gz
29,4,/data00/leonardo/RSA/analyses/emotion_high_low_predictors/results/2nd_level/sub-29_emotion_high_low_predictors.gfeat/cope4.feat/stats/cope1.nii.gz
29,5,/data00/leonardo/RSA/analyses/emotion_high_low_predictors/results/2nd_level/sub-29_emotion_high_low_predictors.gfeat/cope5.feat/stats/cope1.nii.gz
29,6,/data00/leonardo/RSA/analyses/emotion_high_low_predictors/results/2nd_level/sub-29_emotion_high_low_predictors.gfeat/cope6.feat/stats/cope1.nii.gz
29,7,/data00/leonardo/RSA/analyses/emotion_high_low_predictors/results/2nd_level/sub-29_emotion_high_low_predictors.gfeat/cope7.feat/stats/cope1.nii.gz
29,8,/data00/leonardo/RSA/analyses/emotion_high_low_predictors/results/2nd_level/sub-29_emotion_high_low_predictors.gfeat/cope8.feat/stats/cope1.nii.gz
29,9,/data00/leonardo/RSA/analyses/emotion_high_low_predictors/results/2nd_level/sub-29_emotion_high_low_predictors.gfeat/cope9.feat/stats/cope1.nii.gz
29,10,/data00/leonardo/RSA/analyses/emotion_high_low_predictors/results/2nd_level/sub-29_emotion_high_low_predictors.gfeat/cope10.feat/stats/cope1.nii.gz
29,11,/data00/leonardo/RSA/analyses/emotion_high_low_predictors/results/2nd_level/sub-29_emotion_high_low_predictors.gfeat/cope11.feat/stats/cope1.nii.gz
29,12,/data00/leonardo/RSA/analyses/emotion_high_low_predictors/results/2nd_level/sub-29_emotion_high_low_predictors.gfeat/cope12.feat/stats/cope1.nii.gz
29,13,/data00/leonardo/RSA/analyses/emotion_high_low_predictors/results/2nd_level/sub-29_emotion_high_low_predictors.gfeat/cope13.feat/stats/cope1.nii.gz
29,14,/data00/leonardo/RSA/analyses/emotion_high_low_predictors/results/2nd_level/sub-29_emotion_high_low_predictors.gfeat/cope14.feat/stats/cope1.nii.gz
30,1,/data00/leonardo/RSA/analyses/emotion_high_low_predictors/results/2nd_level/sub-30_emotion_high_low_predictors.gfeat/cope1.feat/stats/cope1.nii.gz
30,2,/data00/leonardo/RSA/analyses/emotion_high_low_predictors/results/2nd_level/sub-30_emotion_high_low_predictors.gfeat/cope2.feat/stats/cope1.nii.gz
30,3,/data00/leonardo/RSA/analyses/emotion_high_low_predictors/results/2nd_level/sub-30_emotion_high_low_predictors.gfeat/cope3.feat/stats/cope1.nii.gz
30,4,/data00/leonardo/RSA/analyses/emotion_high_low_predictors/results/2nd_level/sub-30_emotion_high_low_predictors.gfeat/cope4.feat/stats/cope1.nii.gz
30,5,/data00/leonardo/RSA/analyses/emotion_high_low_predictors/results/2nd_level/sub-30_emotion_high_low_predictors.gfeat/cope5.feat/stats/cope1.nii.gz
30,6,/data00/leonardo/RSA/analyses/emotion_high_low_predictors/results/2nd_level/sub-30_emotion_high_low_predictors.gfeat/cope6.feat/stats/cope1.nii.gz
30,7,/data00/leonardo/RSA/analyses/emotion_high_low_predictors/results/2nd_level/sub-30_emotion_high_low_predictors.gfeat/cope7.feat/stats/cope1.nii.gz
30,8,/data00/leonardo/RSA/analyses/emotion_high_low_predictors/results/2nd_level/sub-30_emotion_high_low_predictors.gfeat/cope8.feat/stats/cope1.nii.gz
30,9,/data00/leonardo/RSA/analyses/emotion_high_low_predictors/results/2nd_level/sub-30_emotion_high_low_predictors.gfeat/cope9.feat/stats/cope1.nii.gz
30,10,/data00/leonardo/RSA/analyses/emotion_high_low_predictors/results/2nd_level/sub-30_emotion_high_low_predictors.gfeat/cope10.feat/stats/cope1.nii.gz
30,11,/data00/leonardo/RSA/analyses/emotion_high_low_predictors/results/2nd_level/sub-30_emotion_high_low_predictors.gfeat/cope11.feat/stats/cope1.nii.gz
30,12,/data00/leonardo/RSA/analyses/emotion_high_low_predictors/results/2nd_level/sub-30_emotion_high_low_predictors.gfeat/cope12.feat/stats/cope1.nii.gz
30,13,/data00/leonardo/RSA/analyses/emotion_high_low_predictors/results/2nd_level/sub-30_emotion_high_low_predictors.gfeat/cope13.feat/stats/cope1.nii.gz
30,14,/data00/leonardo/RSA/analyses/emotion_high_low_predictors/results/2nd_level/sub-30_emotion_high_low_predictors.gfeat/cope14.feat/stats/cope1.nii.gz
31,1,/data00/leonardo/RSA/analyses/emotion_high_low_predictors/results/2nd_level/sub-31_emotion_high_low_predictors.gfeat/cope1.feat/stats/cope1.nii.gz
31,2,/data00/leonardo/RSA/analyses/emotion_high_low_predictors/results/2nd_level/sub-31_emotion_high_low_predictors.gfeat/cope2.feat/stats/cope1.nii.gz
31,3,/data00/leonardo/RSA/analyses/emotion_high_low_predictors/results/2nd_level/sub-31_emotion_high_low_predictors.gfeat/cope3.feat/stats/cope1.nii.gz
31,4,/data00/leonardo/RSA/analyses/emotion_high_low_predictors/results/2nd_level/sub-31_emotion_high_low_predictors.gfeat/cope4.feat/stats/cope1.nii.gz
31,5,/data00/leonardo/RSA/analyses/emotion_high_low_predictors/results/2nd_level/sub-31_emotion_high_low_predictors.gfeat/cope5.feat/stats/cope1.nii.gz
31,6,/data00/leonardo/RSA/analyses/emotion_high_low_predictors/results/2nd_level/sub-31_emotion_high_low_predictors.gfeat/cope6.feat/stats/cope1.nii.gz
31,7,/data00/leonardo/RSA/analyses/emotion_high_low_predictors/results/2nd_level/sub-31_emotion_high_low_predictors.gfeat/cope7.feat/stats/cope1.nii.gz
31,8,/data00/leonardo/RSA/analyses/emotion_high_low_predictors/results/2nd_level/sub-31_emotion_high_low_predictors.gfeat/cope8.feat/stats/cope1.nii.gz
31,9,/data00/leonardo/RSA/analyses/emotion_high_low_predictors/results/2nd_level/sub-31_emotion_high_low_predictors.gfeat/cope9.feat/stats/cope1.nii.gz
31,10,/data00/leonardo/RSA/analyses/emotion_high_low_predictors/results/2nd_level/sub-31_emotion_high_low_predictors.gfeat/cope10.feat/stats/cope1.nii.gz
31,11,/data00/leonardo/RSA/analyses/emotion_high_low_predictors/results/2nd_level/sub-31_emotion_high_low_predictors.gfeat/cope11.feat/stats/cope1.nii.gz
31,12,/data00/leonardo/RSA/analyses/emotion_high_low_predictors/results/2nd_level/sub-31_emotion_high_low_predictors.gfeat/cope12.feat/stats/cope1.nii.gz
31,13,/data00/leonardo/RSA/analyses/emotion_high_low_predictors/results/2nd_level/sub-31_emotion_high_low_predictors.gfeat/cope13.feat/stats/cope1.nii.gz
31,14,/data00/leonardo/RSA/analyses/emotion_high_low_predictors/results/2nd_level/sub-31_emotion_high_low_predictors.gfeat/cope14.feat/stats/cope1.nii.gz
32,1,/data00/leonardo/RSA/analyses/emotion_high_low_predictors/results/2nd_level/sub-32_emotion_high_low_predictors.gfeat/cope1.feat/stats/cope1.nii.gz
32,2,/data00/leonardo/RSA/analyses/emotion_high_low_predictors/results/2nd_level/sub-32_emotion_high_low_predictors.gfeat/cope2.feat/stats/cope1.nii.gz
32,3,/data00/leonardo/RSA/analyses/emotion_high_low_predictors/results/2nd_level/sub-32_emotion_high_low_predictors.gfeat/cope3.feat/stats/cope1.nii.gz
32,4,/data00/leonardo/RSA/analyses/emotion_high_low_predictors/results/2nd_level/sub-32_emotion_high_low_predictors.gfeat/cope4.feat/stats/cope1.nii.gz
32,5,/data00/leonardo/RSA/analyses/emotion_high_low_predictors/results/2nd_level/sub-32_emotion_high_low_predictors.gfeat/cope5.feat/stats/cope1.nii.gz
32,6,/data00/leonardo/RSA/analyses/emotion_high_low_predictors/results/2nd_level/sub-32_emotion_high_low_predictors.gfeat/cope6.feat/stats/cope1.nii.gz
32,7,/data00/leonardo/RSA/analyses/emotion_high_low_predictors/results/2nd_level/sub-32_emotion_high_low_predictors.gfeat/cope7.feat/stats/cope1.nii.gz
32,8,/data00/leonardo/RSA/analyses/emotion_high_low_predictors/results/2nd_level/sub-32_emotion_high_low_predictors.gfeat/cope8.feat/stats/cope1.nii.gz
32,9,/data00/leonardo/RSA/analyses/emotion_high_low_predictors/results/2nd_level/sub-32_emotion_high_low_predictors.gfeat/cope9.feat/stats/cope1.nii.gz
32,10,/data00/leonardo/RSA/analyses/emotion_high_low_predictors/results/2nd_level/sub-32_emotion_high_low_predictors.gfeat/cope10.feat/stats/cope1.nii.gz
32,11,/data00/leonardo/RSA/analyses/emotion_high_low_predictors/results/2nd_level/sub-32_emotion_high_low_predictors.gfeat/cope11.feat/stats/cope1.nii.gz
32,12,/data00/leonardo/RSA/analyses/emotion_high_low_predictors/results/2nd_level/sub-32_emotion_high_low_predictors.gfeat/cope12.feat/stats/cope1.nii.gz
32,13,/data00/leonardo/RSA/analyses/emotion_high_low_predictors/results/2nd_level/sub-32_emotion_high_low_predictors.gfeat/cope13.feat/stats/cope1.nii.gz
32,14,/data00/leonardo/RSA/analyses/emotion_high_low_predictors/results/2nd_level/sub-32_emotion_high_low_predictors.gfeat/cope14.feat/stats/cope1.nii.gz
34,1,/data00/leonardo/RSA/analyses/emotion_high_low_predictors/results/2nd_level/sub-34_emotion_high_low_predictors.gfeat/cope1.feat/stats/cope1.nii.gz
34,2,/data00/leonardo/RSA/analyses/emotion_high_low_predictors/results/2nd_level/sub-34_emotion_high_low_predictors.gfeat/cope2.feat/stats/cope1.nii.gz
34,3,/data00/leonardo/RSA/analyses/emotion_high_low_predictors/results/2nd_level/sub-34_emotion_high_low_predictors.gfeat/cope3.feat/stats/cope1.nii.gz
34,4,/data00/leonardo/RSA/analyses/emotion_high_low_predictors/results/2nd_level/sub-34_emotion_high_low_predictors.gfeat/cope4.feat/stats/cope1.nii.gz
34,5,/data00/leonardo/RSA/analyses/emotion_high_low_predictors/results/2nd_level/sub-34_emotion_high_low_predictors.gfeat/cope5.feat/stats/cope1.nii.gz
34,6,/data00/leonardo/RSA/analyses/emotion_high_low_predictors/results/2nd_level/sub-34_emotion_high_low_predictors.gfeat/cope6.feat/stats/cope1.nii.gz
34,7,/data00/leonardo/RSA/analyses/emotion_high_low_predictors/results/2nd_level/sub-34_emotion_high_low_predictors.gfeat/cope7.feat/stats/cope1.nii.gz
34,8,/data00/leonardo/RSA/analyses/emotion_high_low_predictors/results/2nd_level/sub-34_emotion_high_low_predictors.gfeat/cope8.feat/stats/cope1.nii.gz
34,9,/data00/leonardo/RSA/analyses/emotion_high_low_predictors/results/2nd_level/sub-34_emotion_high_low_predictors.gfeat/cope9.feat/stats/cope1.nii.gz
34,10,/data00/leonardo/RSA/analyses/emotion_high_low_predictors/results/2nd_level/sub-34_emotion_high_low_predictors.gfeat/cope10.feat/stats/cope1.nii.gz
34,11,/data00/leonardo/RSA/analyses/emotion_high_low_predictors/results/2nd_level/sub-34_emotion_high_low_predictors.gfeat/cope11.feat/stats/cope1.nii.gz
34,12,/data00/leonardo/RSA/analyses/emotion_high_low_predictors/results/2nd_level/sub-34_emotion_high_low_predictors.gfeat/cope12.feat/stats/cope1.nii.gz
34,13,/data00/leonardo/RSA/analyses/emotion_high_low_predictors/results/2nd_level/sub-34_emotion_high_low_predictors.gfeat/cope13.feat/stats/cope1.nii.gz
34,14,/data00/leonardo/RSA/analyses/emotion_high_low_predictors/results/2nd_level/sub-34_emotion_high_low_predictors.gfeat/cope14.feat/stats/cope1.nii.gz
