sub,video,emotion,r_anger,r_disgust,r_fear,r_happy,r_pain,r_sad,original_code,high_low_code,movie_cope_number,actor
02,AK_A_04.mp4,anger,6.5,2.2,1.2,0.1,2.2,1.1,AK_A_04,AK_A_low,2,AK
02,AL_A_03.mp4,anger,5.3,2.3,1.8,0.3,1.5,1.7,AL_A_03,AL_A_low,16,AL
02,BP_A_10.mp4,anger,5.2,2.3,0.9,0.6,1.6,1.6,BP_A_10,BP_A_low,30,BP
02,JvG_A_14.mp4,anger,6.2,2.6,1.4,0.5,1.8,1.6,JvG_A_14,JvG_A_low,44,JvG
02,AK_A_32.mp4,anger,7.5,3.5,2.1,0.3,4,1.3,AK_A_32,AK_A_high,1,AK
02,AL_A_20.mp4,anger,7.6,2.4,1.7,0.2,1.7,1.1,AL_A_20,AL_A_high,15,AL
02,BP_A_41.mp4,anger,7.5,2.1,1.8,0.4,2.3,1.3,BP_A_41,BP_A_high,29,BP
02,JvG_A_19.mp4,anger,7.6,2.4,1.5,0.3,2.2,1.7,JvG_A_19,JvG_A_high,43,JvG
02,AK_D_02.mp4,disgust,2.1,5.3,1.4,0.5,2.1,3.2,AK_D_02,AK_D_low,4,AK
02,AL_D_12.mp4,disgust,3.1,5.8,1,0.5,1.4,1.7,AL_D_12,AL_D_low,18,AL
02,BP_D_03.mp4,disgust,1.6,5.5,1.9,0.2,2.2,1.5,BP_D_03,BP_D_low,32,BP
02,JvG_D_02.mp4,disgust,1.7,6.1,2.1,0.2,2.3,2.2,JvG_D_02,JvG_D_low,46,JvG
02,AK_D_12.mp4,disgust,1.3,7.5,1.4,0.6,2.2,1.5,AK_D_12,AK_D_high,3,AK
02,AL_D_29.mp4,disgust,1.6,8,1,0.4,1.3,1.3,AL_D_29,AL_D_high,17,AL
02,BP_D_25.mp4,disgust,1.3,7.5,2.6,0.1,3.2,2,BP_D_25,BP_D_high,31,BP
02,JvG_D_23.mp4,disgust,1.8,7.6,1.6,0.1,2.8,1.2,JvG_D_23,JvG_D_high,45,JvG
02,AK_F_02.mp4,fear,1.8,2.5,4.7,0.2,2.5,0.9,AK_F_02,AK_F_low,6,AK
02,AL_F_08.mp4,fear,1,2.7,5.1,0.6,1.1,1.2,AL_F_08,AL_F_low,20,AL
02,BP_F_02.mp4,fear,1.2,1.7,4.9,0.2,1.7,1.2,BP_F_02,BP_F_low,34,BP
02,JvG_F_01.mp4,fear,1,3,5.1,0.6,2.6,2.7,JvG_F_01,JvG_F_low,48,JvG
02,AK_F_24.mp4,fear,1.4,2.6,6.3,0.2,3.2,1.4,AK_F_24,AK_F_high,5,AK
02,AL_F_46.mp4,fear,0.9,2.1,6.6,1,1.9,1,AL_F_46,AL_F_high,19,AL
02,BP_F_46.mp4,fear,1.6,3.2,6.6,0.2,2.2,0.8,BP_F_46,BP_F_high,33,BP
02,JvG_F_13.mp4,fear,1.3,3.2,7.2,0.5,4.8,3.6,JvG_F_13,JvG_F_high,47,JvG
02,AK_H_28.mp4,happy,0.2,0.4,0.1,6,0.3,0.7,AK_H_28,AK_H_low,8,AK
02,AL_H_03.mp4,happy,0.3,0.3,0.4,6,0.7,0.4,AL_H_03,AL_H_low,22,AL
02,BP_H_05.mp4,happy,0.4,0.5,0.3,6.1,0.2,0.5,BP_H_05,BP_H_low,36,BP
02,JvG_H_03.mp4,happy,0.4,0.3,0.5,5.8,0.6,0.5,JvG_H_03,JvG_H_low,50,JvG
02,AK_H_15.mp4,happy,0.2,0.2,0.2,7.8,0.2,0.4,AK_H_15,AK_H_high,7,AK
02,AL_H_31.mp4,happy,0.3,0.3,0.3,7.6,0.3,0.2,AL_H_31,AL_H_high,21,AL
02,BP_H_16.mp4,happy,0.2,0.1,0.2,8.2,0.2,0.5,BP_H_16,BP_H_high,35,BP
02,JvG_H_18.mp4,happy,0.1,0.1,0.3,7.8,0.3,0.3,JvG_H_18,JvG_H_high,49,JvG
02,AK_P_59.mp4,pain,2.4,4.3,3.7,0.2,3.9,2.6,AK_P_59,AK_P_low,12,AK
02,AL_P_20.mp4,pain,3.3,3.4,2.1,0.5,4.6,3.6,AL_P_20,AL_P_low,26,AL
02,BP_P_02.mp4,pain,1.3,4.3,2.1,0.6,4.6,2.2,BP_P_02,BP_P_low,40,BP
02,JvG_P_16.mp4,pain,2.3,3.8,2.9,0.3,3.8,1.3,JvG_P_16,JvG_P_low,54,JvG
02,AK_P_21.mp4,pain,2,3.6,2.4,0,6.7,1.6,AK_P_21,AK_P_high,11,AK
02,AL_P_39.mp4,pain,2.7,4.5,3.7,0.4,6.4,2.6,AL_P_39,AL_P_high,25,AL
02,BP_P_18.mp4,pain,1,3,2,0.6,6.4,1.6,BP_P_18,BP_P_high,39,BP
02,JvG_P_20.mp4,pain,1.8,4.6,3.5,0.2,6.9,1.2,JvG_P_20,JvG_P_high,53,JvG
02,AK_S_06.mp4,sad,1.2,1.5,2.7,0.8,3.2,5.1,AK_S_06,AK_S_low,14,AK
02,AL_S_04.mp4,sad,1.8,3.5,3.6,0.2,3,5.1,AL_S_04,AL_S_low,28,AL
02,BP_S_13.mp4,sad,1.2,2.2,2.7,0.2,3.1,5,BP_S_13,BP_S_low,42,BP
02,JvG_S_12.mp4,sad,1.3,2,2.7,0.6,3.7,6.1,JvG_S_12,JvG_S_low,56,JvG
02,AK_S_23.mp4,sad,1.3,1.8,3.4,0.9,4.6,7.1,AK_S_23,AK_S_high,13,AK
02,AL_S_53.mp4,sad,1.7,3,5.8,0.2,4.7,7,AL_S_53,AL_S_high,27,AL
02,BP_S_18.mp4,sad,1.8,2.1,3.2,0.2,4.8,7.8,BP_S_18,BP_S_high,41,BP
02,JvG_S_24.mp4,sad,1.4,1.3,3.5,1.5,4.5,7.1,JvG_S_24,JvG_S_high,55,JvG
02,AK_N_01.mp4,neutral,1.8,1.4,0.8,0.2,1.1,2.3,AK_N_01,AK_N_low,10,AK
02,AL_N_01.mp4,neutral,1.5,0.9,1,0.3,0.9,1.9,AL_N_01,AL_N_low,24,AL
02,BP_N_01.mp4,neutral,0.8,1.2,0.4,0.9,0.7,1.3,BP_N_01,BP_N_low,38,BP
02,JvG_N_08.mp4,neutral,0.8,1.1,0.6,1.9,0.7,1.2,JvG_N_08,JvG_N_low,52,JvG
02,AK_N_09.mp4,neutral,2,2,1.4,0.8,1.9,2.1,AK_N_09,AK_N_high,9,AK
02,AL_N_06.mp4,neutral,1.8,1.9,1.4,0.3,1.5,2.4,AL_N_06,AL_N_high,23,AL
02,BP_N_07.mp4,neutral,2,1.9,1.1,0.9,1.4,1.9,BP_N_07,BP_N_high,37,BP
02,JvG_N_17.mp4,neutral,1.4,1.7,0.8,0.8,1.1,2,JvG_N_17,JvG_N_high,51,JvG
03,AK_A_04.mp4,anger,6.5,2.2,1.2,0.1,2.2,1.1,AK_A_04,AK_A_low,2,AK
03,AL_A_03.mp4,anger,5.3,2.3,1.8,0.3,1.5,1.7,AL_A_03,AL_A_low,16,AL
03,BP_A_10.mp4,anger,5.2,2.3,0.9,0.6,1.6,1.6,BP_A_10,BP_A_low,30,BP
03,JvG_A_14.mp4,anger,6.2,2.6,1.4,0.5,1.8,1.6,JvG_A_14,JvG_A_low,44,JvG
03,AK_A_32.mp4,anger,7.5,3.5,2.1,0.3,4,1.3,AK_A_32,AK_A_high,1,AK
03,AL_A_20.mp4,anger,7.6,2.4,1.7,0.2,1.7,1.1,AL_A_20,AL_A_high,15,AL
03,BP_A_41.mp4,anger,7.5,2.1,1.8,0.4,2.3,1.3,BP_A_41,BP_A_high,29,BP
03,JvG_A_19.mp4,anger,7.6,2.4,1.5,0.3,2.2,1.7,JvG_A_19,JvG_A_high,43,JvG
03,AK_D_02.mp4,disgust,2.1,5.3,1.4,0.5,2.1,3.2,AK_D_02,AK_D_low,4,AK
03,AL_D_12.mp4,disgust,3.1,5.8,1,0.5,1.4,1.7,AL_D_12,AL_D_low,18,AL
03,BP_D_03.mp4,disgust,1.6,5.5,1.9,0.2,2.2,1.5,BP_D_03,BP_D_low,32,BP
03,JvG_D_02.mp4,disgust,1.7,6.1,2.1,0.2,2.3,2.2,JvG_D_02,JvG_D_low,46,JvG
03,AK_D_12.mp4,disgust,1.3,7.5,1.4,0.6,2.2,1.5,AK_D_12,AK_D_high,3,AK
03,AL_D_29.mp4,disgust,1.6,8,1,0.4,1.3,1.3,AL_D_29,AL_D_high,17,AL
03,BP_D_25.mp4,disgust,1.3,7.5,2.6,0.1,3.2,2,BP_D_25,BP_D_high,31,BP
03,JvG_D_23.mp4,disgust,1.8,7.6,1.6,0.1,2.8,1.2,JvG_D_23,JvG_D_high,45,JvG
03,AK_F_02.mp4,fear,1.8,2.5,4.7,0.2,2.5,0.9,AK_F_02,AK_F_low,6,AK
03,AL_F_08.mp4,fear,1,2.7,5.1,0.6,1.1,1.2,AL_F_08,AL_F_low,20,AL
03,BP_F_02.mp4,fear,1.2,1.7,4.9,0.2,1.7,1.2,BP_F_02,BP_F_low,34,BP
03,JvG_F_01.mp4,fear,1,3,5.1,0.6,2.6,2.7,JvG_F_01,JvG_F_low,48,JvG
03,AK_F_24.mp4,fear,1.4,2.6,6.3,0.2,3.2,1.4,AK_F_24,AK_F_high,5,AK
03,AL_F_46.mp4,fear,0.9,2.1,6.6,1,1.9,1,AL_F_46,AL_F_high,19,AL
03,BP_F_46.mp4,fear,1.6,3.2,6.6,0.2,2.2,0.8,BP_F_46,BP_F_high,33,BP
03,JvG_F_13.mp4,fear,1.3,3.2,7.2,0.5,4.8,3.6,JvG_F_13,JvG_F_high,47,JvG
03,AK_H_28.mp4,happy,0.2,0.4,0.1,6,0.3,0.7,AK_H_28,AK_H_low,8,AK
03,AL_H_03.mp4,happy,0.3,0.3,0.4,6,0.7,0.4,AL_H_03,AL_H_low,22,AL
03,BP_H_05.mp4,happy,0.4,0.5,0.3,6.1,0.2,0.5,BP_H_05,BP_H_low,36,BP
03,JvG_H_03.mp4,happy,0.4,0.3,0.5,5.8,0.6,0.5,JvG_H_03,JvG_H_low,50,JvG
03,AK_H_15.mp4,happy,0.2,0.2,0.2,7.8,0.2,0.4,AK_H_15,AK_H_high,7,AK
03,AL_H_31.mp4,happy,0.3,0.3,0.3,7.6,0.3,0.2,AL_H_31,AL_H_high,21,AL
03,BP_H_16.mp4,happy,0.2,0.1,0.2,8.2,0.2,0.5,BP_H_16,BP_H_high,35,BP
03,JvG_H_18.mp4,happy,0.1,0.1,0.3,7.8,0.3,0.3,JvG_H_18,JvG_H_high,49,JvG
03,AK_P_59.mp4,pain,2.4,4.3,3.7,0.2,3.9,2.6,AK_P_59,AK_P_low,12,AK
03,AL_P_20.mp4,pain,3.3,3.4,2.1,0.5,4.6,3.6,AL_P_20,AL_P_low,26,AL
03,BP_P_02.mp4,pain,1.3,4.3,2.1,0.6,4.6,2.2,BP_P_02,BP_P_low,40,BP
03,JvG_P_16.mp4,pain,2.3,3.8,2.9,0.3,3.8,1.3,JvG_P_16,JvG_P_low,54,JvG
03,AK_P_21.mp4,pain,2,3.6,2.4,0,6.7,1.6,AK_P_21,AK_P_high,11,AK
03,AL_P_39.mp4,pain,2.7,4.5,3.7,0.4,6.4,2.6,AL_P_39,AL_P_high,25,AL
03,BP_P_18.mp4,pain,1,3,2,0.6,6.4,1.6,BP_P_18,BP_P_high,39,BP
03,JvG_P_20.mp4,pain,1.8,4.6,3.5,0.2,6.9,1.2,JvG_P_20,JvG_P_high,53,JvG
03,AK_S_06.mp4,sad,1.2,1.5,2.7,0.8,3.2,5.1,AK_S_06,AK_S_low,14,AK
03,AL_S_04.mp4,sad,1.8,3.5,3.6,0.2,3,5.1,AL_S_04,AL_S_low,28,AL
03,BP_S_13.mp4,sad,1.2,2.2,2.7,0.2,3.1,5,BP_S_13,BP_S_low,42,BP
03,JvG_S_12.mp4,sad,1.3,2,2.7,0.6,3.7,6.1,JvG_S_12,JvG_S_low,56,JvG
03,AK_S_23.mp4,sad,1.3,1.8,3.4,0.9,4.6,7.1,AK_S_23,AK_S_high,13,AK
03,AL_S_53.mp4,sad,1.7,3,5.8,0.2,4.7,7,AL_S_53,AL_S_high,27,AL
03,BP_S_18.mp4,sad,1.8,2.1,3.2,0.2,4.8,7.8,BP_S_18,BP_S_high,41,BP
03,JvG_S_24.mp4,sad,1.4,1.3,3.5,1.5,4.5,7.1,JvG_S_24,JvG_S_high,55,JvG
03,AK_N_01.mp4,neutral,1.8,1.4,0.8,0.2,1.1,2.3,AK_N_01,AK_N_low,10,AK
03,AL_N_01.mp4,neutral,1.5,0.9,1,0.3,0.9,1.9,AL_N_01,AL_N_low,24,AL
03,BP_N_01.mp4,neutral,0.8,1.2,0.4,0.9,0.7,1.3,BP_N_01,BP_N_low,38,BP
03,JvG_N_08.mp4,neutral,0.8,1.1,0.6,1.9,0.7,1.2,JvG_N_08,JvG_N_low,52,JvG
03,AK_N_09.mp4,neutral,2,2,1.4,0.8,1.9,2.1,AK_N_09,AK_N_high,9,AK
03,AL_N_06.mp4,neutral,1.8,1.9,1.4,0.3,1.5,2.4,AL_N_06,AL_N_high,23,AL
03,BP_N_07.mp4,neutral,2,1.9,1.1,0.9,1.4,1.9,BP_N_07,BP_N_high,37,BP
03,JvG_N_17.mp4,neutral,1.4,1.7,0.8,0.8,1.1,2,JvG_N_17,JvG_N_high,51,JvG
05,AK_A_04.mp4,anger,6.5,2.2,1.2,0.1,2.2,1.1,AK_A_04,AK_A_low,2,AK
05,AL_A_03.mp4,anger,5.3,2.3,1.8,0.3,1.5,1.7,AL_A_03,AL_A_low,16,AL
05,BP_A_10.mp4,anger,5.2,2.3,0.9,0.6,1.6,1.6,BP_A_10,BP_A_low,30,BP
05,JvG_A_14.mp4,anger,6.2,2.6,1.4,0.5,1.8,1.6,JvG_A_14,JvG_A_low,44,JvG
05,AK_A_32.mp4,anger,7.5,3.5,2.1,0.3,4,1.3,AK_A_32,AK_A_high,1,AK
05,AL_A_20.mp4,anger,7.6,2.4,1.7,0.2,1.7,1.1,AL_A_20,AL_A_high,15,AL
05,BP_A_41.mp4,anger,7.5,2.1,1.8,0.4,2.3,1.3,BP_A_41,BP_A_high,29,BP
05,JvG_A_19.mp4,anger,7.6,2.4,1.5,0.3,2.2,1.7,JvG_A_19,JvG_A_high,43,JvG
05,AK_D_02.mp4,disgust,2.1,5.3,1.4,0.5,2.1,3.2,AK_D_02,AK_D_low,4,AK
05,AL_D_12.mp4,disgust,3.1,5.8,1,0.5,1.4,1.7,AL_D_12,AL_D_low,18,AL
05,BP_D_03.mp4,disgust,1.6,5.5,1.9,0.2,2.2,1.5,BP_D_03,BP_D_low,32,BP
05,JvG_D_02.mp4,disgust,1.7,6.1,2.1,0.2,2.3,2.2,JvG_D_02,JvG_D_low,46,JvG
05,AK_D_12.mp4,disgust,1.3,7.5,1.4,0.6,2.2,1.5,AK_D_12,AK_D_high,3,AK
05,AL_D_29.mp4,disgust,1.6,8,1,0.4,1.3,1.3,AL_D_29,AL_D_high,17,AL
05,BP_D_25.mp4,disgust,1.3,7.5,2.6,0.1,3.2,2,BP_D_25,BP_D_high,31,BP
05,JvG_D_23.mp4,disgust,1.8,7.6,1.6,0.1,2.8,1.2,JvG_D_23,JvG_D_high,45,JvG
05,AK_F_02.mp4,fear,1.8,2.5,4.7,0.2,2.5,0.9,AK_F_02,AK_F_low,6,AK
05,AL_F_08.mp4,fear,1,2.7,5.1,0.6,1.1,1.2,AL_F_08,AL_F_low,20,AL
05,BP_F_02.mp4,fear,1.2,1.7,4.9,0.2,1.7,1.2,BP_F_02,BP_F_low,34,BP
05,JvG_F_01.mp4,fear,1,3,5.1,0.6,2.6,2.7,JvG_F_01,JvG_F_low,48,JvG
05,AK_F_24.mp4,fear,1.4,2.6,6.3,0.2,3.2,1.4,AK_F_24,AK_F_high,5,AK
05,AL_F_46.mp4,fear,0.9,2.1,6.6,1,1.9,1,AL_F_46,AL_F_high,19,AL
05,BP_F_46.mp4,fear,1.6,3.2,6.6,0.2,2.2,0.8,BP_F_46,BP_F_high,33,BP
05,JvG_F_13.mp4,fear,1.3,3.2,7.2,0.5,4.8,3.6,JvG_F_13,JvG_F_high,47,JvG
05,AK_H_28.mp4,happy,0.2,0.4,0.1,6,0.3,0.7,AK_H_28,AK_H_low,8,AK
05,AL_H_03.mp4,happy,0.3,0.3,0.4,6,0.7,0.4,AL_H_03,AL_H_low,22,AL
05,BP_H_05.mp4,happy,0.4,0.5,0.3,6.1,0.2,0.5,BP_H_05,BP_H_low,36,BP
05,JvG_H_03.mp4,happy,0.4,0.3,0.5,5.8,0.6,0.5,JvG_H_03,JvG_H_low,50,JvG
05,AK_H_15.mp4,happy,0.2,0.2,0.2,7.8,0.2,0.4,AK_H_15,AK_H_high,7,AK
05,AL_H_31.mp4,happy,0.3,0.3,0.3,7.6,0.3,0.2,AL_H_31,AL_H_high,21,AL
05,BP_H_16.mp4,happy,0.2,0.1,0.2,8.2,0.2,0.5,BP_H_16,BP_H_high,35,BP
05,JvG_H_18.mp4,happy,0.1,0.1,0.3,7.8,0.3,0.3,JvG_H_18,JvG_H_high,49,JvG
05,AK_P_59.mp4,pain,2.4,4.3,3.7,0.2,3.9,2.6,AK_P_59,AK_P_low,12,AK
05,AL_P_20.mp4,pain,3.3,3.4,2.1,0.5,4.6,3.6,AL_P_20,AL_P_low,26,AL
05,BP_P_02.mp4,pain,1.3,4.3,2.1,0.6,4.6,2.2,BP_P_02,BP_P_low,40,BP
05,JvG_P_16.mp4,pain,2.3,3.8,2.9,0.3,3.8,1.3,JvG_P_16,JvG_P_low,54,JvG
05,AK_P_21.mp4,pain,2,3.6,2.4,0,6.7,1.6,AK_P_21,AK_P_high,11,AK
05,AL_P_39.mp4,pain,2.7,4.5,3.7,0.4,6.4,2.6,AL_P_39,AL_P_high,25,AL
05,BP_P_18.mp4,pain,1,3,2,0.6,6.4,1.6,BP_P_18,BP_P_high,39,BP
05,JvG_P_20.mp4,pain,1.8,4.6,3.5,0.2,6.9,1.2,JvG_P_20,JvG_P_high,53,JvG
05,AK_S_06.mp4,sad,1.2,1.5,2.7,0.8,3.2,5.1,AK_S_06,AK_S_low,14,AK
05,AL_S_04.mp4,sad,1.8,3.5,3.6,0.2,3,5.1,AL_S_04,AL_S_low,28,AL
05,BP_S_13.mp4,sad,1.2,2.2,2.7,0.2,3.1,5,BP_S_13,BP_S_low,42,BP
05,JvG_S_12.mp4,sad,1.3,2,2.7,0.6,3.7,6.1,JvG_S_12,JvG_S_low,56,JvG
05,AK_S_23.mp4,sad,1.3,1.8,3.4,0.9,4.6,7.1,AK_S_23,AK_S_high,13,AK
05,AL_S_53.mp4,sad,1.7,3,5.8,0.2,4.7,7,AL_S_53,AL_S_high,27,AL
05,BP_S_18.mp4,sad,1.8,2.1,3.2,0.2,4.8,7.8,BP_S_18,BP_S_high,41,BP
05,JvG_S_24.mp4,sad,1.4,1.3,3.5,1.5,4.5,7.1,JvG_S_24,JvG_S_high,55,JvG
05,AK_N_01.mp4,neutral,1.8,1.4,0.8,0.2,1.1,2.3,AK_N_01,AK_N_low,10,AK
05,AL_N_01.mp4,neutral,1.5,0.9,1,0.3,0.9,1.9,AL_N_01,AL_N_low,24,AL
05,BP_N_01.mp4,neutral,0.8,1.2,0.4,0.9,0.7,1.3,BP_N_01,BP_N_low,38,BP
05,JvG_N_08.mp4,neutral,0.8,1.1,0.6,1.9,0.7,1.2,JvG_N_08,JvG_N_low,52,JvG
05,AK_N_09.mp4,neutral,2,2,1.4,0.8,1.9,2.1,AK_N_09,AK_N_high,9,AK
05,AL_N_06.mp4,neutral,1.8,1.9,1.4,0.3,1.5,2.4,AL_N_06,AL_N_high,23,AL
05,BP_N_07.mp4,neutral,2,1.9,1.1,0.9,1.4,1.9,BP_N_07,BP_N_high,37,BP
05,JvG_N_17.mp4,neutral,1.4,1.7,0.8,0.8,1.1,2,JvG_N_17,JvG_N_high,51,JvG
07,AK_A_04.mp4,anger,6.5,2.2,1.2,0.1,2.2,1.1,AK_A_04,AK_A_low,2,AK
07,AL_A_03.mp4,anger,5.3,2.3,1.8,0.3,1.5,1.7,AL_A_03,AL_A_low,16,AL
07,BP_A_10.mp4,anger,5.2,2.3,0.9,0.6,1.6,1.6,BP_A_10,BP_A_low,30,BP
07,JvG_A_14.mp4,anger,6.2,2.6,1.4,0.5,1.8,1.6,JvG_A_14,JvG_A_low,44,JvG
07,AK_A_32.mp4,anger,7.5,3.5,2.1,0.3,4,1.3,AK_A_32,AK_A_high,1,AK
07,AL_A_20.mp4,anger,7.6,2.4,1.7,0.2,1.7,1.1,AL_A_20,AL_A_high,15,AL
07,BP_A_41.mp4,anger,7.5,2.1,1.8,0.4,2.3,1.3,BP_A_41,BP_A_high,29,BP
07,JvG_A_19.mp4,anger,7.6,2.4,1.5,0.3,2.2,1.7,JvG_A_19,JvG_A_high,43,JvG
07,AK_D_02.mp4,disgust,2.1,5.3,1.4,0.5,2.1,3.2,AK_D_02,AK_D_low,4,AK
07,AL_D_12.mp4,disgust,3.1,5.8,1,0.5,1.4,1.7,AL_D_12,AL_D_low,18,AL
07,BP_D_03.mp4,disgust,1.6,5.5,1.9,0.2,2.2,1.5,BP_D_03,BP_D_low,32,BP
07,JvG_D_02.mp4,disgust,1.7,6.1,2.1,0.2,2.3,2.2,JvG_D_02,JvG_D_low,46,JvG
07,AK_D_12.mp4,disgust,1.3,7.5,1.4,0.6,2.2,1.5,AK_D_12,AK_D_high,3,AK
07,AL_D_29.mp4,disgust,1.6,8,1,0.4,1.3,1.3,AL_D_29,AL_D_high,17,AL
07,BP_D_25.mp4,disgust,1.3,7.5,2.6,0.1,3.2,2,BP_D_25,BP_D_high,31,BP
07,JvG_D_23.mp4,disgust,1.8,7.6,1.6,0.1,2.8,1.2,JvG_D_23,JvG_D_high,45,JvG
07,AK_F_02.mp4,fear,1.8,2.5,4.7,0.2,2.5,0.9,AK_F_02,AK_F_low,6,AK
07,AL_F_08.mp4,fear,1,2.7,5.1,0.6,1.1,1.2,AL_F_08,AL_F_low,20,AL
07,BP_F_02.mp4,fear,1.2,1.7,4.9,0.2,1.7,1.2,BP_F_02,BP_F_low,34,BP
07,JvG_F_01.mp4,fear,1,3,5.1,0.6,2.6,2.7,JvG_F_01,JvG_F_low,48,JvG
07,AK_F_24.mp4,fear,1.4,2.6,6.3,0.2,3.2,1.4,AK_F_24,AK_F_high,5,AK
07,AL_F_46.mp4,fear,0.9,2.1,6.6,1,1.9,1,AL_F_46,AL_F_high,19,AL
07,BP_F_46.mp4,fear,1.6,3.2,6.6,0.2,2.2,0.8,BP_F_46,BP_F_high,33,BP
07,JvG_F_13.mp4,fear,1.3,3.2,7.2,0.5,4.8,3.6,JvG_F_13,JvG_F_high,47,JvG
07,AK_H_28.mp4,happy,0.2,0.4,0.1,6,0.3,0.7,AK_H_28,AK_H_low,8,AK
07,AL_H_03.mp4,happy,0.3,0.3,0.4,6,0.7,0.4,AL_H_03,AL_H_low,22,AL
07,BP_H_05.mp4,happy,0.4,0.5,0.3,6.1,0.2,0.5,BP_H_05,BP_H_low,36,BP
07,JvG_H_03.mp4,happy,0.4,0.3,0.5,5.8,0.6,0.5,JvG_H_03,JvG_H_low,50,JvG
07,AK_H_15.mp4,happy,0.2,0.2,0.2,7.8,0.2,0.4,AK_H_15,AK_H_high,7,AK
07,AL_H_31.mp4,happy,0.3,0.3,0.3,7.6,0.3,0.2,AL_H_31,AL_H_high,21,AL
07,BP_H_16.mp4,happy,0.2,0.1,0.2,8.2,0.2,0.5,BP_H_16,BP_H_high,35,BP
07,JvG_H_18.mp4,happy,0.1,0.1,0.3,7.8,0.3,0.3,JvG_H_18,JvG_H_high,49,JvG
07,AK_P_59.mp4,pain,2.4,4.3,3.7,0.2,3.9,2.6,AK_P_59,AK_P_low,12,AK
07,AL_P_20.mp4,pain,3.3,3.4,2.1,0.5,4.6,3.6,AL_P_20,AL_P_low,26,AL
07,BP_P_02.mp4,pain,1.3,4.3,2.1,0.6,4.6,2.2,BP_P_02,BP_P_low,40,BP
07,JvG_P_16.mp4,pain,2.3,3.8,2.9,0.3,3.8,1.3,JvG_P_16,JvG_P_low,54,JvG
07,AK_P_21.mp4,pain,2,3.6,2.4,0,6.7,1.6,AK_P_21,AK_P_high,11,AK
07,AL_P_39.mp4,pain,2.7,4.5,3.7,0.4,6.4,2.6,AL_P_39,AL_P_high,25,AL
07,BP_P_18.mp4,pain,1,3,2,0.6,6.4,1.6,BP_P_18,BP_P_high,39,BP
07,JvG_P_20.mp4,pain,1.8,4.6,3.5,0.2,6.9,1.2,JvG_P_20,JvG_P_high,53,JvG
07,AK_S_06.mp4,sad,1.2,1.5,2.7,0.8,3.2,5.1,AK_S_06,AK_S_low,14,AK
07,AL_S_04.mp4,sad,1.8,3.5,3.6,0.2,3,5.1,AL_S_04,AL_S_low,28,AL
07,BP_S_13.mp4,sad,1.2,2.2,2.7,0.2,3.1,5,BP_S_13,BP_S_low,42,BP
07,JvG_S_12.mp4,sad,1.3,2,2.7,0.6,3.7,6.1,JvG_S_12,JvG_S_low,56,JvG
07,AK_S_23.mp4,sad,1.3,1.8,3.4,0.9,4.6,7.1,AK_S_23,AK_S_high,13,AK
07,AL_S_53.mp4,sad,1.7,3,5.8,0.2,4.7,7,AL_S_53,AL_S_high,27,AL
07,BP_S_18.mp4,sad,1.8,2.1,3.2,0.2,4.8,7.8,BP_S_18,BP_S_high,41,BP
07,JvG_S_24.mp4,sad,1.4,1.3,3.5,1.5,4.5,7.1,JvG_S_24,JvG_S_high,55,JvG
07,AK_N_01.mp4,neutral,1.8,1.4,0.8,0.2,1.1,2.3,AK_N_01,AK_N_low,10,AK
07,AL_N_01.mp4,neutral,1.5,0.9,1,0.3,0.9,1.9,AL_N_01,AL_N_low,24,AL
07,BP_N_01.mp4,neutral,0.8,1.2,0.4,0.9,0.7,1.3,BP_N_01,BP_N_low,38,BP
07,JvG_N_08.mp4,neutral,0.8,1.1,0.6,1.9,0.7,1.2,JvG_N_08,JvG_N_low,52,JvG
07,AK_N_09.mp4,neutral,2,2,1.4,0.8,1.9,2.1,AK_N_09,AK_N_high,9,AK
07,AL_N_06.mp4,neutral,1.8,1.9,1.4,0.3,1.5,2.4,AL_N_06,AL_N_high,23,AL
07,BP_N_07.mp4,neutral,2,1.9,1.1,0.9,1.4,1.9,BP_N_07,BP_N_high,37,BP
07,JvG_N_17.mp4,neutral,1.4,1.7,0.8,0.8,1.1,2,JvG_N_17,JvG_N_high,51,JvG
09,AK_A_04.mp4,anger,6.5,2.2,1.2,0.1,2.2,1.1,AK_A_04,AK_A_low,2,AK
09,AL_A_03.mp4,anger,5.3,2.3,1.8,0.3,1.5,1.7,AL_A_03,AL_A_low,16,AL
09,BP_A_10.mp4,anger,5.2,2.3,0.9,0.6,1.6,1.6,BP_A_10,BP_A_low,30,BP
09,JvG_A_14.mp4,anger,6.2,2.6,1.4,0.5,1.8,1.6,JvG_A_14,JvG_A_low,44,JvG
09,AK_A_32.mp4,anger,7.5,3.5,2.1,0.3,4,1.3,AK_A_32,AK_A_high,1,AK
09,AL_A_20.mp4,anger,7.6,2.4,1.7,0.2,1.7,1.1,AL_A_20,AL_A_high,15,AL
09,BP_A_41.mp4,anger,7.5,2.1,1.8,0.4,2.3,1.3,BP_A_41,BP_A_high,29,BP
09,JvG_A_19.mp4,anger,7.6,2.4,1.5,0.3,2.2,1.7,JvG_A_19,JvG_A_high,43,JvG
09,AK_D_02.mp4,disgust,2.1,5.3,1.4,0.5,2.1,3.2,AK_D_02,AK_D_low,4,AK
09,AL_D_12.mp4,disgust,3.1,5.8,1,0.5,1.4,1.7,AL_D_12,AL_D_low,18,AL
09,BP_D_03.mp4,disgust,1.6,5.5,1.9,0.2,2.2,1.5,BP_D_03,BP_D_low,32,BP
09,JvG_D_02.mp4,disgust,1.7,6.1,2.1,0.2,2.3,2.2,JvG_D_02,JvG_D_low,46,JvG
09,AK_D_12.mp4,disgust,1.3,7.5,1.4,0.6,2.2,1.5,AK_D_12,AK_D_high,3,AK
09,AL_D_29.mp4,disgust,1.6,8,1,0.4,1.3,1.3,AL_D_29,AL_D_high,17,AL
09,BP_D_25.mp4,disgust,1.3,7.5,2.6,0.1,3.2,2,BP_D_25,BP_D_high,31,BP
09,JvG_D_23.mp4,disgust,1.8,7.6,1.6,0.1,2.8,1.2,JvG_D_23,JvG_D_high,45,JvG
09,AK_F_02.mp4,fear,1.8,2.5,4.7,0.2,2.5,0.9,AK_F_02,AK_F_low,6,AK
09,AL_F_08.mp4,fear,1,2.7,5.1,0.6,1.1,1.2,AL_F_08,AL_F_low,20,AL
09,BP_F_02.mp4,fear,1.2,1.7,4.9,0.2,1.7,1.2,BP_F_02,BP_F_low,34,BP
09,JvG_F_01.mp4,fear,1,3,5.1,0.6,2.6,2.7,JvG_F_01,JvG_F_low,48,JvG
09,AK_F_24.mp4,fear,1.4,2.6,6.3,0.2,3.2,1.4,AK_F_24,AK_F_high,5,AK
09,AL_F_46.mp4,fear,0.9,2.1,6.6,1,1.9,1,AL_F_46,AL_F_high,19,AL
09,BP_F_46.mp4,fear,1.6,3.2,6.6,0.2,2.2,0.8,BP_F_46,BP_F_high,33,BP
09,JvG_F_13.mp4,fear,1.3,3.2,7.2,0.5,4.8,3.6,JvG_F_13,JvG_F_high,47,JvG
09,AK_H_28.mp4,happy,0.2,0.4,0.1,6,0.3,0.7,AK_H_28,AK_H_low,8,AK
09,AL_H_03.mp4,happy,0.3,0.3,0.4,6,0.7,0.4,AL_H_03,AL_H_low,22,AL
09,BP_H_05.mp4,happy,0.4,0.5,0.3,6.1,0.2,0.5,BP_H_05,BP_H_low,36,BP
09,JvG_H_03.mp4,happy,0.4,0.3,0.5,5.8,0.6,0.5,JvG_H_03,JvG_H_low,50,JvG
09,AK_H_15.mp4,happy,0.2,0.2,0.2,7.8,0.2,0.4,AK_H_15,AK_H_high,7,AK
09,AL_H_31.mp4,happy,0.3,0.3,0.3,7.6,0.3,0.2,AL_H_31,AL_H_high,21,AL
09,BP_H_16.mp4,happy,0.2,0.1,0.2,8.2,0.2,0.5,BP_H_16,BP_H_high,35,BP
09,JvG_H_18.mp4,happy,0.1,0.1,0.3,7.8,0.3,0.3,JvG_H_18,JvG_H_high,49,JvG
09,AK_P_59.mp4,pain,2.4,4.3,3.7,0.2,3.9,2.6,AK_P_59,AK_P_low,12,AK
09,AL_P_20.mp4,pain,3.3,3.4,2.1,0.5,4.6,3.6,AL_P_20,AL_P_low,26,AL
09,BP_P_02.mp4,pain,1.3,4.3,2.1,0.6,4.6,2.2,BP_P_02,BP_P_low,40,BP
09,JvG_P_16.mp4,pain,2.3,3.8,2.9,0.3,3.8,1.3,JvG_P_16,JvG_P_low,54,JvG
09,AK_P_21.mp4,pain,2,3.6,2.4,0,6.7,1.6,AK_P_21,AK_P_high,11,AK
09,AL_P_39.mp4,pain,2.7,4.5,3.7,0.4,6.4,2.6,AL_P_39,AL_P_high,25,AL
09,BP_P_18.mp4,pain,1,3,2,0.6,6.4,1.6,BP_P_18,BP_P_high,39,BP
09,JvG_P_20.mp4,pain,1.8,4.6,3.5,0.2,6.9,1.2,JvG_P_20,JvG_P_high,53,JvG
09,AK_S_06.mp4,sad,1.2,1.5,2.7,0.8,3.2,5.1,AK_S_06,AK_S_low,14,AK
09,AL_S_04.mp4,sad,1.8,3.5,3.6,0.2,3,5.1,AL_S_04,AL_S_low,28,AL
09,BP_S_13.mp4,sad,1.2,2.2,2.7,0.2,3.1,5,BP_S_13,BP_S_low,42,BP
09,JvG_S_12.mp4,sad,1.3,2,2.7,0.6,3.7,6.1,JvG_S_12,JvG_S_low,56,JvG
09,AK_S_23.mp4,sad,1.3,1.8,3.4,0.9,4.6,7.1,AK_S_23,AK_S_high,13,AK
09,AL_S_53.mp4,sad,1.7,3,5.8,0.2,4.7,7,AL_S_53,AL_S_high,27,AL
09,BP_S_18.mp4,sad,1.8,2.1,3.2,0.2,4.8,7.8,BP_S_18,BP_S_high,41,BP
09,JvG_S_24.mp4,sad,1.4,1.3,3.5,1.5,4.5,7.1,JvG_S_24,JvG_S_high,55,JvG
09,AK_N_01.mp4,neutral,1.8,1.4,0.8,0.2,1.1,2.3,AK_N_01,AK_N_low,10,AK
09,AL_N_01.mp4,neutral,1.5,0.9,1,0.3,0.9,1.9,AL_N_01,AL_N_low,24,AL
09,BP_N_01.mp4,neutral,0.8,1.2,0.4,0.9,0.7,1.3,BP_N_01,BP_N_low,38,BP
09,JvG_N_08.mp4,neutral,0.8,1.1,0.6,1.9,0.7,1.2,JvG_N_08,JvG_N_low,52,JvG
09,AK_N_09.mp4,neutral,2,2,1.4,0.8,1.9,2.1,AK_N_09,AK_N_high,9,AK
09,AL_N_06.mp4,neutral,1.8,1.9,1.4,0.3,1.5,2.4,AL_N_06,AL_N_high,23,AL
09,BP_N_07.mp4,neutral,2,1.9,1.1,0.9,1.4,1.9,BP_N_07,BP_N_high,37,BP
09,JvG_N_17.mp4,neutral,1.4,1.7,0.8,0.8,1.1,2,JvG_N_17,JvG_N_high,51,JvG
10,AK_A_04.mp4,anger,6.5,2.2,1.2,0.1,2.2,1.1,AK_A_04,AK_A_low,2,AK
10,AL_A_03.mp4,anger,5.3,2.3,1.8,0.3,1.5,1.7,AL_A_03,AL_A_low,16,AL
10,BP_A_10.mp4,anger,5.2,2.3,0.9,0.6,1.6,1.6,BP_A_10,BP_A_low,30,BP
10,JvG_A_14.mp4,anger,6.2,2.6,1.4,0.5,1.8,1.6,JvG_A_14,JvG_A_low,44,JvG
10,AK_A_32.mp4,anger,7.5,3.5,2.1,0.3,4,1.3,AK_A_32,AK_A_high,1,AK
10,AL_A_20.mp4,anger,7.6,2.4,1.7,0.2,1.7,1.1,AL_A_20,AL_A_high,15,AL
10,BP_A_41.mp4,anger,7.5,2.1,1.8,0.4,2.3,1.3,BP_A_41,BP_A_high,29,BP
10,JvG_A_19.mp4,anger,7.6,2.4,1.5,0.3,2.2,1.7,JvG_A_19,JvG_A_high,43,JvG
10,AK_D_02.mp4,disgust,2.1,5.3,1.4,0.5,2.1,3.2,AK_D_02,AK_D_low,4,AK
10,AL_D_12.mp4,disgust,3.1,5.8,1,0.5,1.4,1.7,AL_D_12,AL_D_low,18,AL
10,BP_D_03.mp4,disgust,1.6,5.5,1.9,0.2,2.2,1.5,BP_D_03,BP_D_low,32,BP
10,JvG_D_02.mp4,disgust,1.7,6.1,2.1,0.2,2.3,2.2,JvG_D_02,JvG_D_low,46,JvG
10,AK_D_12.mp4,disgust,1.3,7.5,1.4,0.6,2.2,1.5,AK_D_12,AK_D_high,3,AK
10,AL_D_29.mp4,disgust,1.6,8,1,0.4,1.3,1.3,AL_D_29,AL_D_high,17,AL
10,BP_D_25.mp4,disgust,1.3,7.5,2.6,0.1,3.2,2,BP_D_25,BP_D_high,31,BP
10,JvG_D_23.mp4,disgust,1.8,7.6,1.6,0.1,2.8,1.2,JvG_D_23,JvG_D_high,45,JvG
10,AK_F_02.mp4,fear,1.8,2.5,4.7,0.2,2.5,0.9,AK_F_02,AK_F_low,6,AK
10,AL_F_08.mp4,fear,1,2.7,5.1,0.6,1.1,1.2,AL_F_08,AL_F_low,20,AL
10,BP_F_02.mp4,fear,1.2,1.7,4.9,0.2,1.7,1.2,BP_F_02,BP_F_low,34,BP
10,JvG_F_01.mp4,fear,1,3,5.1,0.6,2.6,2.7,JvG_F_01,JvG_F_low,48,JvG
10,AK_F_24.mp4,fear,1.4,2.6,6.3,0.2,3.2,1.4,AK_F_24,AK_F_high,5,AK
10,AL_F_46.mp4,fear,0.9,2.1,6.6,1,1.9,1,AL_F_46,AL_F_high,19,AL
10,BP_F_46.mp4,fear,1.6,3.2,6.6,0.2,2.2,0.8,BP_F_46,BP_F_high,33,BP
10,JvG_F_13.mp4,fear,1.3,3.2,7.2,0.5,4.8,3.6,JvG_F_13,JvG_F_high,47,JvG
10,AK_H_28.mp4,happy,0.2,0.4,0.1,6,0.3,0.7,AK_H_28,AK_H_low,8,AK
10,AL_H_03.mp4,happy,0.3,0.3,0.4,6,0.7,0.4,AL_H_03,AL_H_low,22,AL
10,BP_H_05.mp4,happy,0.4,0.5,0.3,6.1,0.2,0.5,BP_H_05,BP_H_low,36,BP
10,JvG_H_03.mp4,happy,0.4,0.3,0.5,5.8,0.6,0.5,JvG_H_03,JvG_H_low,50,JvG
10,AK_H_15.mp4,happy,0.2,0.2,0.2,7.8,0.2,0.4,AK_H_15,AK_H_high,7,AK
10,AL_H_31.mp4,happy,0.3,0.3,0.3,7.6,0.3,0.2,AL_H_31,AL_H_high,21,AL
10,BP_H_16.mp4,happy,0.2,0.1,0.2,8.2,0.2,0.5,BP_H_16,BP_H_high,35,BP
10,JvG_H_18.mp4,happy,0.1,0.1,0.3,7.8,0.3,0.3,JvG_H_18,JvG_H_high,49,JvG
10,AK_P_59.mp4,pain,2.4,4.3,3.7,0.2,3.9,2.6,AK_P_59,AK_P_low,12,AK
10,AL_P_20.mp4,pain,3.3,3.4,2.1,0.5,4.6,3.6,AL_P_20,AL_P_low,26,AL
10,BP_P_02.mp4,pain,1.3,4.3,2.1,0.6,4.6,2.2,BP_P_02,BP_P_low,40,BP
10,JvG_P_16.mp4,pain,2.3,3.8,2.9,0.3,3.8,1.3,JvG_P_16,JvG_P_low,54,JvG
10,AK_P_21.mp4,pain,2,3.6,2.4,0,6.7,1.6,AK_P_21,AK_P_high,11,AK
10,AL_P_39.mp4,pain,2.7,4.5,3.7,0.4,6.4,2.6,AL_P_39,AL_P_high,25,AL
10,BP_P_18.mp4,pain,1,3,2,0.6,6.4,1.6,BP_P_18,BP_P_high,39,BP
10,JvG_P_20.mp4,pain,1.8,4.6,3.5,0.2,6.9,1.2,JvG_P_20,JvG_P_high,53,JvG
10,AK_S_06.mp4,sad,1.2,1.5,2.7,0.8,3.2,5.1,AK_S_06,AK_S_low,14,AK
10,AL_S_04.mp4,sad,1.8,3.5,3.6,0.2,3,5.1,AL_S_04,AL_S_low,28,AL
10,BP_S_13.mp4,sad,1.2,2.2,2.7,0.2,3.1,5,BP_S_13,BP_S_low,42,BP
10,JvG_S_12.mp4,sad,1.3,2,2.7,0.6,3.7,6.1,JvG_S_12,JvG_S_low,56,JvG
10,AK_S_23.mp4,sad,1.3,1.8,3.4,0.9,4.6,7.1,AK_S_23,AK_S_high,13,AK
10,AL_S_53.mp4,sad,1.7,3,5.8,0.2,4.7,7,AL_S_53,AL_S_high,27,AL
10,BP_S_18.mp4,sad,1.8,2.1,3.2,0.2,4.8,7.8,BP_S_18,BP_S_high,41,BP
10,JvG_S_24.mp4,sad,1.4,1.3,3.5,1.5,4.5,7.1,JvG_S_24,JvG_S_high,55,JvG
10,AK_N_01.mp4,neutral,1.8,1.4,0.8,0.2,1.1,2.3,AK_N_01,AK_N_low,10,AK
10,AL_N_01.mp4,neutral,1.5,0.9,1,0.3,0.9,1.9,AL_N_01,AL_N_low,24,AL
10,BP_N_01.mp4,neutral,0.8,1.2,0.4,0.9,0.7,1.3,BP_N_01,BP_N_low,38,BP
10,JvG_N_08.mp4,neutral,0.8,1.1,0.6,1.9,0.7,1.2,JvG_N_08,JvG_N_low,52,JvG
10,AK_N_09.mp4,neutral,2,2,1.4,0.8,1.9,2.1,AK_N_09,AK_N_high,9,AK
10,AL_N_06.mp4,neutral,1.8,1.9,1.4,0.3,1.5,2.4,AL_N_06,AL_N_high,23,AL
10,BP_N_07.mp4,neutral,2,1.9,1.1,0.9,1.4,1.9,BP_N_07,BP_N_high,37,BP
10,JvG_N_17.mp4,neutral,1.4,1.7,0.8,0.8,1.1,2,JvG_N_17,JvG_N_high,51,JvG
11,AK_A_04.mp4,anger,6.5,2.2,1.2,0.1,2.2,1.1,AK_A_04,AK_A_low,2,AK
11,AL_A_03.mp4,anger,5.3,2.3,1.8,0.3,1.5,1.7,AL_A_03,AL_A_low,16,AL
11,BP_A_10.mp4,anger,5.2,2.3,0.9,0.6,1.6,1.6,BP_A_10,BP_A_low,30,BP
11,JvG_A_14.mp4,anger,6.2,2.6,1.4,0.5,1.8,1.6,JvG_A_14,JvG_A_low,44,JvG
11,AK_A_32.mp4,anger,7.5,3.5,2.1,0.3,4,1.3,AK_A_32,AK_A_high,1,AK
11,AL_A_20.mp4,anger,7.6,2.4,1.7,0.2,1.7,1.1,AL_A_20,AL_A_high,15,AL
11,BP_A_41.mp4,anger,7.5,2.1,1.8,0.4,2.3,1.3,BP_A_41,BP_A_high,29,BP
11,JvG_A_19.mp4,anger,7.6,2.4,1.5,0.3,2.2,1.7,JvG_A_19,JvG_A_high,43,JvG
11,AK_D_02.mp4,disgust,2.1,5.3,1.4,0.5,2.1,3.2,AK_D_02,AK_D_low,4,AK
11,AL_D_12.mp4,disgust,3.1,5.8,1,0.5,1.4,1.7,AL_D_12,AL_D_low,18,AL
11,BP_D_03.mp4,disgust,1.6,5.5,1.9,0.2,2.2,1.5,BP_D_03,BP_D_low,32,BP
11,JvG_D_02.mp4,disgust,1.7,6.1,2.1,0.2,2.3,2.2,JvG_D_02,JvG_D_low,46,JvG
11,AK_D_12.mp4,disgust,1.3,7.5,1.4,0.6,2.2,1.5,AK_D_12,AK_D_high,3,AK
11,AL_D_29.mp4,disgust,1.6,8,1,0.4,1.3,1.3,AL_D_29,AL_D_high,17,AL
11,BP_D_25.mp4,disgust,1.3,7.5,2.6,0.1,3.2,2,BP_D_25,BP_D_high,31,BP
11,JvG_D_23.mp4,disgust,1.8,7.6,1.6,0.1,2.8,1.2,JvG_D_23,JvG_D_high,45,JvG
11,AK_F_02.mp4,fear,1.8,2.5,4.7,0.2,2.5,0.9,AK_F_02,AK_F_low,6,AK
11,AL_F_08.mp4,fear,1,2.7,5.1,0.6,1.1,1.2,AL_F_08,AL_F_low,20,AL
11,BP_F_02.mp4,fear,1.2,1.7,4.9,0.2,1.7,1.2,BP_F_02,BP_F_low,34,BP
11,JvG_F_01.mp4,fear,1,3,5.1,0.6,2.6,2.7,JvG_F_01,JvG_F_low,48,JvG
11,AK_F_24.mp4,fear,1.4,2.6,6.3,0.2,3.2,1.4,AK_F_24,AK_F_high,5,AK
11,AL_F_46.mp4,fear,0.9,2.1,6.6,1,1.9,1,AL_F_46,AL_F_high,19,AL
11,BP_F_46.mp4,fear,1.6,3.2,6.6,0.2,2.2,0.8,BP_F_46,BP_F_high,33,BP
11,JvG_F_13.mp4,fear,1.3,3.2,7.2,0.5,4.8,3.6,JvG_F_13,JvG_F_high,47,JvG
11,AK_H_28.mp4,happy,0.2,0.4,0.1,6,0.3,0.7,AK_H_28,AK_H_low,8,AK
11,AL_H_03.mp4,happy,0.3,0.3,0.4,6,0.7,0.4,AL_H_03,AL_H_low,22,AL
11,BP_H_05.mp4,happy,0.4,0.5,0.3,6.1,0.2,0.5,BP_H_05,BP_H_low,36,BP
11,JvG_H_03.mp4,happy,0.4,0.3,0.5,5.8,0.6,0.5,JvG_H_03,JvG_H_low,50,JvG
11,AK_H_15.mp4,happy,0.2,0.2,0.2,7.8,0.2,0.4,AK_H_15,AK_H_high,7,AK
11,AL_H_31.mp4,happy,0.3,0.3,0.3,7.6,0.3,0.2,AL_H_31,AL_H_high,21,AL
11,BP_H_16.mp4,happy,0.2,0.1,0.2,8.2,0.2,0.5,BP_H_16,BP_H_high,35,BP
11,JvG_H_18.mp4,happy,0.1,0.1,0.3,7.8,0.3,0.3,JvG_H_18,JvG_H_high,49,JvG
11,AK_P_59.mp4,pain,2.4,4.3,3.7,0.2,3.9,2.6,AK_P_59,AK_P_low,12,AK
11,AL_P_20.mp4,pain,3.3,3.4,2.1,0.5,4.6,3.6,AL_P_20,AL_P_low,26,AL
11,BP_P_02.mp4,pain,1.3,4.3,2.1,0.6,4.6,2.2,BP_P_02,BP_P_low,40,BP
11,JvG_P_16.mp4,pain,2.3,3.8,2.9,0.3,3.8,1.3,JvG_P_16,JvG_P_low,54,JvG
11,AK_P_21.mp4,pain,2,3.6,2.4,0,6.7,1.6,AK_P_21,AK_P_high,11,AK
11,AL_P_39.mp4,pain,2.7,4.5,3.7,0.4,6.4,2.6,AL_P_39,AL_P_high,25,AL
11,BP_P_18.mp4,pain,1,3,2,0.6,6.4,1.6,BP_P_18,BP_P_high,39,BP
11,JvG_P_20.mp4,pain,1.8,4.6,3.5,0.2,6.9,1.2,JvG_P_20,JvG_P_high,53,JvG
11,AK_S_06.mp4,sad,1.2,1.5,2.7,0.8,3.2,5.1,AK_S_06,AK_S_low,14,AK
11,AL_S_04.mp4,sad,1.8,3.5,3.6,0.2,3,5.1,AL_S_04,AL_S_low,28,AL
11,BP_S_13.mp4,sad,1.2,2.2,2.7,0.2,3.1,5,BP_S_13,BP_S_low,42,BP
11,JvG_S_12.mp4,sad,1.3,2,2.7,0.6,3.7,6.1,JvG_S_12,JvG_S_low,56,JvG
11,AK_S_23.mp4,sad,1.3,1.8,3.4,0.9,4.6,7.1,AK_S_23,AK_S_high,13,AK
11,AL_S_53.mp4,sad,1.7,3,5.8,0.2,4.7,7,AL_S_53,AL_S_high,27,AL
11,BP_S_18.mp4,sad,1.8,2.1,3.2,0.2,4.8,7.8,BP_S_18,BP_S_high,41,BP
11,JvG_S_24.mp4,sad,1.4,1.3,3.5,1.5,4.5,7.1,JvG_S_24,JvG_S_high,55,JvG
11,AK_N_01.mp4,neutral,1.8,1.4,0.8,0.2,1.1,2.3,AK_N_01,AK_N_low,10,AK
11,AL_N_01.mp4,neutral,1.5,0.9,1,0.3,0.9,1.9,AL_N_01,AL_N_low,24,AL
11,BP_N_01.mp4,neutral,0.8,1.2,0.4,0.9,0.7,1.3,BP_N_01,BP_N_low,38,BP
11,JvG_N_08.mp4,neutral,0.8,1.1,0.6,1.9,0.7,1.2,JvG_N_08,JvG_N_low,52,JvG
11,AK_N_09.mp4,neutral,2,2,1.4,0.8,1.9,2.1,AK_N_09,AK_N_high,9,AK
11,AL_N_06.mp4,neutral,1.8,1.9,1.4,0.3,1.5,2.4,AL_N_06,AL_N_high,23,AL
11,BP_N_07.mp4,neutral,2,1.9,1.1,0.9,1.4,1.9,BP_N_07,BP_N_high,37,BP
11,JvG_N_17.mp4,neutral,1.4,1.7,0.8,0.8,1.1,2,JvG_N_17,JvG_N_high,51,JvG
12,AK_A_04.mp4,anger,6.5,2.2,1.2,0.1,2.2,1.1,AK_A_04,AK_A_low,2,AK
12,AL_A_03.mp4,anger,5.3,2.3,1.8,0.3,1.5,1.7,AL_A_03,AL_A_low,16,AL
12,BP_A_10.mp4,anger,5.2,2.3,0.9,0.6,1.6,1.6,BP_A_10,BP_A_low,30,BP
12,JvG_A_14.mp4,anger,6.2,2.6,1.4,0.5,1.8,1.6,JvG_A_14,JvG_A_low,44,JvG
12,AK_A_32.mp4,anger,7.5,3.5,2.1,0.3,4,1.3,AK_A_32,AK_A_high,1,AK
12,AL_A_20.mp4,anger,7.6,2.4,1.7,0.2,1.7,1.1,AL_A_20,AL_A_high,15,AL
12,BP_A_41.mp4,anger,7.5,2.1,1.8,0.4,2.3,1.3,BP_A_41,BP_A_high,29,BP
12,JvG_A_19.mp4,anger,7.6,2.4,1.5,0.3,2.2,1.7,JvG_A_19,JvG_A_high,43,JvG
12,AK_D_02.mp4,disgust,2.1,5.3,1.4,0.5,2.1,3.2,AK_D_02,AK_D_low,4,AK
12,AL_D_12.mp4,disgust,3.1,5.8,1,0.5,1.4,1.7,AL_D_12,AL_D_low,18,AL
12,BP_D_03.mp4,disgust,1.6,5.5,1.9,0.2,2.2,1.5,BP_D_03,BP_D_low,32,BP
12,JvG_D_02.mp4,disgust,1.7,6.1,2.1,0.2,2.3,2.2,JvG_D_02,JvG_D_low,46,JvG
12,AK_D_12.mp4,disgust,1.3,7.5,1.4,0.6,2.2,1.5,AK_D_12,AK_D_high,3,AK
12,AL_D_29.mp4,disgust,1.6,8,1,0.4,1.3,1.3,AL_D_29,AL_D_high,17,AL
12,BP_D_25.mp4,disgust,1.3,7.5,2.6,0.1,3.2,2,BP_D_25,BP_D_high,31,BP
12,JvG_D_23.mp4,disgust,1.8,7.6,1.6,0.1,2.8,1.2,JvG_D_23,JvG_D_high,45,JvG
12,AK_F_02.mp4,fear,1.8,2.5,4.7,0.2,2.5,0.9,AK_F_02,AK_F_low,6,AK
12,AL_F_08.mp4,fear,1,2.7,5.1,0.6,1.1,1.2,AL_F_08,AL_F_low,20,AL
12,BP_F_02.mp4,fear,1.2,1.7,4.9,0.2,1.7,1.2,BP_F_02,BP_F_low,34,BP
12,JvG_F_01.mp4,fear,1,3,5.1,0.6,2.6,2.7,JvG_F_01,JvG_F_low,48,JvG
12,AK_F_24.mp4,fear,1.4,2.6,6.3,0.2,3.2,1.4,AK_F_24,AK_F_high,5,AK
12,AL_F_46.mp4,fear,0.9,2.1,6.6,1,1.9,1,AL_F_46,AL_F_high,19,AL
12,BP_F_46.mp4,fear,1.6,3.2,6.6,0.2,2.2,0.8,BP_F_46,BP_F_high,33,BP
12,JvG_F_13.mp4,fear,1.3,3.2,7.2,0.5,4.8,3.6,JvG_F_13,JvG_F_high,47,JvG
12,AK_H_28.mp4,happy,0.2,0.4,0.1,6,0.3,0.7,AK_H_28,AK_H_low,8,AK
12,AL_H_03.mp4,happy,0.3,0.3,0.4,6,0.7,0.4,AL_H_03,AL_H_low,22,AL
12,BP_H_05.mp4,happy,0.4,0.5,0.3,6.1,0.2,0.5,BP_H_05,BP_H_low,36,BP
12,JvG_H_03.mp4,happy,0.4,0.3,0.5,5.8,0.6,0.5,JvG_H_03,JvG_H_low,50,JvG
12,AK_H_15.mp4,happy,0.2,0.2,0.2,7.8,0.2,0.4,AK_H_15,AK_H_high,7,AK
12,AL_H_31.mp4,happy,0.3,0.3,0.3,7.6,0.3,0.2,AL_H_31,AL_H_high,21,AL
12,BP_H_16.mp4,happy,0.2,0.1,0.2,8.2,0.2,0.5,BP_H_16,BP_H_high,35,BP
12,JvG_H_18.mp4,happy,0.1,0.1,0.3,7.8,0.3,0.3,JvG_H_18,JvG_H_high,49,JvG
12,AK_P_59.mp4,pain,2.4,4.3,3.7,0.2,3.9,2.6,AK_P_59,AK_P_low,12,AK
12,AL_P_20.mp4,pain,3.3,3.4,2.1,0.5,4.6,3.6,AL_P_20,AL_P_low,26,AL
12,BP_P_02.mp4,pain,1.3,4.3,2.1,0.6,4.6,2.2,BP_P_02,BP_P_low,40,BP
12,JvG_P_16.mp4,pain,2.3,3.8,2.9,0.3,3.8,1.3,JvG_P_16,JvG_P_low,54,JvG
12,AK_P_21.mp4,pain,2,3.6,2.4,0,6.7,1.6,AK_P_21,AK_P_high,11,AK
12,AL_P_39.mp4,pain,2.7,4.5,3.7,0.4,6.4,2.6,AL_P_39,AL_P_high,25,AL
12,BP_P_18.mp4,pain,1,3,2,0.6,6.4,1.6,BP_P_18,BP_P_high,39,BP
12,JvG_P_20.mp4,pain,1.8,4.6,3.5,0.2,6.9,1.2,JvG_P_20,JvG_P_high,53,JvG
12,AK_S_06.mp4,sad,1.2,1.5,2.7,0.8,3.2,5.1,AK_S_06,AK_S_low,14,AK
12,AL_S_04.mp4,sad,1.8,3.5,3.6,0.2,3,5.1,AL_S_04,AL_S_low,28,AL
12,BP_S_13.mp4,sad,1.2,2.2,2.7,0.2,3.1,5,BP_S_13,BP_S_low,42,BP
12,JvG_S_12.mp4,sad,1.3,2,2.7,0.6,3.7,6.1,JvG_S_12,JvG_S_low,56,JvG
12,AK_S_23.mp4,sad,1.3,1.8,3.4,0.9,4.6,7.1,AK_S_23,AK_S_high,13,AK
12,AL_S_53.mp4,sad,1.7,3,5.8,0.2,4.7,7,AL_S_53,AL_S_high,27,AL
12,BP_S_18.mp4,sad,1.8,2.1,3.2,0.2,4.8,7.8,BP_S_18,BP_S_high,41,BP
12,JvG_S_24.mp4,sad,1.4,1.3,3.5,1.5,4.5,7.1,JvG_S_24,JvG_S_high,55,JvG
12,AK_N_01.mp4,neutral,1.8,1.4,0.8,0.2,1.1,2.3,AK_N_01,AK_N_low,10,AK
12,AL_N_01.mp4,neutral,1.5,0.9,1,0.3,0.9,1.9,AL_N_01,AL_N_low,24,AL
12,BP_N_01.mp4,neutral,0.8,1.2,0.4,0.9,0.7,1.3,BP_N_01,BP_N_low,38,BP
12,JvG_N_08.mp4,neutral,0.8,1.1,0.6,1.9,0.7,1.2,JvG_N_08,JvG_N_low,52,JvG
12,AK_N_09.mp4,neutral,2,2,1.4,0.8,1.9,2.1,AK_N_09,AK_N_high,9,AK
12,AL_N_06.mp4,neutral,1.8,1.9,1.4,0.3,1.5,2.4,AL_N_06,AL_N_high,23,AL
12,BP_N_07.mp4,neutral,2,1.9,1.1,0.9,1.4,1.9,BP_N_07,BP_N_high,37,BP
12,JvG_N_17.mp4,neutral,1.4,1.7,0.8,0.8,1.1,2,JvG_N_17,JvG_N_high,51,JvG
14,AK_A_04.mp4,anger,6.5,2.2,1.2,0.1,2.2,1.1,AK_A_04,AK_A_low,2,AK
14,AL_A_03.mp4,anger,5.3,2.3,1.8,0.3,1.5,1.7,AL_A_03,AL_A_low,16,AL
14,BP_A_10.mp4,anger,5.2,2.3,0.9,0.6,1.6,1.6,BP_A_10,BP_A_low,30,BP
14,JvG_A_14.mp4,anger,6.2,2.6,1.4,0.5,1.8,1.6,JvG_A_14,JvG_A_low,44,JvG
14,AK_A_32.mp4,anger,7.5,3.5,2.1,0.3,4,1.3,AK_A_32,AK_A_high,1,AK
14,AL_A_20.mp4,anger,7.6,2.4,1.7,0.2,1.7,1.1,AL_A_20,AL_A_high,15,AL
14,BP_A_41.mp4,anger,7.5,2.1,1.8,0.4,2.3,1.3,BP_A_41,BP_A_high,29,BP
14,JvG_A_19.mp4,anger,7.6,2.4,1.5,0.3,2.2,1.7,JvG_A_19,JvG_A_high,43,JvG
14,AK_D_02.mp4,disgust,2.1,5.3,1.4,0.5,2.1,3.2,AK_D_02,AK_D_low,4,AK
14,AL_D_12.mp4,disgust,3.1,5.8,1,0.5,1.4,1.7,AL_D_12,AL_D_low,18,AL
14,BP_D_03.mp4,disgust,1.6,5.5,1.9,0.2,2.2,1.5,BP_D_03,BP_D_low,32,BP
14,JvG_D_02.mp4,disgust,1.7,6.1,2.1,0.2,2.3,2.2,JvG_D_02,JvG_D_low,46,JvG
14,AK_D_12.mp4,disgust,1.3,7.5,1.4,0.6,2.2,1.5,AK_D_12,AK_D_high,3,AK
14,AL_D_29.mp4,disgust,1.6,8,1,0.4,1.3,1.3,AL_D_29,AL_D_high,17,AL
14,BP_D_25.mp4,disgust,1.3,7.5,2.6,0.1,3.2,2,BP_D_25,BP_D_high,31,BP
14,JvG_D_23.mp4,disgust,1.8,7.6,1.6,0.1,2.8,1.2,JvG_D_23,JvG_D_high,45,JvG
14,AK_F_02.mp4,fear,1.8,2.5,4.7,0.2,2.5,0.9,AK_F_02,AK_F_low,6,AK
14,AL_F_08.mp4,fear,1,2.7,5.1,0.6,1.1,1.2,AL_F_08,AL_F_low,20,AL
14,BP_F_02.mp4,fear,1.2,1.7,4.9,0.2,1.7,1.2,BP_F_02,BP_F_low,34,BP
14,JvG_F_01.mp4,fear,1,3,5.1,0.6,2.6,2.7,JvG_F_01,JvG_F_low,48,JvG
14,AK_F_24.mp4,fear,1.4,2.6,6.3,0.2,3.2,1.4,AK_F_24,AK_F_high,5,AK
14,AL_F_46.mp4,fear,0.9,2.1,6.6,1,1.9,1,AL_F_46,AL_F_high,19,AL
14,BP_F_46.mp4,fear,1.6,3.2,6.6,0.2,2.2,0.8,BP_F_46,BP_F_high,33,BP
14,JvG_F_13.mp4,fear,1.3,3.2,7.2,0.5,4.8,3.6,JvG_F_13,JvG_F_high,47,JvG
14,AK_H_28.mp4,happy,0.2,0.4,0.1,6,0.3,0.7,AK_H_28,AK_H_low,8,AK
14,AL_H_03.mp4,happy,0.3,0.3,0.4,6,0.7,0.4,AL_H_03,AL_H_low,22,AL
14,BP_H_05.mp4,happy,0.4,0.5,0.3,6.1,0.2,0.5,BP_H_05,BP_H_low,36,BP
14,JvG_H_03.mp4,happy,0.4,0.3,0.5,5.8,0.6,0.5,JvG_H_03,JvG_H_low,50,JvG
14,AK_H_15.mp4,happy,0.2,0.2,0.2,7.8,0.2,0.4,AK_H_15,AK_H_high,7,AK
14,AL_H_31.mp4,happy,0.3,0.3,0.3,7.6,0.3,0.2,AL_H_31,AL_H_high,21,AL
14,BP_H_16.mp4,happy,0.2,0.1,0.2,8.2,0.2,0.5,BP_H_16,BP_H_high,35,BP
14,JvG_H_18.mp4,happy,0.1,0.1,0.3,7.8,0.3,0.3,JvG_H_18,JvG_H_high,49,JvG
14,AK_P_59.mp4,pain,2.4,4.3,3.7,0.2,3.9,2.6,AK_P_59,AK_P_low,12,AK
14,AL_P_20.mp4,pain,3.3,3.4,2.1,0.5,4.6,3.6,AL_P_20,AL_P_low,26,AL
14,BP_P_02.mp4,pain,1.3,4.3,2.1,0.6,4.6,2.2,BP_P_02,BP_P_low,40,BP
14,JvG_P_16.mp4,pain,2.3,3.8,2.9,0.3,3.8,1.3,JvG_P_16,JvG_P_low,54,JvG
14,AK_P_21.mp4,pain,2,3.6,2.4,0,6.7,1.6,AK_P_21,AK_P_high,11,AK
14,AL_P_39.mp4,pain,2.7,4.5,3.7,0.4,6.4,2.6,AL_P_39,AL_P_high,25,AL
14,BP_P_18.mp4,pain,1,3,2,0.6,6.4,1.6,BP_P_18,BP_P_high,39,BP
14,JvG_P_20.mp4,pain,1.8,4.6,3.5,0.2,6.9,1.2,JvG_P_20,JvG_P_high,53,JvG
14,AK_S_06.mp4,sad,1.2,1.5,2.7,0.8,3.2,5.1,AK_S_06,AK_S_low,14,AK
14,AL_S_04.mp4,sad,1.8,3.5,3.6,0.2,3,5.1,AL_S_04,AL_S_low,28,AL
14,BP_S_13.mp4,sad,1.2,2.2,2.7,0.2,3.1,5,BP_S_13,BP_S_low,42,BP
14,JvG_S_12.mp4,sad,1.3,2,2.7,0.6,3.7,6.1,JvG_S_12,JvG_S_low,56,JvG
14,AK_S_23.mp4,sad,1.3,1.8,3.4,0.9,4.6,7.1,AK_S_23,AK_S_high,13,AK
14,AL_S_53.mp4,sad,1.7,3,5.8,0.2,4.7,7,AL_S_53,AL_S_high,27,AL
14,BP_S_18.mp4,sad,1.8,2.1,3.2,0.2,4.8,7.8,BP_S_18,BP_S_high,41,BP
14,JvG_S_24.mp4,sad,1.4,1.3,3.5,1.5,4.5,7.1,JvG_S_24,JvG_S_high,55,JvG
14,AK_N_01.mp4,neutral,1.8,1.4,0.8,0.2,1.1,2.3,AK_N_01,AK_N_low,10,AK
14,AL_N_01.mp4,neutral,1.5,0.9,1,0.3,0.9,1.9,AL_N_01,AL_N_low,24,AL
14,BP_N_01.mp4,neutral,0.8,1.2,0.4,0.9,0.7,1.3,BP_N_01,BP_N_low,38,BP
14,JvG_N_08.mp4,neutral,0.8,1.1,0.6,1.9,0.7,1.2,JvG_N_08,JvG_N_low,52,JvG
14,AK_N_09.mp4,neutral,2,2,1.4,0.8,1.9,2.1,AK_N_09,AK_N_high,9,AK
14,AL_N_06.mp4,neutral,1.8,1.9,1.4,0.3,1.5,2.4,AL_N_06,AL_N_high,23,AL
14,BP_N_07.mp4,neutral,2,1.9,1.1,0.9,1.4,1.9,BP_N_07,BP_N_high,37,BP
14,JvG_N_17.mp4,neutral,1.4,1.7,0.8,0.8,1.1,2,JvG_N_17,JvG_N_high,51,JvG
15,AK_A_04.mp4,anger,6.5,2.2,1.2,0.1,2.2,1.1,AK_A_04,AK_A_low,2,AK
15,AL_A_03.mp4,anger,5.3,2.3,1.8,0.3,1.5,1.7,AL_A_03,AL_A_low,16,AL
15,BP_A_10.mp4,anger,5.2,2.3,0.9,0.6,1.6,1.6,BP_A_10,BP_A_low,30,BP
15,JvG_A_14.mp4,anger,6.2,2.6,1.4,0.5,1.8,1.6,JvG_A_14,JvG_A_low,44,JvG
15,AK_A_32.mp4,anger,7.5,3.5,2.1,0.3,4,1.3,AK_A_32,AK_A_high,1,AK
15,AL_A_20.mp4,anger,7.6,2.4,1.7,0.2,1.7,1.1,AL_A_20,AL_A_high,15,AL
15,BP_A_41.mp4,anger,7.5,2.1,1.8,0.4,2.3,1.3,BP_A_41,BP_A_high,29,BP
15,JvG_A_19.mp4,anger,7.6,2.4,1.5,0.3,2.2,1.7,JvG_A_19,JvG_A_high,43,JvG
15,AK_D_02.mp4,disgust,2.1,5.3,1.4,0.5,2.1,3.2,AK_D_02,AK_D_low,4,AK
15,AL_D_12.mp4,disgust,3.1,5.8,1,0.5,1.4,1.7,AL_D_12,AL_D_low,18,AL
15,BP_D_03.mp4,disgust,1.6,5.5,1.9,0.2,2.2,1.5,BP_D_03,BP_D_low,32,BP
15,JvG_D_02.mp4,disgust,1.7,6.1,2.1,0.2,2.3,2.2,JvG_D_02,JvG_D_low,46,JvG
15,AK_D_12.mp4,disgust,1.3,7.5,1.4,0.6,2.2,1.5,AK_D_12,AK_D_high,3,AK
15,AL_D_29.mp4,disgust,1.6,8,1,0.4,1.3,1.3,AL_D_29,AL_D_high,17,AL
15,BP_D_25.mp4,disgust,1.3,7.5,2.6,0.1,3.2,2,BP_D_25,BP_D_high,31,BP
15,JvG_D_23.mp4,disgust,1.8,7.6,1.6,0.1,2.8,1.2,JvG_D_23,JvG_D_high,45,JvG
15,AK_F_02.mp4,fear,1.8,2.5,4.7,0.2,2.5,0.9,AK_F_02,AK_F_low,6,AK
15,AL_F_08.mp4,fear,1,2.7,5.1,0.6,1.1,1.2,AL_F_08,AL_F_low,20,AL
15,BP_F_02.mp4,fear,1.2,1.7,4.9,0.2,1.7,1.2,BP_F_02,BP_F_low,34,BP
15,JvG_F_01.mp4,fear,1,3,5.1,0.6,2.6,2.7,JvG_F_01,JvG_F_low,48,JvG
15,AK_F_24.mp4,fear,1.4,2.6,6.3,0.2,3.2,1.4,AK_F_24,AK_F_high,5,AK
15,AL_F_46.mp4,fear,0.9,2.1,6.6,1,1.9,1,AL_F_46,AL_F_high,19,AL
15,BP_F_46.mp4,fear,1.6,3.2,6.6,0.2,2.2,0.8,BP_F_46,BP_F_high,33,BP
15,JvG_F_13.mp4,fear,1.3,3.2,7.2,0.5,4.8,3.6,JvG_F_13,JvG_F_high,47,JvG
15,AK_H_28.mp4,happy,0.2,0.4,0.1,6,0.3,0.7,AK_H_28,AK_H_low,8,AK
15,AL_H_03.mp4,happy,0.3,0.3,0.4,6,0.7,0.4,AL_H_03,AL_H_low,22,AL
15,BP_H_05.mp4,happy,0.4,0.5,0.3,6.1,0.2,0.5,BP_H_05,BP_H_low,36,BP
15,JvG_H_03.mp4,happy,0.4,0.3,0.5,5.8,0.6,0.5,JvG_H_03,JvG_H_low,50,JvG
15,AK_H_15.mp4,happy,0.2,0.2,0.2,7.8,0.2,0.4,AK_H_15,AK_H_high,7,AK
15,AL_H_31.mp4,happy,0.3,0.3,0.3,7.6,0.3,0.2,AL_H_31,AL_H_high,21,AL
15,BP_H_16.mp4,happy,0.2,0.1,0.2,8.2,0.2,0.5,BP_H_16,BP_H_high,35,BP
15,JvG_H_18.mp4,happy,0.1,0.1,0.3,7.8,0.3,0.3,JvG_H_18,JvG_H_high,49,JvG
15,AK_P_59.mp4,pain,2.4,4.3,3.7,0.2,3.9,2.6,AK_P_59,AK_P_low,12,AK
15,AL_P_20.mp4,pain,3.3,3.4,2.1,0.5,4.6,3.6,AL_P_20,AL_P_low,26,AL
15,BP_P_02.mp4,pain,1.3,4.3,2.1,0.6,4.6,2.2,BP_P_02,BP_P_low,40,BP
15,JvG_P_16.mp4,pain,2.3,3.8,2.9,0.3,3.8,1.3,JvG_P_16,JvG_P_low,54,JvG
15,AK_P_21.mp4,pain,2,3.6,2.4,0,6.7,1.6,AK_P_21,AK_P_high,11,AK
15,AL_P_39.mp4,pain,2.7,4.5,3.7,0.4,6.4,2.6,AL_P_39,AL_P_high,25,AL
15,BP_P_18.mp4,pain,1,3,2,0.6,6.4,1.6,BP_P_18,BP_P_high,39,BP
15,JvG_P_20.mp4,pain,1.8,4.6,3.5,0.2,6.9,1.2,JvG_P_20,JvG_P_high,53,JvG
15,AK_S_06.mp4,sad,1.2,1.5,2.7,0.8,3.2,5.1,AK_S_06,AK_S_low,14,AK
15,AL_S_04.mp4,sad,1.8,3.5,3.6,0.2,3,5.1,AL_S_04,AL_S_low,28,AL
15,BP_S_13.mp4,sad,1.2,2.2,2.7,0.2,3.1,5,BP_S_13,BP_S_low,42,BP
15,JvG_S_12.mp4,sad,1.3,2,2.7,0.6,3.7,6.1,JvG_S_12,JvG_S_low,56,JvG
15,AK_S_23.mp4,sad,1.3,1.8,3.4,0.9,4.6,7.1,AK_S_23,AK_S_high,13,AK
15,AL_S_53.mp4,sad,1.7,3,5.8,0.2,4.7,7,AL_S_53,AL_S_high,27,AL
15,BP_S_18.mp4,sad,1.8,2.1,3.2,0.2,4.8,7.8,BP_S_18,BP_S_high,41,BP
15,JvG_S_24.mp4,sad,1.4,1.3,3.5,1.5,4.5,7.1,JvG_S_24,JvG_S_high,55,JvG
15,AK_N_01.mp4,neutral,1.8,1.4,0.8,0.2,1.1,2.3,AK_N_01,AK_N_low,10,AK
15,AL_N_01.mp4,neutral,1.5,0.9,1,0.3,0.9,1.9,AL_N_01,AL_N_low,24,AL
15,BP_N_01.mp4,neutral,0.8,1.2,0.4,0.9,0.7,1.3,BP_N_01,BP_N_low,38,BP
15,JvG_N_08.mp4,neutral,0.8,1.1,0.6,1.9,0.7,1.2,JvG_N_08,JvG_N_low,52,JvG
15,AK_N_09.mp4,neutral,2,2,1.4,0.8,1.9,2.1,AK_N_09,AK_N_high,9,AK
15,AL_N_06.mp4,neutral,1.8,1.9,1.4,0.3,1.5,2.4,AL_N_06,AL_N_high,23,AL
15,BP_N_07.mp4,neutral,2,1.9,1.1,0.9,1.4,1.9,BP_N_07,BP_N_high,37,BP
15,JvG_N_17.mp4,neutral,1.4,1.7,0.8,0.8,1.1,2,JvG_N_17,JvG_N_high,51,JvG
16,AK_A_04.mp4,anger,6.5,2.2,1.2,0.1,2.2,1.1,AK_A_04,AK_A_low,2,AK
16,AL_A_03.mp4,anger,5.3,2.3,1.8,0.3,1.5,1.7,AL_A_03,AL_A_low,16,AL
16,BP_A_10.mp4,anger,5.2,2.3,0.9,0.6,1.6,1.6,BP_A_10,BP_A_low,30,BP
16,JvG_A_14.mp4,anger,6.2,2.6,1.4,0.5,1.8,1.6,JvG_A_14,JvG_A_low,44,JvG
16,AK_A_32.mp4,anger,7.5,3.5,2.1,0.3,4,1.3,AK_A_32,AK_A_high,1,AK
16,AL_A_20.mp4,anger,7.6,2.4,1.7,0.2,1.7,1.1,AL_A_20,AL_A_high,15,AL
16,BP_A_41.mp4,anger,7.5,2.1,1.8,0.4,2.3,1.3,BP_A_41,BP_A_high,29,BP
16,JvG_A_19.mp4,anger,7.6,2.4,1.5,0.3,2.2,1.7,JvG_A_19,JvG_A_high,43,JvG
16,AK_D_02.mp4,disgust,2.1,5.3,1.4,0.5,2.1,3.2,AK_D_02,AK_D_low,4,AK
16,AL_D_12.mp4,disgust,3.1,5.8,1,0.5,1.4,1.7,AL_D_12,AL_D_low,18,AL
16,BP_D_03.mp4,disgust,1.6,5.5,1.9,0.2,2.2,1.5,BP_D_03,BP_D_low,32,BP
16,JvG_D_02.mp4,disgust,1.7,6.1,2.1,0.2,2.3,2.2,JvG_D_02,JvG_D_low,46,JvG
16,AK_D_12.mp4,disgust,1.3,7.5,1.4,0.6,2.2,1.5,AK_D_12,AK_D_high,3,AK
16,AL_D_29.mp4,disgust,1.6,8,1,0.4,1.3,1.3,AL_D_29,AL_D_high,17,AL
16,BP_D_25.mp4,disgust,1.3,7.5,2.6,0.1,3.2,2,BP_D_25,BP_D_high,31,BP
16,JvG_D_23.mp4,disgust,1.8,7.6,1.6,0.1,2.8,1.2,JvG_D_23,JvG_D_high,45,JvG
16,AK_F_02.mp4,fear,1.8,2.5,4.7,0.2,2.5,0.9,AK_F_02,AK_F_low,6,AK
16,AL_F_08.mp4,fear,1,2.7,5.1,0.6,1.1,1.2,AL_F_08,AL_F_low,20,AL
16,BP_F_02.mp4,fear,1.2,1.7,4.9,0.2,1.7,1.2,BP_F_02,BP_F_low,34,BP
16,JvG_F_01.mp4,fear,1,3,5.1,0.6,2.6,2.7,JvG_F_01,JvG_F_low,48,JvG
16,AK_F_24.mp4,fear,1.4,2.6,6.3,0.2,3.2,1.4,AK_F_24,AK_F_high,5,AK
16,AL_F_46.mp4,fear,0.9,2.1,6.6,1,1.9,1,AL_F_46,AL_F_high,19,AL
16,BP_F_46.mp4,fear,1.6,3.2,6.6,0.2,2.2,0.8,BP_F_46,BP_F_high,33,BP
16,JvG_F_13.mp4,fear,1.3,3.2,7.2,0.5,4.8,3.6,JvG_F_13,JvG_F_high,47,JvG
16,AK_H_28.mp4,happy,0.2,0.4,0.1,6,0.3,0.7,AK_H_28,AK_H_low,8,AK
16,AL_H_03.mp4,happy,0.3,0.3,0.4,6,0.7,0.4,AL_H_03,AL_H_low,22,AL
16,BP_H_05.mp4,happy,0.4,0.5,0.3,6.1,0.2,0.5,BP_H_05,BP_H_low,36,BP
16,JvG_H_03.mp4,happy,0.4,0.3,0.5,5.8,0.6,0.5,JvG_H_03,JvG_H_low,50,JvG
16,AK_H_15.mp4,happy,0.2,0.2,0.2,7.8,0.2,0.4,AK_H_15,AK_H_high,7,AK
16,AL_H_31.mp4,happy,0.3,0.3,0.3,7.6,0.3,0.2,AL_H_31,AL_H_high,21,AL
16,BP_H_16.mp4,happy,0.2,0.1,0.2,8.2,0.2,0.5,BP_H_16,BP_H_high,35,BP
16,JvG_H_18.mp4,happy,0.1,0.1,0.3,7.8,0.3,0.3,JvG_H_18,JvG_H_high,49,JvG
16,AK_P_59.mp4,pain,2.4,4.3,3.7,0.2,3.9,2.6,AK_P_59,AK_P_low,12,AK
16,AL_P_20.mp4,pain,3.3,3.4,2.1,0.5,4.6,3.6,AL_P_20,AL_P_low,26,AL
16,BP_P_02.mp4,pain,1.3,4.3,2.1,0.6,4.6,2.2,BP_P_02,BP_P_low,40,BP
16,JvG_P_16.mp4,pain,2.3,3.8,2.9,0.3,3.8,1.3,JvG_P_16,JvG_P_low,54,JvG
16,AK_P_21.mp4,pain,2,3.6,2.4,0,6.7,1.6,AK_P_21,AK_P_high,11,AK
16,AL_P_39.mp4,pain,2.7,4.5,3.7,0.4,6.4,2.6,AL_P_39,AL_P_high,25,AL
16,BP_P_18.mp4,pain,1,3,2,0.6,6.4,1.6,BP_P_18,BP_P_high,39,BP
16,JvG_P_20.mp4,pain,1.8,4.6,3.5,0.2,6.9,1.2,JvG_P_20,JvG_P_high,53,JvG
16,AK_S_06.mp4,sad,1.2,1.5,2.7,0.8,3.2,5.1,AK_S_06,AK_S_low,14,AK
16,AL_S_04.mp4,sad,1.8,3.5,3.6,0.2,3,5.1,AL_S_04,AL_S_low,28,AL
16,BP_S_13.mp4,sad,1.2,2.2,2.7,0.2,3.1,5,BP_S_13,BP_S_low,42,BP
16,JvG_S_12.mp4,sad,1.3,2,2.7,0.6,3.7,6.1,JvG_S_12,JvG_S_low,56,JvG
16,AK_S_23.mp4,sad,1.3,1.8,3.4,0.9,4.6,7.1,AK_S_23,AK_S_high,13,AK
16,AL_S_53.mp4,sad,1.7,3,5.8,0.2,4.7,7,AL_S_53,AL_S_high,27,AL
16,BP_S_18.mp4,sad,1.8,2.1,3.2,0.2,4.8,7.8,BP_S_18,BP_S_high,41,BP
16,JvG_S_24.mp4,sad,1.4,1.3,3.5,1.5,4.5,7.1,JvG_S_24,JvG_S_high,55,JvG
16,AK_N_01.mp4,neutral,1.8,1.4,0.8,0.2,1.1,2.3,AK_N_01,AK_N_low,10,AK
16,AL_N_01.mp4,neutral,1.5,0.9,1,0.3,0.9,1.9,AL_N_01,AL_N_low,24,AL
16,BP_N_01.mp4,neutral,0.8,1.2,0.4,0.9,0.7,1.3,BP_N_01,BP_N_low,38,BP
16,JvG_N_08.mp4,neutral,0.8,1.1,0.6,1.9,0.7,1.2,JvG_N_08,JvG_N_low,52,JvG
16,AK_N_09.mp4,neutral,2,2,1.4,0.8,1.9,2.1,AK_N_09,AK_N_high,9,AK
16,AL_N_06.mp4,neutral,1.8,1.9,1.4,0.3,1.5,2.4,AL_N_06,AL_N_high,23,AL
16,BP_N_07.mp4,neutral,2,1.9,1.1,0.9,1.4,1.9,BP_N_07,BP_N_high,37,BP
16,JvG_N_17.mp4,neutral,1.4,1.7,0.8,0.8,1.1,2,JvG_N_17,JvG_N_high,51,JvG
18,AK_A_04.mp4,anger,6.5,2.2,1.2,0.1,2.2,1.1,AK_A_04,AK_A_low,2,AK
18,AL_A_03.mp4,anger,5.3,2.3,1.8,0.3,1.5,1.7,AL_A_03,AL_A_low,16,AL
18,BP_A_10.mp4,anger,5.2,2.3,0.9,0.6,1.6,1.6,BP_A_10,BP_A_low,30,BP
18,JvG_A_14.mp4,anger,6.2,2.6,1.4,0.5,1.8,1.6,JvG_A_14,JvG_A_low,44,JvG
18,AK_A_32.mp4,anger,7.5,3.5,2.1,0.3,4,1.3,AK_A_32,AK_A_high,1,AK
18,AL_A_20.mp4,anger,7.6,2.4,1.7,0.2,1.7,1.1,AL_A_20,AL_A_high,15,AL
18,BP_A_41.mp4,anger,7.5,2.1,1.8,0.4,2.3,1.3,BP_A_41,BP_A_high,29,BP
18,JvG_A_19.mp4,anger,7.6,2.4,1.5,0.3,2.2,1.7,JvG_A_19,JvG_A_high,43,JvG
18,AK_D_02.mp4,disgust,2.1,5.3,1.4,0.5,2.1,3.2,AK_D_02,AK_D_low,4,AK
18,AL_D_12.mp4,disgust,3.1,5.8,1,0.5,1.4,1.7,AL_D_12,AL_D_low,18,AL
18,BP_D_03.mp4,disgust,1.6,5.5,1.9,0.2,2.2,1.5,BP_D_03,BP_D_low,32,BP
18,JvG_D_02.mp4,disgust,1.7,6.1,2.1,0.2,2.3,2.2,JvG_D_02,JvG_D_low,46,JvG
18,AK_D_12.mp4,disgust,1.3,7.5,1.4,0.6,2.2,1.5,AK_D_12,AK_D_high,3,AK
18,AL_D_29.mp4,disgust,1.6,8,1,0.4,1.3,1.3,AL_D_29,AL_D_high,17,AL
18,BP_D_25.mp4,disgust,1.3,7.5,2.6,0.1,3.2,2,BP_D_25,BP_D_high,31,BP
18,JvG_D_23.mp4,disgust,1.8,7.6,1.6,0.1,2.8,1.2,JvG_D_23,JvG_D_high,45,JvG
18,AK_F_02.mp4,fear,1.8,2.5,4.7,0.2,2.5,0.9,AK_F_02,AK_F_low,6,AK
18,AL_F_08.mp4,fear,1,2.7,5.1,0.6,1.1,1.2,AL_F_08,AL_F_low,20,AL
18,BP_F_02.mp4,fear,1.2,1.7,4.9,0.2,1.7,1.2,BP_F_02,BP_F_low,34,BP
18,JvG_F_01.mp4,fear,1,3,5.1,0.6,2.6,2.7,JvG_F_01,JvG_F_low,48,JvG
18,AK_F_24.mp4,fear,1.4,2.6,6.3,0.2,3.2,1.4,AK_F_24,AK_F_high,5,AK
18,AL_F_46.mp4,fear,0.9,2.1,6.6,1,1.9,1,AL_F_46,AL_F_high,19,AL
18,BP_F_46.mp4,fear,1.6,3.2,6.6,0.2,2.2,0.8,BP_F_46,BP_F_high,33,BP
18,JvG_F_13.mp4,fear,1.3,3.2,7.2,0.5,4.8,3.6,JvG_F_13,JvG_F_high,47,JvG
18,AK_H_28.mp4,happy,0.2,0.4,0.1,6,0.3,0.7,AK_H_28,AK_H_low,8,AK
18,AL_H_03.mp4,happy,0.3,0.3,0.4,6,0.7,0.4,AL_H_03,AL_H_low,22,AL
18,BP_H_05.mp4,happy,0.4,0.5,0.3,6.1,0.2,0.5,BP_H_05,BP_H_low,36,BP
18,JvG_H_03.mp4,happy,0.4,0.3,0.5,5.8,0.6,0.5,JvG_H_03,JvG_H_low,50,JvG
18,AK_H_15.mp4,happy,0.2,0.2,0.2,7.8,0.2,0.4,AK_H_15,AK_H_high,7,AK
18,AL_H_31.mp4,happy,0.3,0.3,0.3,7.6,0.3,0.2,AL_H_31,AL_H_high,21,AL
18,BP_H_16.mp4,happy,0.2,0.1,0.2,8.2,0.2,0.5,BP_H_16,BP_H_high,35,BP
18,JvG_H_18.mp4,happy,0.1,0.1,0.3,7.8,0.3,0.3,JvG_H_18,JvG_H_high,49,JvG
18,AK_P_59.mp4,pain,2.4,4.3,3.7,0.2,3.9,2.6,AK_P_59,AK_P_low,12,AK
18,AL_P_20.mp4,pain,3.3,3.4,2.1,0.5,4.6,3.6,AL_P_20,AL_P_low,26,AL
18,BP_P_02.mp4,pain,1.3,4.3,2.1,0.6,4.6,2.2,BP_P_02,BP_P_low,40,BP
18,JvG_P_16.mp4,pain,2.3,3.8,2.9,0.3,3.8,1.3,JvG_P_16,JvG_P_low,54,JvG
18,AK_P_21.mp4,pain,2,3.6,2.4,0,6.7,1.6,AK_P_21,AK_P_high,11,AK
18,AL_P_39.mp4,pain,2.7,4.5,3.7,0.4,6.4,2.6,AL_P_39,AL_P_high,25,AL
18,BP_P_18.mp4,pain,1,3,2,0.6,6.4,1.6,BP_P_18,BP_P_high,39,BP
18,JvG_P_20.mp4,pain,1.8,4.6,3.5,0.2,6.9,1.2,JvG_P_20,JvG_P_high,53,JvG
18,AK_S_06.mp4,sad,1.2,1.5,2.7,0.8,3.2,5.1,AK_S_06,AK_S_low,14,AK
18,AL_S_04.mp4,sad,1.8,3.5,3.6,0.2,3,5.1,AL_S_04,AL_S_low,28,AL
18,BP_S_13.mp4,sad,1.2,2.2,2.7,0.2,3.1,5,BP_S_13,BP_S_low,42,BP
18,JvG_S_12.mp4,sad,1.3,2,2.7,0.6,3.7,6.1,JvG_S_12,JvG_S_low,56,JvG
18,AK_S_23.mp4,sad,1.3,1.8,3.4,0.9,4.6,7.1,AK_S_23,AK_S_high,13,AK
18,AL_S_53.mp4,sad,1.7,3,5.8,0.2,4.7,7,AL_S_53,AL_S_high,27,AL
18,BP_S_18.mp4,sad,1.8,2.1,3.2,0.2,4.8,7.8,BP_S_18,BP_S_high,41,BP
18,JvG_S_24.mp4,sad,1.4,1.3,3.5,1.5,4.5,7.1,JvG_S_24,JvG_S_high,55,JvG
18,AK_N_01.mp4,neutral,1.8,1.4,0.8,0.2,1.1,2.3,AK_N_01,AK_N_low,10,AK
18,AL_N_01.mp4,neutral,1.5,0.9,1,0.3,0.9,1.9,AL_N_01,AL_N_low,24,AL
18,BP_N_01.mp4,neutral,0.8,1.2,0.4,0.9,0.7,1.3,BP_N_01,BP_N_low,38,BP
18,JvG_N_08.mp4,neutral,0.8,1.1,0.6,1.9,0.7,1.2,JvG_N_08,JvG_N_low,52,JvG
18,AK_N_09.mp4,neutral,2,2,1.4,0.8,1.9,2.1,AK_N_09,AK_N_high,9,AK
18,AL_N_06.mp4,neutral,1.8,1.9,1.4,0.3,1.5,2.4,AL_N_06,AL_N_high,23,AL
18,BP_N_07.mp4,neutral,2,1.9,1.1,0.9,1.4,1.9,BP_N_07,BP_N_high,37,BP
18,JvG_N_17.mp4,neutral,1.4,1.7,0.8,0.8,1.1,2,JvG_N_17,JvG_N_high,51,JvG
19,AK_A_04.mp4,anger,6.5,2.2,1.2,0.1,2.2,1.1,AK_A_04,AK_A_low,2,AK
19,AL_A_03.mp4,anger,5.3,2.3,1.8,0.3,1.5,1.7,AL_A_03,AL_A_low,16,AL
19,BP_A_10.mp4,anger,5.2,2.3,0.9,0.6,1.6,1.6,BP_A_10,BP_A_low,30,BP
19,JvG_A_14.mp4,anger,6.2,2.6,1.4,0.5,1.8,1.6,JvG_A_14,JvG_A_low,44,JvG
19,AK_A_32.mp4,anger,7.5,3.5,2.1,0.3,4,1.3,AK_A_32,AK_A_high,1,AK
19,AL_A_20.mp4,anger,7.6,2.4,1.7,0.2,1.7,1.1,AL_A_20,AL_A_high,15,AL
19,BP_A_41.mp4,anger,7.5,2.1,1.8,0.4,2.3,1.3,BP_A_41,BP_A_high,29,BP
19,JvG_A_19.mp4,anger,7.6,2.4,1.5,0.3,2.2,1.7,JvG_A_19,JvG_A_high,43,JvG
19,AK_D_02.mp4,disgust,2.1,5.3,1.4,0.5,2.1,3.2,AK_D_02,AK_D_low,4,AK
19,AL_D_12.mp4,disgust,3.1,5.8,1,0.5,1.4,1.7,AL_D_12,AL_D_low,18,AL
19,BP_D_03.mp4,disgust,1.6,5.5,1.9,0.2,2.2,1.5,BP_D_03,BP_D_low,32,BP
19,JvG_D_02.mp4,disgust,1.7,6.1,2.1,0.2,2.3,2.2,JvG_D_02,JvG_D_low,46,JvG
19,AK_D_12.mp4,disgust,1.3,7.5,1.4,0.6,2.2,1.5,AK_D_12,AK_D_high,3,AK
19,AL_D_29.mp4,disgust,1.6,8,1,0.4,1.3,1.3,AL_D_29,AL_D_high,17,AL
19,BP_D_25.mp4,disgust,1.3,7.5,2.6,0.1,3.2,2,BP_D_25,BP_D_high,31,BP
19,JvG_D_23.mp4,disgust,1.8,7.6,1.6,0.1,2.8,1.2,JvG_D_23,JvG_D_high,45,JvG
19,AK_F_02.mp4,fear,1.8,2.5,4.7,0.2,2.5,0.9,AK_F_02,AK_F_low,6,AK
19,AL_F_08.mp4,fear,1,2.7,5.1,0.6,1.1,1.2,AL_F_08,AL_F_low,20,AL
19,BP_F_02.mp4,fear,1.2,1.7,4.9,0.2,1.7,1.2,BP_F_02,BP_F_low,34,BP
19,JvG_F_01.mp4,fear,1,3,5.1,0.6,2.6,2.7,JvG_F_01,JvG_F_low,48,JvG
19,AK_F_24.mp4,fear,1.4,2.6,6.3,0.2,3.2,1.4,AK_F_24,AK_F_high,5,AK
19,AL_F_46.mp4,fear,0.9,2.1,6.6,1,1.9,1,AL_F_46,AL_F_high,19,AL
19,BP_F_46.mp4,fear,1.6,3.2,6.6,0.2,2.2,0.8,BP_F_46,BP_F_high,33,BP
19,JvG_F_13.mp4,fear,1.3,3.2,7.2,0.5,4.8,3.6,JvG_F_13,JvG_F_high,47,JvG
19,AK_H_28.mp4,happy,0.2,0.4,0.1,6,0.3,0.7,AK_H_28,AK_H_low,8,AK
19,AL_H_03.mp4,happy,0.3,0.3,0.4,6,0.7,0.4,AL_H_03,AL_H_low,22,AL
19,BP_H_05.mp4,happy,0.4,0.5,0.3,6.1,0.2,0.5,BP_H_05,BP_H_low,36,BP
19,JvG_H_03.mp4,happy,0.4,0.3,0.5,5.8,0.6,0.5,JvG_H_03,JvG_H_low,50,JvG
19,AK_H_15.mp4,happy,0.2,0.2,0.2,7.8,0.2,0.4,AK_H_15,AK_H_high,7,AK
19,AL_H_31.mp4,happy,0.3,0.3,0.3,7.6,0.3,0.2,AL_H_31,AL_H_high,21,AL
19,BP_H_16.mp4,happy,0.2,0.1,0.2,8.2,0.2,0.5,BP_H_16,BP_H_high,35,BP
19,JvG_H_18.mp4,happy,0.1,0.1,0.3,7.8,0.3,0.3,JvG_H_18,JvG_H_high,49,JvG
19,AK_P_59.mp4,pain,2.4,4.3,3.7,0.2,3.9,2.6,AK_P_59,AK_P_low,12,AK
19,AL_P_20.mp4,pain,3.3,3.4,2.1,0.5,4.6,3.6,AL_P_20,AL_P_low,26,AL
19,BP_P_02.mp4,pain,1.3,4.3,2.1,0.6,4.6,2.2,BP_P_02,BP_P_low,40,BP
19,JvG_P_16.mp4,pain,2.3,3.8,2.9,0.3,3.8,1.3,JvG_P_16,JvG_P_low,54,JvG
19,AK_P_21.mp4,pain,2,3.6,2.4,0,6.7,1.6,AK_P_21,AK_P_high,11,AK
19,AL_P_39.mp4,pain,2.7,4.5,3.7,0.4,6.4,2.6,AL_P_39,AL_P_high,25,AL
19,BP_P_18.mp4,pain,1,3,2,0.6,6.4,1.6,BP_P_18,BP_P_high,39,BP
19,JvG_P_20.mp4,pain,1.8,4.6,3.5,0.2,6.9,1.2,JvG_P_20,JvG_P_high,53,JvG
19,AK_S_06.mp4,sad,1.2,1.5,2.7,0.8,3.2,5.1,AK_S_06,AK_S_low,14,AK
19,AL_S_04.mp4,sad,1.8,3.5,3.6,0.2,3,5.1,AL_S_04,AL_S_low,28,AL
19,BP_S_13.mp4,sad,1.2,2.2,2.7,0.2,3.1,5,BP_S_13,BP_S_low,42,BP
19,JvG_S_12.mp4,sad,1.3,2,2.7,0.6,3.7,6.1,JvG_S_12,JvG_S_low,56,JvG
19,AK_S_23.mp4,sad,1.3,1.8,3.4,0.9,4.6,7.1,AK_S_23,AK_S_high,13,AK
19,AL_S_53.mp4,sad,1.7,3,5.8,0.2,4.7,7,AL_S_53,AL_S_high,27,AL
19,BP_S_18.mp4,sad,1.8,2.1,3.2,0.2,4.8,7.8,BP_S_18,BP_S_high,41,BP
19,JvG_S_24.mp4,sad,1.4,1.3,3.5,1.5,4.5,7.1,JvG_S_24,JvG_S_high,55,JvG
19,AK_N_01.mp4,neutral,1.8,1.4,0.8,0.2,1.1,2.3,AK_N_01,AK_N_low,10,AK
19,AL_N_01.mp4,neutral,1.5,0.9,1,0.3,0.9,1.9,AL_N_01,AL_N_low,24,AL
19,BP_N_01.mp4,neutral,0.8,1.2,0.4,0.9,0.7,1.3,BP_N_01,BP_N_low,38,BP
19,JvG_N_08.mp4,neutral,0.8,1.1,0.6,1.9,0.7,1.2,JvG_N_08,JvG_N_low,52,JvG
19,AK_N_09.mp4,neutral,2,2,1.4,0.8,1.9,2.1,AK_N_09,AK_N_high,9,AK
19,AL_N_06.mp4,neutral,1.8,1.9,1.4,0.3,1.5,2.4,AL_N_06,AL_N_high,23,AL
19,BP_N_07.mp4,neutral,2,1.9,1.1,0.9,1.4,1.9,BP_N_07,BP_N_high,37,BP
19,JvG_N_17.mp4,neutral,1.4,1.7,0.8,0.8,1.1,2,JvG_N_17,JvG_N_high,51,JvG
20,AK_A_04.mp4,anger,6.5,2.2,1.2,0.1,2.2,1.1,AK_A_04,AK_A_low,2,AK
20,AL_A_03.mp4,anger,5.3,2.3,1.8,0.3,1.5,1.7,AL_A_03,AL_A_low,16,AL
20,BP_A_10.mp4,anger,5.2,2.3,0.9,0.6,1.6,1.6,BP_A_10,BP_A_low,30,BP
20,JvG_A_14.mp4,anger,6.2,2.6,1.4,0.5,1.8,1.6,JvG_A_14,JvG_A_low,44,JvG
20,AK_A_32.mp4,anger,7.5,3.5,2.1,0.3,4,1.3,AK_A_32,AK_A_high,1,AK
20,AL_A_20.mp4,anger,7.6,2.4,1.7,0.2,1.7,1.1,AL_A_20,AL_A_high,15,AL
20,BP_A_41.mp4,anger,7.5,2.1,1.8,0.4,2.3,1.3,BP_A_41,BP_A_high,29,BP
20,JvG_A_19.mp4,anger,7.6,2.4,1.5,0.3,2.2,1.7,JvG_A_19,JvG_A_high,43,JvG
20,AK_D_02.mp4,disgust,2.1,5.3,1.4,0.5,2.1,3.2,AK_D_02,AK_D_low,4,AK
20,AL_D_12.mp4,disgust,3.1,5.8,1,0.5,1.4,1.7,AL_D_12,AL_D_low,18,AL
20,BP_D_03.mp4,disgust,1.6,5.5,1.9,0.2,2.2,1.5,BP_D_03,BP_D_low,32,BP
20,JvG_D_02.mp4,disgust,1.7,6.1,2.1,0.2,2.3,2.2,JvG_D_02,JvG_D_low,46,JvG
20,AK_D_12.mp4,disgust,1.3,7.5,1.4,0.6,2.2,1.5,AK_D_12,AK_D_high,3,AK
20,AL_D_29.mp4,disgust,1.6,8,1,0.4,1.3,1.3,AL_D_29,AL_D_high,17,AL
20,BP_D_25.mp4,disgust,1.3,7.5,2.6,0.1,3.2,2,BP_D_25,BP_D_high,31,BP
20,JvG_D_23.mp4,disgust,1.8,7.6,1.6,0.1,2.8,1.2,JvG_D_23,JvG_D_high,45,JvG
20,AK_F_02.mp4,fear,1.8,2.5,4.7,0.2,2.5,0.9,AK_F_02,AK_F_low,6,AK
20,AL_F_08.mp4,fear,1,2.7,5.1,0.6,1.1,1.2,AL_F_08,AL_F_low,20,AL
20,BP_F_02.mp4,fear,1.2,1.7,4.9,0.2,1.7,1.2,BP_F_02,BP_F_low,34,BP
20,JvG_F_01.mp4,fear,1,3,5.1,0.6,2.6,2.7,JvG_F_01,JvG_F_low,48,JvG
20,AK_F_24.mp4,fear,1.4,2.6,6.3,0.2,3.2,1.4,AK_F_24,AK_F_high,5,AK
20,AL_F_46.mp4,fear,0.9,2.1,6.6,1,1.9,1,AL_F_46,AL_F_high,19,AL
20,BP_F_46.mp4,fear,1.6,3.2,6.6,0.2,2.2,0.8,BP_F_46,BP_F_high,33,BP
20,JvG_F_13.mp4,fear,1.3,3.2,7.2,0.5,4.8,3.6,JvG_F_13,JvG_F_high,47,JvG
20,AK_H_28.mp4,happy,0.2,0.4,0.1,6,0.3,0.7,AK_H_28,AK_H_low,8,AK
20,AL_H_03.mp4,happy,0.3,0.3,0.4,6,0.7,0.4,AL_H_03,AL_H_low,22,AL
20,BP_H_05.mp4,happy,0.4,0.5,0.3,6.1,0.2,0.5,BP_H_05,BP_H_low,36,BP
20,JvG_H_03.mp4,happy,0.4,0.3,0.5,5.8,0.6,0.5,JvG_H_03,JvG_H_low,50,JvG
20,AK_H_15.mp4,happy,0.2,0.2,0.2,7.8,0.2,0.4,AK_H_15,AK_H_high,7,AK
20,AL_H_31.mp4,happy,0.3,0.3,0.3,7.6,0.3,0.2,AL_H_31,AL_H_high,21,AL
20,BP_H_16.mp4,happy,0.2,0.1,0.2,8.2,0.2,0.5,BP_H_16,BP_H_high,35,BP
20,JvG_H_18.mp4,happy,0.1,0.1,0.3,7.8,0.3,0.3,JvG_H_18,JvG_H_high,49,JvG
20,AK_P_59.mp4,pain,2.4,4.3,3.7,0.2,3.9,2.6,AK_P_59,AK_P_low,12,AK
20,AL_P_20.mp4,pain,3.3,3.4,2.1,0.5,4.6,3.6,AL_P_20,AL_P_low,26,AL
20,BP_P_02.mp4,pain,1.3,4.3,2.1,0.6,4.6,2.2,BP_P_02,BP_P_low,40,BP
20,JvG_P_16.mp4,pain,2.3,3.8,2.9,0.3,3.8,1.3,JvG_P_16,JvG_P_low,54,JvG
20,AK_P_21.mp4,pain,2,3.6,2.4,0,6.7,1.6,AK_P_21,AK_P_high,11,AK
20,AL_P_39.mp4,pain,2.7,4.5,3.7,0.4,6.4,2.6,AL_P_39,AL_P_high,25,AL
20,BP_P_18.mp4,pain,1,3,2,0.6,6.4,1.6,BP_P_18,BP_P_high,39,BP
20,JvG_P_20.mp4,pain,1.8,4.6,3.5,0.2,6.9,1.2,JvG_P_20,JvG_P_high,53,JvG
20,AK_S_06.mp4,sad,1.2,1.5,2.7,0.8,3.2,5.1,AK_S_06,AK_S_low,14,AK
20,AL_S_04.mp4,sad,1.8,3.5,3.6,0.2,3,5.1,AL_S_04,AL_S_low,28,AL
20,BP_S_13.mp4,sad,1.2,2.2,2.7,0.2,3.1,5,BP_S_13,BP_S_low,42,BP
20,JvG_S_12.mp4,sad,1.3,2,2.7,0.6,3.7,6.1,JvG_S_12,JvG_S_low,56,JvG
20,AK_S_23.mp4,sad,1.3,1.8,3.4,0.9,4.6,7.1,AK_S_23,AK_S_high,13,AK
20,AL_S_53.mp4,sad,1.7,3,5.8,0.2,4.7,7,AL_S_53,AL_S_high,27,AL
20,BP_S_18.mp4,sad,1.8,2.1,3.2,0.2,4.8,7.8,BP_S_18,BP_S_high,41,BP
20,JvG_S_24.mp4,sad,1.4,1.3,3.5,1.5,4.5,7.1,JvG_S_24,JvG_S_high,55,JvG
20,AK_N_01.mp4,neutral,1.8,1.4,0.8,0.2,1.1,2.3,AK_N_01,AK_N_low,10,AK
20,AL_N_01.mp4,neutral,1.5,0.9,1,0.3,0.9,1.9,AL_N_01,AL_N_low,24,AL
20,BP_N_01.mp4,neutral,0.8,1.2,0.4,0.9,0.7,1.3,BP_N_01,BP_N_low,38,BP
20,JvG_N_08.mp4,neutral,0.8,1.1,0.6,1.9,0.7,1.2,JvG_N_08,JvG_N_low,52,JvG
20,AK_N_09.mp4,neutral,2,2,1.4,0.8,1.9,2.1,AK_N_09,AK_N_high,9,AK
20,AL_N_06.mp4,neutral,1.8,1.9,1.4,0.3,1.5,2.4,AL_N_06,AL_N_high,23,AL
20,BP_N_07.mp4,neutral,2,1.9,1.1,0.9,1.4,1.9,BP_N_07,BP_N_high,37,BP
20,JvG_N_17.mp4,neutral,1.4,1.7,0.8,0.8,1.1,2,JvG_N_17,JvG_N_high,51,JvG
21,AK_A_04.mp4,anger,6.5,2.2,1.2,0.1,2.2,1.1,AK_A_04,AK_A_low,2,AK
21,AL_A_03.mp4,anger,5.3,2.3,1.8,0.3,1.5,1.7,AL_A_03,AL_A_low,16,AL
21,BP_A_10.mp4,anger,5.2,2.3,0.9,0.6,1.6,1.6,BP_A_10,BP_A_low,30,BP
21,JvG_A_14.mp4,anger,6.2,2.6,1.4,0.5,1.8,1.6,JvG_A_14,JvG_A_low,44,JvG
21,AK_A_32.mp4,anger,7.5,3.5,2.1,0.3,4,1.3,AK_A_32,AK_A_high,1,AK
21,AL_A_20.mp4,anger,7.6,2.4,1.7,0.2,1.7,1.1,AL_A_20,AL_A_high,15,AL
21,BP_A_41.mp4,anger,7.5,2.1,1.8,0.4,2.3,1.3,BP_A_41,BP_A_high,29,BP
21,JvG_A_19.mp4,anger,7.6,2.4,1.5,0.3,2.2,1.7,JvG_A_19,JvG_A_high,43,JvG
21,AK_D_02.mp4,disgust,2.1,5.3,1.4,0.5,2.1,3.2,AK_D_02,AK_D_low,4,AK
21,AL_D_12.mp4,disgust,3.1,5.8,1,0.5,1.4,1.7,AL_D_12,AL_D_low,18,AL
21,BP_D_03.mp4,disgust,1.6,5.5,1.9,0.2,2.2,1.5,BP_D_03,BP_D_low,32,BP
21,JvG_D_02.mp4,disgust,1.7,6.1,2.1,0.2,2.3,2.2,JvG_D_02,JvG_D_low,46,JvG
21,AK_D_12.mp4,disgust,1.3,7.5,1.4,0.6,2.2,1.5,AK_D_12,AK_D_high,3,AK
21,AL_D_29.mp4,disgust,1.6,8,1,0.4,1.3,1.3,AL_D_29,AL_D_high,17,AL
21,BP_D_25.mp4,disgust,1.3,7.5,2.6,0.1,3.2,2,BP_D_25,BP_D_high,31,BP
21,JvG_D_23.mp4,disgust,1.8,7.6,1.6,0.1,2.8,1.2,JvG_D_23,JvG_D_high,45,JvG
21,AK_F_02.mp4,fear,1.8,2.5,4.7,0.2,2.5,0.9,AK_F_02,AK_F_low,6,AK
21,AL_F_08.mp4,fear,1,2.7,5.1,0.6,1.1,1.2,AL_F_08,AL_F_low,20,AL
21,BP_F_02.mp4,fear,1.2,1.7,4.9,0.2,1.7,1.2,BP_F_02,BP_F_low,34,BP
21,JvG_F_01.mp4,fear,1,3,5.1,0.6,2.6,2.7,JvG_F_01,JvG_F_low,48,JvG
21,AK_F_24.mp4,fear,1.4,2.6,6.3,0.2,3.2,1.4,AK_F_24,AK_F_high,5,AK
21,AL_F_46.mp4,fear,0.9,2.1,6.6,1,1.9,1,AL_F_46,AL_F_high,19,AL
21,BP_F_46.mp4,fear,1.6,3.2,6.6,0.2,2.2,0.8,BP_F_46,BP_F_high,33,BP
21,JvG_F_13.mp4,fear,1.3,3.2,7.2,0.5,4.8,3.6,JvG_F_13,JvG_F_high,47,JvG
21,AK_H_28.mp4,happy,0.2,0.4,0.1,6,0.3,0.7,AK_H_28,AK_H_low,8,AK
21,AL_H_03.mp4,happy,0.3,0.3,0.4,6,0.7,0.4,AL_H_03,AL_H_low,22,AL
21,BP_H_05.mp4,happy,0.4,0.5,0.3,6.1,0.2,0.5,BP_H_05,BP_H_low,36,BP
21,JvG_H_03.mp4,happy,0.4,0.3,0.5,5.8,0.6,0.5,JvG_H_03,JvG_H_low,50,JvG
21,AK_H_15.mp4,happy,0.2,0.2,0.2,7.8,0.2,0.4,AK_H_15,AK_H_high,7,AK
21,AL_H_31.mp4,happy,0.3,0.3,0.3,7.6,0.3,0.2,AL_H_31,AL_H_high,21,AL
21,BP_H_16.mp4,happy,0.2,0.1,0.2,8.2,0.2,0.5,BP_H_16,BP_H_high,35,BP
21,JvG_H_18.mp4,happy,0.1,0.1,0.3,7.8,0.3,0.3,JvG_H_18,JvG_H_high,49,JvG
21,AK_P_59.mp4,pain,2.4,4.3,3.7,0.2,3.9,2.6,AK_P_59,AK_P_low,12,AK
21,AL_P_20.mp4,pain,3.3,3.4,2.1,0.5,4.6,3.6,AL_P_20,AL_P_low,26,AL
21,BP_P_02.mp4,pain,1.3,4.3,2.1,0.6,4.6,2.2,BP_P_02,BP_P_low,40,BP
21,JvG_P_16.mp4,pain,2.3,3.8,2.9,0.3,3.8,1.3,JvG_P_16,JvG_P_low,54,JvG
21,AK_P_21.mp4,pain,2,3.6,2.4,0,6.7,1.6,AK_P_21,AK_P_high,11,AK
21,AL_P_39.mp4,pain,2.7,4.5,3.7,0.4,6.4,2.6,AL_P_39,AL_P_high,25,AL
21,BP_P_18.mp4,pain,1,3,2,0.6,6.4,1.6,BP_P_18,BP_P_high,39,BP
21,JvG_P_20.mp4,pain,1.8,4.6,3.5,0.2,6.9,1.2,JvG_P_20,JvG_P_high,53,JvG
21,AK_S_06.mp4,sad,1.2,1.5,2.7,0.8,3.2,5.1,AK_S_06,AK_S_low,14,AK
21,AL_S_04.mp4,sad,1.8,3.5,3.6,0.2,3,5.1,AL_S_04,AL_S_low,28,AL
21,BP_S_13.mp4,sad,1.2,2.2,2.7,0.2,3.1,5,BP_S_13,BP_S_low,42,BP
21,JvG_S_12.mp4,sad,1.3,2,2.7,0.6,3.7,6.1,JvG_S_12,JvG_S_low,56,JvG
21,AK_S_23.mp4,sad,1.3,1.8,3.4,0.9,4.6,7.1,AK_S_23,AK_S_high,13,AK
21,AL_S_53.mp4,sad,1.7,3,5.8,0.2,4.7,7,AL_S_53,AL_S_high,27,AL
21,BP_S_18.mp4,sad,1.8,2.1,3.2,0.2,4.8,7.8,BP_S_18,BP_S_high,41,BP
21,JvG_S_24.mp4,sad,1.4,1.3,3.5,1.5,4.5,7.1,JvG_S_24,JvG_S_high,55,JvG
21,AK_N_01.mp4,neutral,1.8,1.4,0.8,0.2,1.1,2.3,AK_N_01,AK_N_low,10,AK
21,AL_N_01.mp4,neutral,1.5,0.9,1,0.3,0.9,1.9,AL_N_01,AL_N_low,24,AL
21,BP_N_01.mp4,neutral,0.8,1.2,0.4,0.9,0.7,1.3,BP_N_01,BP_N_low,38,BP
21,JvG_N_08.mp4,neutral,0.8,1.1,0.6,1.9,0.7,1.2,JvG_N_08,JvG_N_low,52,JvG
21,AK_N_09.mp4,neutral,2,2,1.4,0.8,1.9,2.1,AK_N_09,AK_N_high,9,AK
21,AL_N_06.mp4,neutral,1.8,1.9,1.4,0.3,1.5,2.4,AL_N_06,AL_N_high,23,AL
21,BP_N_07.mp4,neutral,2,1.9,1.1,0.9,1.4,1.9,BP_N_07,BP_N_high,37,BP
21,JvG_N_17.mp4,neutral,1.4,1.7,0.8,0.8,1.1,2,JvG_N_17,JvG_N_high,51,JvG
22,AK_A_04.mp4,anger,6.5,2.2,1.2,0.1,2.2,1.1,AK_A_04,AK_A_low,2,AK
22,AL_A_03.mp4,anger,5.3,2.3,1.8,0.3,1.5,1.7,AL_A_03,AL_A_low,16,AL
22,BP_A_10.mp4,anger,5.2,2.3,0.9,0.6,1.6,1.6,BP_A_10,BP_A_low,30,BP
22,JvG_A_14.mp4,anger,6.2,2.6,1.4,0.5,1.8,1.6,JvG_A_14,JvG_A_low,44,JvG
22,AK_A_32.mp4,anger,7.5,3.5,2.1,0.3,4,1.3,AK_A_32,AK_A_high,1,AK
22,AL_A_20.mp4,anger,7.6,2.4,1.7,0.2,1.7,1.1,AL_A_20,AL_A_high,15,AL
22,BP_A_41.mp4,anger,7.5,2.1,1.8,0.4,2.3,1.3,BP_A_41,BP_A_high,29,BP
22,JvG_A_19.mp4,anger,7.6,2.4,1.5,0.3,2.2,1.7,JvG_A_19,JvG_A_high,43,JvG
22,AK_D_02.mp4,disgust,2.1,5.3,1.4,0.5,2.1,3.2,AK_D_02,AK_D_low,4,AK
22,AL_D_12.mp4,disgust,3.1,5.8,1,0.5,1.4,1.7,AL_D_12,AL_D_low,18,AL
22,BP_D_03.mp4,disgust,1.6,5.5,1.9,0.2,2.2,1.5,BP_D_03,BP_D_low,32,BP
22,JvG_D_02.mp4,disgust,1.7,6.1,2.1,0.2,2.3,2.2,JvG_D_02,JvG_D_low,46,JvG
22,AK_D_12.mp4,disgust,1.3,7.5,1.4,0.6,2.2,1.5,AK_D_12,AK_D_high,3,AK
22,AL_D_29.mp4,disgust,1.6,8,1,0.4,1.3,1.3,AL_D_29,AL_D_high,17,AL
22,BP_D_25.mp4,disgust,1.3,7.5,2.6,0.1,3.2,2,BP_D_25,BP_D_high,31,BP
22,JvG_D_23.mp4,disgust,1.8,7.6,1.6,0.1,2.8,1.2,JvG_D_23,JvG_D_high,45,JvG
22,AK_F_02.mp4,fear,1.8,2.5,4.7,0.2,2.5,0.9,AK_F_02,AK_F_low,6,AK
22,AL_F_08.mp4,fear,1,2.7,5.1,0.6,1.1,1.2,AL_F_08,AL_F_low,20,AL
22,BP_F_02.mp4,fear,1.2,1.7,4.9,0.2,1.7,1.2,BP_F_02,BP_F_low,34,BP
22,JvG_F_01.mp4,fear,1,3,5.1,0.6,2.6,2.7,JvG_F_01,JvG_F_low,48,JvG
22,AK_F_24.mp4,fear,1.4,2.6,6.3,0.2,3.2,1.4,AK_F_24,AK_F_high,5,AK
22,AL_F_46.mp4,fear,0.9,2.1,6.6,1,1.9,1,AL_F_46,AL_F_high,19,AL
22,BP_F_46.mp4,fear,1.6,3.2,6.6,0.2,2.2,0.8,BP_F_46,BP_F_high,33,BP
22,JvG_F_13.mp4,fear,1.3,3.2,7.2,0.5,4.8,3.6,JvG_F_13,JvG_F_high,47,JvG
22,AK_H_28.mp4,happy,0.2,0.4,0.1,6,0.3,0.7,AK_H_28,AK_H_low,8,AK
22,AL_H_03.mp4,happy,0.3,0.3,0.4,6,0.7,0.4,AL_H_03,AL_H_low,22,AL
22,BP_H_05.mp4,happy,0.4,0.5,0.3,6.1,0.2,0.5,BP_H_05,BP_H_low,36,BP
22,JvG_H_03.mp4,happy,0.4,0.3,0.5,5.8,0.6,0.5,JvG_H_03,JvG_H_low,50,JvG
22,AK_H_15.mp4,happy,0.2,0.2,0.2,7.8,0.2,0.4,AK_H_15,AK_H_high,7,AK
22,AL_H_31.mp4,happy,0.3,0.3,0.3,7.6,0.3,0.2,AL_H_31,AL_H_high,21,AL
22,BP_H_16.mp4,happy,0.2,0.1,0.2,8.2,0.2,0.5,BP_H_16,BP_H_high,35,BP
22,JvG_H_18.mp4,happy,0.1,0.1,0.3,7.8,0.3,0.3,JvG_H_18,JvG_H_high,49,JvG
22,AK_P_59.mp4,pain,2.4,4.3,3.7,0.2,3.9,2.6,AK_P_59,AK_P_low,12,AK
22,AL_P_20.mp4,pain,3.3,3.4,2.1,0.5,4.6,3.6,AL_P_20,AL_P_low,26,AL
22,BP_P_02.mp4,pain,1.3,4.3,2.1,0.6,4.6,2.2,BP_P_02,BP_P_low,40,BP
22,JvG_P_16.mp4,pain,2.3,3.8,2.9,0.3,3.8,1.3,JvG_P_16,JvG_P_low,54,JvG
22,AK_P_21.mp4,pain,2,3.6,2.4,0,6.7,1.6,AK_P_21,AK_P_high,11,AK
22,AL_P_39.mp4,pain,2.7,4.5,3.7,0.4,6.4,2.6,AL_P_39,AL_P_high,25,AL
22,BP_P_18.mp4,pain,1,3,2,0.6,6.4,1.6,BP_P_18,BP_P_high,39,BP
22,JvG_P_20.mp4,pain,1.8,4.6,3.5,0.2,6.9,1.2,JvG_P_20,JvG_P_high,53,JvG
22,AK_S_06.mp4,sad,1.2,1.5,2.7,0.8,3.2,5.1,AK_S_06,AK_S_low,14,AK
22,AL_S_04.mp4,sad,1.8,3.5,3.6,0.2,3,5.1,AL_S_04,AL_S_low,28,AL
22,BP_S_13.mp4,sad,1.2,2.2,2.7,0.2,3.1,5,BP_S_13,BP_S_low,42,BP
22,JvG_S_12.mp4,sad,1.3,2,2.7,0.6,3.7,6.1,JvG_S_12,JvG_S_low,56,JvG
22,AK_S_23.mp4,sad,1.3,1.8,3.4,0.9,4.6,7.1,AK_S_23,AK_S_high,13,AK
22,AL_S_53.mp4,sad,1.7,3,5.8,0.2,4.7,7,AL_S_53,AL_S_high,27,AL
22,BP_S_18.mp4,sad,1.8,2.1,3.2,0.2,4.8,7.8,BP_S_18,BP_S_high,41,BP
22,JvG_S_24.mp4,sad,1.4,1.3,3.5,1.5,4.5,7.1,JvG_S_24,JvG_S_high,55,JvG
22,AK_N_01.mp4,neutral,1.8,1.4,0.8,0.2,1.1,2.3,AK_N_01,AK_N_low,10,AK
22,AL_N_01.mp4,neutral,1.5,0.9,1,0.3,0.9,1.9,AL_N_01,AL_N_low,24,AL
22,BP_N_01.mp4,neutral,0.8,1.2,0.4,0.9,0.7,1.3,BP_N_01,BP_N_low,38,BP
22,JvG_N_08.mp4,neutral,0.8,1.1,0.6,1.9,0.7,1.2,JvG_N_08,JvG_N_low,52,JvG
22,AK_N_09.mp4,neutral,2,2,1.4,0.8,1.9,2.1,AK_N_09,AK_N_high,9,AK
22,AL_N_06.mp4,neutral,1.8,1.9,1.4,0.3,1.5,2.4,AL_N_06,AL_N_high,23,AL
22,BP_N_07.mp4,neutral,2,1.9,1.1,0.9,1.4,1.9,BP_N_07,BP_N_high,37,BP
22,JvG_N_17.mp4,neutral,1.4,1.7,0.8,0.8,1.1,2,JvG_N_17,JvG_N_high,51,JvG
23,AK_A_04.mp4,anger,6.5,2.2,1.2,0.1,2.2,1.1,AK_A_04,AK_A_low,2,AK
23,AL_A_03.mp4,anger,5.3,2.3,1.8,0.3,1.5,1.7,AL_A_03,AL_A_low,16,AL
23,BP_A_10.mp4,anger,5.2,2.3,0.9,0.6,1.6,1.6,BP_A_10,BP_A_low,30,BP
23,JvG_A_14.mp4,anger,6.2,2.6,1.4,0.5,1.8,1.6,JvG_A_14,JvG_A_low,44,JvG
23,AK_A_32.mp4,anger,7.5,3.5,2.1,0.3,4,1.3,AK_A_32,AK_A_high,1,AK
23,AL_A_20.mp4,anger,7.6,2.4,1.7,0.2,1.7,1.1,AL_A_20,AL_A_high,15,AL
23,BP_A_41.mp4,anger,7.5,2.1,1.8,0.4,2.3,1.3,BP_A_41,BP_A_high,29,BP
23,JvG_A_19.mp4,anger,7.6,2.4,1.5,0.3,2.2,1.7,JvG_A_19,JvG_A_high,43,JvG
23,AK_D_02.mp4,disgust,2.1,5.3,1.4,0.5,2.1,3.2,AK_D_02,AK_D_low,4,AK
23,AL_D_12.mp4,disgust,3.1,5.8,1,0.5,1.4,1.7,AL_D_12,AL_D_low,18,AL
23,BP_D_03.mp4,disgust,1.6,5.5,1.9,0.2,2.2,1.5,BP_D_03,BP_D_low,32,BP
23,JvG_D_02.mp4,disgust,1.7,6.1,2.1,0.2,2.3,2.2,JvG_D_02,JvG_D_low,46,JvG
23,AK_D_12.mp4,disgust,1.3,7.5,1.4,0.6,2.2,1.5,AK_D_12,AK_D_high,3,AK
23,AL_D_29.mp4,disgust,1.6,8,1,0.4,1.3,1.3,AL_D_29,AL_D_high,17,AL
23,BP_D_25.mp4,disgust,1.3,7.5,2.6,0.1,3.2,2,BP_D_25,BP_D_high,31,BP
23,JvG_D_23.mp4,disgust,1.8,7.6,1.6,0.1,2.8,1.2,JvG_D_23,JvG_D_high,45,JvG
23,AK_F_02.mp4,fear,1.8,2.5,4.7,0.2,2.5,0.9,AK_F_02,AK_F_low,6,AK
23,AL_F_08.mp4,fear,1,2.7,5.1,0.6,1.1,1.2,AL_F_08,AL_F_low,20,AL
23,BP_F_02.mp4,fear,1.2,1.7,4.9,0.2,1.7,1.2,BP_F_02,BP_F_low,34,BP
23,JvG_F_01.mp4,fear,1,3,5.1,0.6,2.6,2.7,JvG_F_01,JvG_F_low,48,JvG
23,AK_F_24.mp4,fear,1.4,2.6,6.3,0.2,3.2,1.4,AK_F_24,AK_F_high,5,AK
23,AL_F_46.mp4,fear,0.9,2.1,6.6,1,1.9,1,AL_F_46,AL_F_high,19,AL
23,BP_F_46.mp4,fear,1.6,3.2,6.6,0.2,2.2,0.8,BP_F_46,BP_F_high,33,BP
23,JvG_F_13.mp4,fear,1.3,3.2,7.2,0.5,4.8,3.6,JvG_F_13,JvG_F_high,47,JvG
23,AK_H_28.mp4,happy,0.2,0.4,0.1,6,0.3,0.7,AK_H_28,AK_H_low,8,AK
23,AL_H_03.mp4,happy,0.3,0.3,0.4,6,0.7,0.4,AL_H_03,AL_H_low,22,AL
23,BP_H_05.mp4,happy,0.4,0.5,0.3,6.1,0.2,0.5,BP_H_05,BP_H_low,36,BP
23,JvG_H_03.mp4,happy,0.4,0.3,0.5,5.8,0.6,0.5,JvG_H_03,JvG_H_low,50,JvG
23,AK_H_15.mp4,happy,0.2,0.2,0.2,7.8,0.2,0.4,AK_H_15,AK_H_high,7,AK
23,AL_H_31.mp4,happy,0.3,0.3,0.3,7.6,0.3,0.2,AL_H_31,AL_H_high,21,AL
23,BP_H_16.mp4,happy,0.2,0.1,0.2,8.2,0.2,0.5,BP_H_16,BP_H_high,35,BP
23,JvG_H_18.mp4,happy,0.1,0.1,0.3,7.8,0.3,0.3,JvG_H_18,JvG_H_high,49,JvG
23,AK_P_59.mp4,pain,2.4,4.3,3.7,0.2,3.9,2.6,AK_P_59,AK_P_low,12,AK
23,AL_P_20.mp4,pain,3.3,3.4,2.1,0.5,4.6,3.6,AL_P_20,AL_P_low,26,AL
23,BP_P_02.mp4,pain,1.3,4.3,2.1,0.6,4.6,2.2,BP_P_02,BP_P_low,40,BP
23,JvG_P_16.mp4,pain,2.3,3.8,2.9,0.3,3.8,1.3,JvG_P_16,JvG_P_low,54,JvG
23,AK_P_21.mp4,pain,2,3.6,2.4,0,6.7,1.6,AK_P_21,AK_P_high,11,AK
23,AL_P_39.mp4,pain,2.7,4.5,3.7,0.4,6.4,2.6,AL_P_39,AL_P_high,25,AL
23,BP_P_18.mp4,pain,1,3,2,0.6,6.4,1.6,BP_P_18,BP_P_high,39,BP
23,JvG_P_20.mp4,pain,1.8,4.6,3.5,0.2,6.9,1.2,JvG_P_20,JvG_P_high,53,JvG
23,AK_S_06.mp4,sad,1.2,1.5,2.7,0.8,3.2,5.1,AK_S_06,AK_S_low,14,AK
23,AL_S_04.mp4,sad,1.8,3.5,3.6,0.2,3,5.1,AL_S_04,AL_S_low,28,AL
23,BP_S_13.mp4,sad,1.2,2.2,2.7,0.2,3.1,5,BP_S_13,BP_S_low,42,BP
23,JvG_S_12.mp4,sad,1.3,2,2.7,0.6,3.7,6.1,JvG_S_12,JvG_S_low,56,JvG
23,AK_S_23.mp4,sad,1.3,1.8,3.4,0.9,4.6,7.1,AK_S_23,AK_S_high,13,AK
23,AL_S_53.mp4,sad,1.7,3,5.8,0.2,4.7,7,AL_S_53,AL_S_high,27,AL
23,BP_S_18.mp4,sad,1.8,2.1,3.2,0.2,4.8,7.8,BP_S_18,BP_S_high,41,BP
23,JvG_S_24.mp4,sad,1.4,1.3,3.5,1.5,4.5,7.1,JvG_S_24,JvG_S_high,55,JvG
23,AK_N_01.mp4,neutral,1.8,1.4,0.8,0.2,1.1,2.3,AK_N_01,AK_N_low,10,AK
23,AL_N_01.mp4,neutral,1.5,0.9,1,0.3,0.9,1.9,AL_N_01,AL_N_low,24,AL
23,BP_N_01.mp4,neutral,0.8,1.2,0.4,0.9,0.7,1.3,BP_N_01,BP_N_low,38,BP
23,JvG_N_08.mp4,neutral,0.8,1.1,0.6,1.9,0.7,1.2,JvG_N_08,JvG_N_low,52,JvG
23,AK_N_09.mp4,neutral,2,2,1.4,0.8,1.9,2.1,AK_N_09,AK_N_high,9,AK
23,AL_N_06.mp4,neutral,1.8,1.9,1.4,0.3,1.5,2.4,AL_N_06,AL_N_high,23,AL
23,BP_N_07.mp4,neutral,2,1.9,1.1,0.9,1.4,1.9,BP_N_07,BP_N_high,37,BP
23,JvG_N_17.mp4,neutral,1.4,1.7,0.8,0.8,1.1,2,JvG_N_17,JvG_N_high,51,JvG
24,AK_A_04.mp4,anger,6.5,2.2,1.2,0.1,2.2,1.1,AK_A_04,AK_A_low,2,AK
24,AL_A_03.mp4,anger,5.3,2.3,1.8,0.3,1.5,1.7,AL_A_03,AL_A_low,16,AL
24,BP_A_10.mp4,anger,5.2,2.3,0.9,0.6,1.6,1.6,BP_A_10,BP_A_low,30,BP
24,JvG_A_14.mp4,anger,6.2,2.6,1.4,0.5,1.8,1.6,JvG_A_14,JvG_A_low,44,JvG
24,AK_A_32.mp4,anger,7.5,3.5,2.1,0.3,4,1.3,AK_A_32,AK_A_high,1,AK
24,AL_A_20.mp4,anger,7.6,2.4,1.7,0.2,1.7,1.1,AL_A_20,AL_A_high,15,AL
24,BP_A_41.mp4,anger,7.5,2.1,1.8,0.4,2.3,1.3,BP_A_41,BP_A_high,29,BP
24,JvG_A_19.mp4,anger,7.6,2.4,1.5,0.3,2.2,1.7,JvG_A_19,JvG_A_high,43,JvG
24,AK_D_02.mp4,disgust,2.1,5.3,1.4,0.5,2.1,3.2,AK_D_02,AK_D_low,4,AK
24,AL_D_12.mp4,disgust,3.1,5.8,1,0.5,1.4,1.7,AL_D_12,AL_D_low,18,AL
24,BP_D_03.mp4,disgust,1.6,5.5,1.9,0.2,2.2,1.5,BP_D_03,BP_D_low,32,BP
24,JvG_D_02.mp4,disgust,1.7,6.1,2.1,0.2,2.3,2.2,JvG_D_02,JvG_D_low,46,JvG
24,AK_D_12.mp4,disgust,1.3,7.5,1.4,0.6,2.2,1.5,AK_D_12,AK_D_high,3,AK
24,AL_D_29.mp4,disgust,1.6,8,1,0.4,1.3,1.3,AL_D_29,AL_D_high,17,AL
24,BP_D_25.mp4,disgust,1.3,7.5,2.6,0.1,3.2,2,BP_D_25,BP_D_high,31,BP
24,JvG_D_23.mp4,disgust,1.8,7.6,1.6,0.1,2.8,1.2,JvG_D_23,JvG_D_high,45,JvG
24,AK_F_02.mp4,fear,1.8,2.5,4.7,0.2,2.5,0.9,AK_F_02,AK_F_low,6,AK
24,AL_F_08.mp4,fear,1,2.7,5.1,0.6,1.1,1.2,AL_F_08,AL_F_low,20,AL
24,BP_F_02.mp4,fear,1.2,1.7,4.9,0.2,1.7,1.2,BP_F_02,BP_F_low,34,BP
24,JvG_F_01.mp4,fear,1,3,5.1,0.6,2.6,2.7,JvG_F_01,JvG_F_low,48,JvG
24,AK_F_24.mp4,fear,1.4,2.6,6.3,0.2,3.2,1.4,AK_F_24,AK_F_high,5,AK
24,AL_F_46.mp4,fear,0.9,2.1,6.6,1,1.9,1,AL_F_46,AL_F_high,19,AL
24,BP_F_46.mp4,fear,1.6,3.2,6.6,0.2,2.2,0.8,BP_F_46,BP_F_high,33,BP
24,JvG_F_13.mp4,fear,1.3,3.2,7.2,0.5,4.8,3.6,JvG_F_13,JvG_F_high,47,JvG
24,AK_H_28.mp4,happy,0.2,0.4,0.1,6,0.3,0.7,AK_H_28,AK_H_low,8,AK
24,AL_H_03.mp4,happy,0.3,0.3,0.4,6,0.7,0.4,AL_H_03,AL_H_low,22,AL
24,BP_H_05.mp4,happy,0.4,0.5,0.3,6.1,0.2,0.5,BP_H_05,BP_H_low,36,BP
24,JvG_H_03.mp4,happy,0.4,0.3,0.5,5.8,0.6,0.5,JvG_H_03,JvG_H_low,50,JvG
24,AK_H_15.mp4,happy,0.2,0.2,0.2,7.8,0.2,0.4,AK_H_15,AK_H_high,7,AK
24,AL_H_31.mp4,happy,0.3,0.3,0.3,7.6,0.3,0.2,AL_H_31,AL_H_high,21,AL
24,BP_H_16.mp4,happy,0.2,0.1,0.2,8.2,0.2,0.5,BP_H_16,BP_H_high,35,BP
24,JvG_H_18.mp4,happy,0.1,0.1,0.3,7.8,0.3,0.3,JvG_H_18,JvG_H_high,49,JvG
24,AK_P_59.mp4,pain,2.4,4.3,3.7,0.2,3.9,2.6,AK_P_59,AK_P_low,12,AK
24,AL_P_20.mp4,pain,3.3,3.4,2.1,0.5,4.6,3.6,AL_P_20,AL_P_low,26,AL
24,BP_P_02.mp4,pain,1.3,4.3,2.1,0.6,4.6,2.2,BP_P_02,BP_P_low,40,BP
24,JvG_P_16.mp4,pain,2.3,3.8,2.9,0.3,3.8,1.3,JvG_P_16,JvG_P_low,54,JvG
24,AK_P_21.mp4,pain,2,3.6,2.4,0,6.7,1.6,AK_P_21,AK_P_high,11,AK
24,AL_P_39.mp4,pain,2.7,4.5,3.7,0.4,6.4,2.6,AL_P_39,AL_P_high,25,AL
24,BP_P_18.mp4,pain,1,3,2,0.6,6.4,1.6,BP_P_18,BP_P_high,39,BP
24,JvG_P_20.mp4,pain,1.8,4.6,3.5,0.2,6.9,1.2,JvG_P_20,JvG_P_high,53,JvG
24,AK_S_06.mp4,sad,1.2,1.5,2.7,0.8,3.2,5.1,AK_S_06,AK_S_low,14,AK
24,AL_S_04.mp4,sad,1.8,3.5,3.6,0.2,3,5.1,AL_S_04,AL_S_low,28,AL
24,BP_S_13.mp4,sad,1.2,2.2,2.7,0.2,3.1,5,BP_S_13,BP_S_low,42,BP
24,JvG_S_12.mp4,sad,1.3,2,2.7,0.6,3.7,6.1,JvG_S_12,JvG_S_low,56,JvG
24,AK_S_23.mp4,sad,1.3,1.8,3.4,0.9,4.6,7.1,AK_S_23,AK_S_high,13,AK
24,AL_S_53.mp4,sad,1.7,3,5.8,0.2,4.7,7,AL_S_53,AL_S_high,27,AL
24,BP_S_18.mp4,sad,1.8,2.1,3.2,0.2,4.8,7.8,BP_S_18,BP_S_high,41,BP
24,JvG_S_24.mp4,sad,1.4,1.3,3.5,1.5,4.5,7.1,JvG_S_24,JvG_S_high,55,JvG
24,AK_N_01.mp4,neutral,1.8,1.4,0.8,0.2,1.1,2.3,AK_N_01,AK_N_low,10,AK
24,AL_N_01.mp4,neutral,1.5,0.9,1,0.3,0.9,1.9,AL_N_01,AL_N_low,24,AL
24,BP_N_01.mp4,neutral,0.8,1.2,0.4,0.9,0.7,1.3,BP_N_01,BP_N_low,38,BP
24,JvG_N_08.mp4,neutral,0.8,1.1,0.6,1.9,0.7,1.2,JvG_N_08,JvG_N_low,52,JvG
24,AK_N_09.mp4,neutral,2,2,1.4,0.8,1.9,2.1,AK_N_09,AK_N_high,9,AK
24,AL_N_06.mp4,neutral,1.8,1.9,1.4,0.3,1.5,2.4,AL_N_06,AL_N_high,23,AL
24,BP_N_07.mp4,neutral,2,1.9,1.1,0.9,1.4,1.9,BP_N_07,BP_N_high,37,BP
24,JvG_N_17.mp4,neutral,1.4,1.7,0.8,0.8,1.1,2,JvG_N_17,JvG_N_high,51,JvG
26,AK_A_04.mp4,anger,6.5,2.2,1.2,0.1,2.2,1.1,AK_A_04,AK_A_low,2,AK
26,AL_A_03.mp4,anger,5.3,2.3,1.8,0.3,1.5,1.7,AL_A_03,AL_A_low,16,AL
26,BP_A_10.mp4,anger,5.2,2.3,0.9,0.6,1.6,1.6,BP_A_10,BP_A_low,30,BP
26,JvG_A_14.mp4,anger,6.2,2.6,1.4,0.5,1.8,1.6,JvG_A_14,JvG_A_low,44,JvG
26,AK_A_32.mp4,anger,7.5,3.5,2.1,0.3,4,1.3,AK_A_32,AK_A_high,1,AK
26,AL_A_20.mp4,anger,7.6,2.4,1.7,0.2,1.7,1.1,AL_A_20,AL_A_high,15,AL
26,BP_A_41.mp4,anger,7.5,2.1,1.8,0.4,2.3,1.3,BP_A_41,BP_A_high,29,BP
26,JvG_A_19.mp4,anger,7.6,2.4,1.5,0.3,2.2,1.7,JvG_A_19,JvG_A_high,43,JvG
26,AK_D_02.mp4,disgust,2.1,5.3,1.4,0.5,2.1,3.2,AK_D_02,AK_D_low,4,AK
26,AL_D_12.mp4,disgust,3.1,5.8,1,0.5,1.4,1.7,AL_D_12,AL_D_low,18,AL
26,BP_D_03.mp4,disgust,1.6,5.5,1.9,0.2,2.2,1.5,BP_D_03,BP_D_low,32,BP
26,JvG_D_02.mp4,disgust,1.7,6.1,2.1,0.2,2.3,2.2,JvG_D_02,JvG_D_low,46,JvG
26,AK_D_12.mp4,disgust,1.3,7.5,1.4,0.6,2.2,1.5,AK_D_12,AK_D_high,3,AK
26,AL_D_29.mp4,disgust,1.6,8,1,0.4,1.3,1.3,AL_D_29,AL_D_high,17,AL
26,BP_D_25.mp4,disgust,1.3,7.5,2.6,0.1,3.2,2,BP_D_25,BP_D_high,31,BP
26,JvG_D_23.mp4,disgust,1.8,7.6,1.6,0.1,2.8,1.2,JvG_D_23,JvG_D_high,45,JvG
26,AK_F_02.mp4,fear,1.8,2.5,4.7,0.2,2.5,0.9,AK_F_02,AK_F_low,6,AK
26,AL_F_08.mp4,fear,1,2.7,5.1,0.6,1.1,1.2,AL_F_08,AL_F_low,20,AL
26,BP_F_02.mp4,fear,1.2,1.7,4.9,0.2,1.7,1.2,BP_F_02,BP_F_low,34,BP
26,JvG_F_01.mp4,fear,1,3,5.1,0.6,2.6,2.7,JvG_F_01,JvG_F_low,48,JvG
26,AK_F_24.mp4,fear,1.4,2.6,6.3,0.2,3.2,1.4,AK_F_24,AK_F_high,5,AK
26,AL_F_46.mp4,fear,0.9,2.1,6.6,1,1.9,1,AL_F_46,AL_F_high,19,AL
26,BP_F_46.mp4,fear,1.6,3.2,6.6,0.2,2.2,0.8,BP_F_46,BP_F_high,33,BP
26,JvG_F_13.mp4,fear,1.3,3.2,7.2,0.5,4.8,3.6,JvG_F_13,JvG_F_high,47,JvG
26,AK_H_28.mp4,happy,0.2,0.4,0.1,6,0.3,0.7,AK_H_28,AK_H_low,8,AK
26,AL_H_03.mp4,happy,0.3,0.3,0.4,6,0.7,0.4,AL_H_03,AL_H_low,22,AL
26,BP_H_05.mp4,happy,0.4,0.5,0.3,6.1,0.2,0.5,BP_H_05,BP_H_low,36,BP
26,JvG_H_03.mp4,happy,0.4,0.3,0.5,5.8,0.6,0.5,JvG_H_03,JvG_H_low,50,JvG
26,AK_H_15.mp4,happy,0.2,0.2,0.2,7.8,0.2,0.4,AK_H_15,AK_H_high,7,AK
26,AL_H_31.mp4,happy,0.3,0.3,0.3,7.6,0.3,0.2,AL_H_31,AL_H_high,21,AL
26,BP_H_16.mp4,happy,0.2,0.1,0.2,8.2,0.2,0.5,BP_H_16,BP_H_high,35,BP
26,JvG_H_18.mp4,happy,0.1,0.1,0.3,7.8,0.3,0.3,JvG_H_18,JvG_H_high,49,JvG
26,AK_P_59.mp4,pain,2.4,4.3,3.7,0.2,3.9,2.6,AK_P_59,AK_P_low,12,AK
26,AL_P_20.mp4,pain,3.3,3.4,2.1,0.5,4.6,3.6,AL_P_20,AL_P_low,26,AL
26,BP_P_02.mp4,pain,1.3,4.3,2.1,0.6,4.6,2.2,BP_P_02,BP_P_low,40,BP
26,JvG_P_16.mp4,pain,2.3,3.8,2.9,0.3,3.8,1.3,JvG_P_16,JvG_P_low,54,JvG
26,AK_P_21.mp4,pain,2,3.6,2.4,0,6.7,1.6,AK_P_21,AK_P_high,11,AK
26,AL_P_39.mp4,pain,2.7,4.5,3.7,0.4,6.4,2.6,AL_P_39,AL_P_high,25,AL
26,BP_P_18.mp4,pain,1,3,2,0.6,6.4,1.6,BP_P_18,BP_P_high,39,BP
26,JvG_P_20.mp4,pain,1.8,4.6,3.5,0.2,6.9,1.2,JvG_P_20,JvG_P_high,53,JvG
26,AK_S_06.mp4,sad,1.2,1.5,2.7,0.8,3.2,5.1,AK_S_06,AK_S_low,14,AK
26,AL_S_04.mp4,sad,1.8,3.5,3.6,0.2,3,5.1,AL_S_04,AL_S_low,28,AL
26,BP_S_13.mp4,sad,1.2,2.2,2.7,0.2,3.1,5,BP_S_13,BP_S_low,42,BP
26,JvG_S_12.mp4,sad,1.3,2,2.7,0.6,3.7,6.1,JvG_S_12,JvG_S_low,56,JvG
26,AK_S_23.mp4,sad,1.3,1.8,3.4,0.9,4.6,7.1,AK_S_23,AK_S_high,13,AK
26,AL_S_53.mp4,sad,1.7,3,5.8,0.2,4.7,7,AL_S_53,AL_S_high,27,AL
26,BP_S_18.mp4,sad,1.8,2.1,3.2,0.2,4.8,7.8,BP_S_18,BP_S_high,41,BP
26,JvG_S_24.mp4,sad,1.4,1.3,3.5,1.5,4.5,7.1,JvG_S_24,JvG_S_high,55,JvG
26,AK_N_01.mp4,neutral,1.8,1.4,0.8,0.2,1.1,2.3,AK_N_01,AK_N_low,10,AK
26,AL_N_01.mp4,neutral,1.5,0.9,1,0.3,0.9,1.9,AL_N_01,AL_N_low,24,AL
26,BP_N_01.mp4,neutral,0.8,1.2,0.4,0.9,0.7,1.3,BP_N_01,BP_N_low,38,BP
26,JvG_N_08.mp4,neutral,0.8,1.1,0.6,1.9,0.7,1.2,JvG_N_08,JvG_N_low,52,JvG
26,AK_N_09.mp4,neutral,2,2,1.4,0.8,1.9,2.1,AK_N_09,AK_N_high,9,AK
26,AL_N_06.mp4,neutral,1.8,1.9,1.4,0.3,1.5,2.4,AL_N_06,AL_N_high,23,AL
26,BP_N_07.mp4,neutral,2,1.9,1.1,0.9,1.4,1.9,BP_N_07,BP_N_high,37,BP
26,JvG_N_17.mp4,neutral,1.4,1.7,0.8,0.8,1.1,2,JvG_N_17,JvG_N_high,51,JvG
27,AK_A_04.mp4,anger,6.5,2.2,1.2,0.1,2.2,1.1,AK_A_04,AK_A_low,2,AK
27,AL_A_03.mp4,anger,5.3,2.3,1.8,0.3,1.5,1.7,AL_A_03,AL_A_low,16,AL
27,BP_A_10.mp4,anger,5.2,2.3,0.9,0.6,1.6,1.6,BP_A_10,BP_A_low,30,BP
27,JvG_A_14.mp4,anger,6.2,2.6,1.4,0.5,1.8,1.6,JvG_A_14,JvG_A_low,44,JvG
27,AK_A_32.mp4,anger,7.5,3.5,2.1,0.3,4,1.3,AK_A_32,AK_A_high,1,AK
27,AL_A_20.mp4,anger,7.6,2.4,1.7,0.2,1.7,1.1,AL_A_20,AL_A_high,15,AL
27,BP_A_41.mp4,anger,7.5,2.1,1.8,0.4,2.3,1.3,BP_A_41,BP_A_high,29,BP
27,JvG_A_19.mp4,anger,7.6,2.4,1.5,0.3,2.2,1.7,JvG_A_19,JvG_A_high,43,JvG
27,AK_D_02.mp4,disgust,2.1,5.3,1.4,0.5,2.1,3.2,AK_D_02,AK_D_low,4,AK
27,AL_D_12.mp4,disgust,3.1,5.8,1,0.5,1.4,1.7,AL_D_12,AL_D_low,18,AL
27,BP_D_03.mp4,disgust,1.6,5.5,1.9,0.2,2.2,1.5,BP_D_03,BP_D_low,32,BP
27,JvG_D_02.mp4,disgust,1.7,6.1,2.1,0.2,2.3,2.2,JvG_D_02,JvG_D_low,46,JvG
27,AK_D_12.mp4,disgust,1.3,7.5,1.4,0.6,2.2,1.5,AK_D_12,AK_D_high,3,AK
27,AL_D_29.mp4,disgust,1.6,8,1,0.4,1.3,1.3,AL_D_29,AL_D_high,17,AL
27,BP_D_25.mp4,disgust,1.3,7.5,2.6,0.1,3.2,2,BP_D_25,BP_D_high,31,BP
27,JvG_D_23.mp4,disgust,1.8,7.6,1.6,0.1,2.8,1.2,JvG_D_23,JvG_D_high,45,JvG
27,AK_F_02.mp4,fear,1.8,2.5,4.7,0.2,2.5,0.9,AK_F_02,AK_F_low,6,AK
27,AL_F_08.mp4,fear,1,2.7,5.1,0.6,1.1,1.2,AL_F_08,AL_F_low,20,AL
27,BP_F_02.mp4,fear,1.2,1.7,4.9,0.2,1.7,1.2,BP_F_02,BP_F_low,34,BP
27,JvG_F_01.mp4,fear,1,3,5.1,0.6,2.6,2.7,JvG_F_01,JvG_F_low,48,JvG
27,AK_F_24.mp4,fear,1.4,2.6,6.3,0.2,3.2,1.4,AK_F_24,AK_F_high,5,AK
27,AL_F_46.mp4,fear,0.9,2.1,6.6,1,1.9,1,AL_F_46,AL_F_high,19,AL
27,BP_F_46.mp4,fear,1.6,3.2,6.6,0.2,2.2,0.8,BP_F_46,BP_F_high,33,BP
27,JvG_F_13.mp4,fear,1.3,3.2,7.2,0.5,4.8,3.6,JvG_F_13,JvG_F_high,47,JvG
27,AK_H_28.mp4,happy,0.2,0.4,0.1,6,0.3,0.7,AK_H_28,AK_H_low,8,AK
27,AL_H_03.mp4,happy,0.3,0.3,0.4,6,0.7,0.4,AL_H_03,AL_H_low,22,AL
27,BP_H_05.mp4,happy,0.4,0.5,0.3,6.1,0.2,0.5,BP_H_05,BP_H_low,36,BP
27,JvG_H_03.mp4,happy,0.4,0.3,0.5,5.8,0.6,0.5,JvG_H_03,JvG_H_low,50,JvG
27,AK_H_15.mp4,happy,0.2,0.2,0.2,7.8,0.2,0.4,AK_H_15,AK_H_high,7,AK
27,AL_H_31.mp4,happy,0.3,0.3,0.3,7.6,0.3,0.2,AL_H_31,AL_H_high,21,AL
27,BP_H_16.mp4,happy,0.2,0.1,0.2,8.2,0.2,0.5,BP_H_16,BP_H_high,35,BP
27,JvG_H_18.mp4,happy,0.1,0.1,0.3,7.8,0.3,0.3,JvG_H_18,JvG_H_high,49,JvG
27,AK_P_59.mp4,pain,2.4,4.3,3.7,0.2,3.9,2.6,AK_P_59,AK_P_low,12,AK
27,AL_P_20.mp4,pain,3.3,3.4,2.1,0.5,4.6,3.6,AL_P_20,AL_P_low,26,AL
27,BP_P_02.mp4,pain,1.3,4.3,2.1,0.6,4.6,2.2,BP_P_02,BP_P_low,40,BP
27,JvG_P_16.mp4,pain,2.3,3.8,2.9,0.3,3.8,1.3,JvG_P_16,JvG_P_low,54,JvG
27,AK_P_21.mp4,pain,2,3.6,2.4,0,6.7,1.6,AK_P_21,AK_P_high,11,AK
27,AL_P_39.mp4,pain,2.7,4.5,3.7,0.4,6.4,2.6,AL_P_39,AL_P_high,25,AL
27,BP_P_18.mp4,pain,1,3,2,0.6,6.4,1.6,BP_P_18,BP_P_high,39,BP
27,JvG_P_20.mp4,pain,1.8,4.6,3.5,0.2,6.9,1.2,JvG_P_20,JvG_P_high,53,JvG
27,AK_S_06.mp4,sad,1.2,1.5,2.7,0.8,3.2,5.1,AK_S_06,AK_S_low,14,AK
27,AL_S_04.mp4,sad,1.8,3.5,3.6,0.2,3,5.1,AL_S_04,AL_S_low,28,AL
27,BP_S_13.mp4,sad,1.2,2.2,2.7,0.2,3.1,5,BP_S_13,BP_S_low,42,BP
27,JvG_S_12.mp4,sad,1.3,2,2.7,0.6,3.7,6.1,JvG_S_12,JvG_S_low,56,JvG
27,AK_S_23.mp4,sad,1.3,1.8,3.4,0.9,4.6,7.1,AK_S_23,AK_S_high,13,AK
27,AL_S_53.mp4,sad,1.7,3,5.8,0.2,4.7,7,AL_S_53,AL_S_high,27,AL
27,BP_S_18.mp4,sad,1.8,2.1,3.2,0.2,4.8,7.8,BP_S_18,BP_S_high,41,BP
27,JvG_S_24.mp4,sad,1.4,1.3,3.5,1.5,4.5,7.1,JvG_S_24,JvG_S_high,55,JvG
27,AK_N_01.mp4,neutral,1.8,1.4,0.8,0.2,1.1,2.3,AK_N_01,AK_N_low,10,AK
27,AL_N_01.mp4,neutral,1.5,0.9,1,0.3,0.9,1.9,AL_N_01,AL_N_low,24,AL
27,BP_N_01.mp4,neutral,0.8,1.2,0.4,0.9,0.7,1.3,BP_N_01,BP_N_low,38,BP
27,JvG_N_08.mp4,neutral,0.8,1.1,0.6,1.9,0.7,1.2,JvG_N_08,JvG_N_low,52,JvG
27,AK_N_09.mp4,neutral,2,2,1.4,0.8,1.9,2.1,AK_N_09,AK_N_high,9,AK
27,AL_N_06.mp4,neutral,1.8,1.9,1.4,0.3,1.5,2.4,AL_N_06,AL_N_high,23,AL
27,BP_N_07.mp4,neutral,2,1.9,1.1,0.9,1.4,1.9,BP_N_07,BP_N_high,37,BP
27,JvG_N_17.mp4,neutral,1.4,1.7,0.8,0.8,1.1,2,JvG_N_17,JvG_N_high,51,JvG
28,AK_A_04.mp4,anger,6.5,2.2,1.2,0.1,2.2,1.1,AK_A_04,AK_A_low,2,AK
28,AL_A_03.mp4,anger,5.3,2.3,1.8,0.3,1.5,1.7,AL_A_03,AL_A_low,16,AL
28,BP_A_10.mp4,anger,5.2,2.3,0.9,0.6,1.6,1.6,BP_A_10,BP_A_low,30,BP
28,JvG_A_14.mp4,anger,6.2,2.6,1.4,0.5,1.8,1.6,JvG_A_14,JvG_A_low,44,JvG
28,AK_A_32.mp4,anger,7.5,3.5,2.1,0.3,4,1.3,AK_A_32,AK_A_high,1,AK
28,AL_A_20.mp4,anger,7.6,2.4,1.7,0.2,1.7,1.1,AL_A_20,AL_A_high,15,AL
28,BP_A_41.mp4,anger,7.5,2.1,1.8,0.4,2.3,1.3,BP_A_41,BP_A_high,29,BP
28,JvG_A_19.mp4,anger,7.6,2.4,1.5,0.3,2.2,1.7,JvG_A_19,JvG_A_high,43,JvG
28,AK_D_02.mp4,disgust,2.1,5.3,1.4,0.5,2.1,3.2,AK_D_02,AK_D_low,4,AK
28,AL_D_12.mp4,disgust,3.1,5.8,1,0.5,1.4,1.7,AL_D_12,AL_D_low,18,AL
28,BP_D_03.mp4,disgust,1.6,5.5,1.9,0.2,2.2,1.5,BP_D_03,BP_D_low,32,BP
28,JvG_D_02.mp4,disgust,1.7,6.1,2.1,0.2,2.3,2.2,JvG_D_02,JvG_D_low,46,JvG
28,AK_D_12.mp4,disgust,1.3,7.5,1.4,0.6,2.2,1.5,AK_D_12,AK_D_high,3,AK
28,AL_D_29.mp4,disgust,1.6,8,1,0.4,1.3,1.3,AL_D_29,AL_D_high,17,AL
28,BP_D_25.mp4,disgust,1.3,7.5,2.6,0.1,3.2,2,BP_D_25,BP_D_high,31,BP
28,JvG_D_23.mp4,disgust,1.8,7.6,1.6,0.1,2.8,1.2,JvG_D_23,JvG_D_high,45,JvG
28,AK_F_02.mp4,fear,1.8,2.5,4.7,0.2,2.5,0.9,AK_F_02,AK_F_low,6,AK
28,AL_F_08.mp4,fear,1,2.7,5.1,0.6,1.1,1.2,AL_F_08,AL_F_low,20,AL
28,BP_F_02.mp4,fear,1.2,1.7,4.9,0.2,1.7,1.2,BP_F_02,BP_F_low,34,BP
28,JvG_F_01.mp4,fear,1,3,5.1,0.6,2.6,2.7,JvG_F_01,JvG_F_low,48,JvG
28,AK_F_24.mp4,fear,1.4,2.6,6.3,0.2,3.2,1.4,AK_F_24,AK_F_high,5,AK
28,AL_F_46.mp4,fear,0.9,2.1,6.6,1,1.9,1,AL_F_46,AL_F_high,19,AL
28,BP_F_46.mp4,fear,1.6,3.2,6.6,0.2,2.2,0.8,BP_F_46,BP_F_high,33,BP
28,JvG_F_13.mp4,fear,1.3,3.2,7.2,0.5,4.8,3.6,JvG_F_13,JvG_F_high,47,JvG
28,AK_H_28.mp4,happy,0.2,0.4,0.1,6,0.3,0.7,AK_H_28,AK_H_low,8,AK
28,AL_H_03.mp4,happy,0.3,0.3,0.4,6,0.7,0.4,AL_H_03,AL_H_low,22,AL
28,BP_H_05.mp4,happy,0.4,0.5,0.3,6.1,0.2,0.5,BP_H_05,BP_H_low,36,BP
28,JvG_H_03.mp4,happy,0.4,0.3,0.5,5.8,0.6,0.5,JvG_H_03,JvG_H_low,50,JvG
28,AK_H_15.mp4,happy,0.2,0.2,0.2,7.8,0.2,0.4,AK_H_15,AK_H_high,7,AK
28,AL_H_31.mp4,happy,0.3,0.3,0.3,7.6,0.3,0.2,AL_H_31,AL_H_high,21,AL
28,BP_H_16.mp4,happy,0.2,0.1,0.2,8.2,0.2,0.5,BP_H_16,BP_H_high,35,BP
28,JvG_H_18.mp4,happy,0.1,0.1,0.3,7.8,0.3,0.3,JvG_H_18,JvG_H_high,49,JvG
28,AK_P_59.mp4,pain,2.4,4.3,3.7,0.2,3.9,2.6,AK_P_59,AK_P_low,12,AK
28,AL_P_20.mp4,pain,3.3,3.4,2.1,0.5,4.6,3.6,AL_P_20,AL_P_low,26,AL
28,BP_P_02.mp4,pain,1.3,4.3,2.1,0.6,4.6,2.2,BP_P_02,BP_P_low,40,BP
28,JvG_P_16.mp4,pain,2.3,3.8,2.9,0.3,3.8,1.3,JvG_P_16,JvG_P_low,54,JvG
28,AK_P_21.mp4,pain,2,3.6,2.4,0,6.7,1.6,AK_P_21,AK_P_high,11,AK
28,AL_P_39.mp4,pain,2.7,4.5,3.7,0.4,6.4,2.6,AL_P_39,AL_P_high,25,AL
28,BP_P_18.mp4,pain,1,3,2,0.6,6.4,1.6,BP_P_18,BP_P_high,39,BP
28,JvG_P_20.mp4,pain,1.8,4.6,3.5,0.2,6.9,1.2,JvG_P_20,JvG_P_high,53,JvG
28,AK_S_06.mp4,sad,1.2,1.5,2.7,0.8,3.2,5.1,AK_S_06,AK_S_low,14,AK
28,AL_S_04.mp4,sad,1.8,3.5,3.6,0.2,3,5.1,AL_S_04,AL_S_low,28,AL
28,BP_S_13.mp4,sad,1.2,2.2,2.7,0.2,3.1,5,BP_S_13,BP_S_low,42,BP
28,JvG_S_12.mp4,sad,1.3,2,2.7,0.6,3.7,6.1,JvG_S_12,JvG_S_low,56,JvG
28,AK_S_23.mp4,sad,1.3,1.8,3.4,0.9,4.6,7.1,AK_S_23,AK_S_high,13,AK
28,AL_S_53.mp4,sad,1.7,3,5.8,0.2,4.7,7,AL_S_53,AL_S_high,27,AL
28,BP_S_18.mp4,sad,1.8,2.1,3.2,0.2,4.8,7.8,BP_S_18,BP_S_high,41,BP
28,JvG_S_24.mp4,sad,1.4,1.3,3.5,1.5,4.5,7.1,JvG_S_24,JvG_S_high,55,JvG
28,AK_N_01.mp4,neutral,1.8,1.4,0.8,0.2,1.1,2.3,AK_N_01,AK_N_low,10,AK
28,AL_N_01.mp4,neutral,1.5,0.9,1,0.3,0.9,1.9,AL_N_01,AL_N_low,24,AL
28,BP_N_01.mp4,neutral,0.8,1.2,0.4,0.9,0.7,1.3,BP_N_01,BP_N_low,38,BP
28,JvG_N_08.mp4,neutral,0.8,1.1,0.6,1.9,0.7,1.2,JvG_N_08,JvG_N_low,52,JvG
28,AK_N_09.mp4,neutral,2,2,1.4,0.8,1.9,2.1,AK_N_09,AK_N_high,9,AK
28,AL_N_06.mp4,neutral,1.8,1.9,1.4,0.3,1.5,2.4,AL_N_06,AL_N_high,23,AL
28,BP_N_07.mp4,neutral,2,1.9,1.1,0.9,1.4,1.9,BP_N_07,BP_N_high,37,BP
28,JvG_N_17.mp4,neutral,1.4,1.7,0.8,0.8,1.1,2,JvG_N_17,JvG_N_high,51,JvG
29,AK_A_04.mp4,anger,6.5,2.2,1.2,0.1,2.2,1.1,AK_A_04,AK_A_low,2,AK
29,AL_A_03.mp4,anger,5.3,2.3,1.8,0.3,1.5,1.7,AL_A_03,AL_A_low,16,AL
29,BP_A_10.mp4,anger,5.2,2.3,0.9,0.6,1.6,1.6,BP_A_10,BP_A_low,30,BP
29,JvG_A_14.mp4,anger,6.2,2.6,1.4,0.5,1.8,1.6,JvG_A_14,JvG_A_low,44,JvG
29,AK_A_32.mp4,anger,7.5,3.5,2.1,0.3,4,1.3,AK_A_32,AK_A_high,1,AK
29,AL_A_20.mp4,anger,7.6,2.4,1.7,0.2,1.7,1.1,AL_A_20,AL_A_high,15,AL
29,BP_A_41.mp4,anger,7.5,2.1,1.8,0.4,2.3,1.3,BP_A_41,BP_A_high,29,BP
29,JvG_A_19.mp4,anger,7.6,2.4,1.5,0.3,2.2,1.7,JvG_A_19,JvG_A_high,43,JvG
29,AK_D_02.mp4,disgust,2.1,5.3,1.4,0.5,2.1,3.2,AK_D_02,AK_D_low,4,AK
29,AL_D_12.mp4,disgust,3.1,5.8,1,0.5,1.4,1.7,AL_D_12,AL_D_low,18,AL
29,BP_D_03.mp4,disgust,1.6,5.5,1.9,0.2,2.2,1.5,BP_D_03,BP_D_low,32,BP
29,JvG_D_02.mp4,disgust,1.7,6.1,2.1,0.2,2.3,2.2,JvG_D_02,JvG_D_low,46,JvG
29,AK_D_12.mp4,disgust,1.3,7.5,1.4,0.6,2.2,1.5,AK_D_12,AK_D_high,3,AK
29,AL_D_29.mp4,disgust,1.6,8,1,0.4,1.3,1.3,AL_D_29,AL_D_high,17,AL
29,BP_D_25.mp4,disgust,1.3,7.5,2.6,0.1,3.2,2,BP_D_25,BP_D_high,31,BP
29,JvG_D_23.mp4,disgust,1.8,7.6,1.6,0.1,2.8,1.2,JvG_D_23,JvG_D_high,45,JvG
29,AK_F_02.mp4,fear,1.8,2.5,4.7,0.2,2.5,0.9,AK_F_02,AK_F_low,6,AK
29,AL_F_08.mp4,fear,1,2.7,5.1,0.6,1.1,1.2,AL_F_08,AL_F_low,20,AL
29,BP_F_02.mp4,fear,1.2,1.7,4.9,0.2,1.7,1.2,BP_F_02,BP_F_low,34,BP
29,JvG_F_01.mp4,fear,1,3,5.1,0.6,2.6,2.7,JvG_F_01,JvG_F_low,48,JvG
29,AK_F_24.mp4,fear,1.4,2.6,6.3,0.2,3.2,1.4,AK_F_24,AK_F_high,5,AK
29,AL_F_46.mp4,fear,0.9,2.1,6.6,1,1.9,1,AL_F_46,AL_F_high,19,AL
29,BP_F_46.mp4,fear,1.6,3.2,6.6,0.2,2.2,0.8,BP_F_46,BP_F_high,33,BP
29,JvG_F_13.mp4,fear,1.3,3.2,7.2,0.5,4.8,3.6,JvG_F_13,JvG_F_high,47,JvG
29,AK_H_28.mp4,happy,0.2,0.4,0.1,6,0.3,0.7,AK_H_28,AK_H_low,8,AK
29,AL_H_03.mp4,happy,0.3,0.3,0.4,6,0.7,0.4,AL_H_03,AL_H_low,22,AL
29,BP_H_05.mp4,happy,0.4,0.5,0.3,6.1,0.2,0.5,BP_H_05,BP_H_low,36,BP
29,JvG_H_03.mp4,happy,0.4,0.3,0.5,5.8,0.6,0.5,JvG_H_03,JvG_H_low,50,JvG
29,AK_H_15.mp4,happy,0.2,0.2,0.2,7.8,0.2,0.4,AK_H_15,AK_H_high,7,AK
29,AL_H_31.mp4,happy,0.3,0.3,0.3,7.6,0.3,0.2,AL_H_31,AL_H_high,21,AL
29,BP_H_16.mp4,happy,0.2,0.1,0.2,8.2,0.2,0.5,BP_H_16,BP_H_high,35,BP
29,JvG_H_18.mp4,happy,0.1,0.1,0.3,7.8,0.3,0.3,JvG_H_18,JvG_H_high,49,JvG
29,AK_P_59.mp4,pain,2.4,4.3,3.7,0.2,3.9,2.6,AK_P_59,AK_P_low,12,AK
29,AL_P_20.mp4,pain,3.3,3.4,2.1,0.5,4.6,3.6,AL_P_20,AL_P_low,26,AL
29,BP_P_02.mp4,pain,1.3,4.3,2.1,0.6,4.6,2.2,BP_P_02,BP_P_low,40,BP
29,JvG_P_16.mp4,pain,2.3,3.8,2.9,0.3,3.8,1.3,JvG_P_16,JvG_P_low,54,JvG
29,AK_P_21.mp4,pain,2,3.6,2.4,0,6.7,1.6,AK_P_21,AK_P_high,11,AK
29,AL_P_39.mp4,pain,2.7,4.5,3.7,0.4,6.4,2.6,AL_P_39,AL_P_high,25,AL
29,BP_P_18.mp4,pain,1,3,2,0.6,6.4,1.6,BP_P_18,BP_P_high,39,BP
29,JvG_P_20.mp4,pain,1.8,4.6,3.5,0.2,6.9,1.2,JvG_P_20,JvG_P_high,53,JvG
29,AK_S_06.mp4,sad,1.2,1.5,2.7,0.8,3.2,5.1,AK_S_06,AK_S_low,14,AK
29,AL_S_04.mp4,sad,1.8,3.5,3.6,0.2,3,5.1,AL_S_04,AL_S_low,28,AL
29,BP_S_13.mp4,sad,1.2,2.2,2.7,0.2,3.1,5,BP_S_13,BP_S_low,42,BP
29,JvG_S_12.mp4,sad,1.3,2,2.7,0.6,3.7,6.1,JvG_S_12,JvG_S_low,56,JvG
29,AK_S_23.mp4,sad,1.3,1.8,3.4,0.9,4.6,7.1,AK_S_23,AK_S_high,13,AK
29,AL_S_53.mp4,sad,1.7,3,5.8,0.2,4.7,7,AL_S_53,AL_S_high,27,AL
29,BP_S_18.mp4,sad,1.8,2.1,3.2,0.2,4.8,7.8,BP_S_18,BP_S_high,41,BP
29,JvG_S_24.mp4,sad,1.4,1.3,3.5,1.5,4.5,7.1,JvG_S_24,JvG_S_high,55,JvG
29,AK_N_01.mp4,neutral,1.8,1.4,0.8,0.2,1.1,2.3,AK_N_01,AK_N_low,10,AK
29,AL_N_01.mp4,neutral,1.5,0.9,1,0.3,0.9,1.9,AL_N_01,AL_N_low,24,AL
29,BP_N_01.mp4,neutral,0.8,1.2,0.4,0.9,0.7,1.3,BP_N_01,BP_N_low,38,BP
29,JvG_N_08.mp4,neutral,0.8,1.1,0.6,1.9,0.7,1.2,JvG_N_08,JvG_N_low,52,JvG
29,AK_N_09.mp4,neutral,2,2,1.4,0.8,1.9,2.1,AK_N_09,AK_N_high,9,AK
29,AL_N_06.mp4,neutral,1.8,1.9,1.4,0.3,1.5,2.4,AL_N_06,AL_N_high,23,AL
29,BP_N_07.mp4,neutral,2,1.9,1.1,0.9,1.4,1.9,BP_N_07,BP_N_high,37,BP
29,JvG_N_17.mp4,neutral,1.4,1.7,0.8,0.8,1.1,2,JvG_N_17,JvG_N_high,51,JvG
30,AK_A_04.mp4,anger,6.5,2.2,1.2,0.1,2.2,1.1,AK_A_04,AK_A_low,2,AK
30,AL_A_03.mp4,anger,5.3,2.3,1.8,0.3,1.5,1.7,AL_A_03,AL_A_low,16,AL
30,BP_A_10.mp4,anger,5.2,2.3,0.9,0.6,1.6,1.6,BP_A_10,BP_A_low,30,BP
30,JvG_A_14.mp4,anger,6.2,2.6,1.4,0.5,1.8,1.6,JvG_A_14,JvG_A_low,44,JvG
30,AK_A_32.mp4,anger,7.5,3.5,2.1,0.3,4,1.3,AK_A_32,AK_A_high,1,AK
30,AL_A_20.mp4,anger,7.6,2.4,1.7,0.2,1.7,1.1,AL_A_20,AL_A_high,15,AL
30,BP_A_41.mp4,anger,7.5,2.1,1.8,0.4,2.3,1.3,BP_A_41,BP_A_high,29,BP
30,JvG_A_19.mp4,anger,7.6,2.4,1.5,0.3,2.2,1.7,JvG_A_19,JvG_A_high,43,JvG
30,AK_D_02.mp4,disgust,2.1,5.3,1.4,0.5,2.1,3.2,AK_D_02,AK_D_low,4,AK
30,AL_D_12.mp4,disgust,3.1,5.8,1,0.5,1.4,1.7,AL_D_12,AL_D_low,18,AL
30,BP_D_03.mp4,disgust,1.6,5.5,1.9,0.2,2.2,1.5,BP_D_03,BP_D_low,32,BP
30,JvG_D_02.mp4,disgust,1.7,6.1,2.1,0.2,2.3,2.2,JvG_D_02,JvG_D_low,46,JvG
30,AK_D_12.mp4,disgust,1.3,7.5,1.4,0.6,2.2,1.5,AK_D_12,AK_D_high,3,AK
30,AL_D_29.mp4,disgust,1.6,8,1,0.4,1.3,1.3,AL_D_29,AL_D_high,17,AL
30,BP_D_25.mp4,disgust,1.3,7.5,2.6,0.1,3.2,2,BP_D_25,BP_D_high,31,BP
30,JvG_D_23.mp4,disgust,1.8,7.6,1.6,0.1,2.8,1.2,JvG_D_23,JvG_D_high,45,JvG
30,AK_F_02.mp4,fear,1.8,2.5,4.7,0.2,2.5,0.9,AK_F_02,AK_F_low,6,AK
30,AL_F_08.mp4,fear,1,2.7,5.1,0.6,1.1,1.2,AL_F_08,AL_F_low,20,AL
30,BP_F_02.mp4,fear,1.2,1.7,4.9,0.2,1.7,1.2,BP_F_02,BP_F_low,34,BP
30,JvG_F_01.mp4,fear,1,3,5.1,0.6,2.6,2.7,JvG_F_01,JvG_F_low,48,JvG
30,AK_F_24.mp4,fear,1.4,2.6,6.3,0.2,3.2,1.4,AK_F_24,AK_F_high,5,AK
30,AL_F_46.mp4,fear,0.9,2.1,6.6,1,1.9,1,AL_F_46,AL_F_high,19,AL
30,BP_F_46.mp4,fear,1.6,3.2,6.6,0.2,2.2,0.8,BP_F_46,BP_F_high,33,BP
30,JvG_F_13.mp4,fear,1.3,3.2,7.2,0.5,4.8,3.6,JvG_F_13,JvG_F_high,47,JvG
30,AK_H_28.mp4,happy,0.2,0.4,0.1,6,0.3,0.7,AK_H_28,AK_H_low,8,AK
30,AL_H_03.mp4,happy,0.3,0.3,0.4,6,0.7,0.4,AL_H_03,AL_H_low,22,AL
30,BP_H_05.mp4,happy,0.4,0.5,0.3,6.1,0.2,0.5,BP_H_05,BP_H_low,36,BP
30,JvG_H_03.mp4,happy,0.4,0.3,0.5,5.8,0.6,0.5,JvG_H_03,JvG_H_low,50,JvG
30,AK_H_15.mp4,happy,0.2,0.2,0.2,7.8,0.2,0.4,AK_H_15,AK_H_high,7,AK
30,AL_H_31.mp4,happy,0.3,0.3,0.3,7.6,0.3,0.2,AL_H_31,AL_H_high,21,AL
30,BP_H_16.mp4,happy,0.2,0.1,0.2,8.2,0.2,0.5,BP_H_16,BP_H_high,35,BP
30,JvG_H_18.mp4,happy,0.1,0.1,0.3,7.8,0.3,0.3,JvG_H_18,JvG_H_high,49,JvG
30,AK_P_59.mp4,pain,2.4,4.3,3.7,0.2,3.9,2.6,AK_P_59,AK_P_low,12,AK
30,AL_P_20.mp4,pain,3.3,3.4,2.1,0.5,4.6,3.6,AL_P_20,AL_P_low,26,AL
30,BP_P_02.mp4,pain,1.3,4.3,2.1,0.6,4.6,2.2,BP_P_02,BP_P_low,40,BP
30,JvG_P_16.mp4,pain,2.3,3.8,2.9,0.3,3.8,1.3,JvG_P_16,JvG_P_low,54,JvG
30,AK_P_21.mp4,pain,2,3.6,2.4,0,6.7,1.6,AK_P_21,AK_P_high,11,AK
30,AL_P_39.mp4,pain,2.7,4.5,3.7,0.4,6.4,2.6,AL_P_39,AL_P_high,25,AL
30,BP_P_18.mp4,pain,1,3,2,0.6,6.4,1.6,BP_P_18,BP_P_high,39,BP
30,JvG_P_20.mp4,pain,1.8,4.6,3.5,0.2,6.9,1.2,JvG_P_20,JvG_P_high,53,JvG
30,AK_S_06.mp4,sad,1.2,1.5,2.7,0.8,3.2,5.1,AK_S_06,AK_S_low,14,AK
30,AL_S_04.mp4,sad,1.8,3.5,3.6,0.2,3,5.1,AL_S_04,AL_S_low,28,AL
30,BP_S_13.mp4,sad,1.2,2.2,2.7,0.2,3.1,5,BP_S_13,BP_S_low,42,BP
30,JvG_S_12.mp4,sad,1.3,2,2.7,0.6,3.7,6.1,JvG_S_12,JvG_S_low,56,JvG
30,AK_S_23.mp4,sad,1.3,1.8,3.4,0.9,4.6,7.1,AK_S_23,AK_S_high,13,AK
30,AL_S_53.mp4,sad,1.7,3,5.8,0.2,4.7,7,AL_S_53,AL_S_high,27,AL
30,BP_S_18.mp4,sad,1.8,2.1,3.2,0.2,4.8,7.8,BP_S_18,BP_S_high,41,BP
30,JvG_S_24.mp4,sad,1.4,1.3,3.5,1.5,4.5,7.1,JvG_S_24,JvG_S_high,55,JvG
30,AK_N_01.mp4,neutral,1.8,1.4,0.8,0.2,1.1,2.3,AK_N_01,AK_N_low,10,AK
30,AL_N_01.mp4,neutral,1.5,0.9,1,0.3,0.9,1.9,AL_N_01,AL_N_low,24,AL
30,BP_N_01.mp4,neutral,0.8,1.2,0.4,0.9,0.7,1.3,BP_N_01,BP_N_low,38,BP
30,JvG_N_08.mp4,neutral,0.8,1.1,0.6,1.9,0.7,1.2,JvG_N_08,JvG_N_low,52,JvG
30,AK_N_09.mp4,neutral,2,2,1.4,0.8,1.9,2.1,AK_N_09,AK_N_high,9,AK
30,AL_N_06.mp4,neutral,1.8,1.9,1.4,0.3,1.5,2.4,AL_N_06,AL_N_high,23,AL
30,BP_N_07.mp4,neutral,2,1.9,1.1,0.9,1.4,1.9,BP_N_07,BP_N_high,37,BP
30,JvG_N_17.mp4,neutral,1.4,1.7,0.8,0.8,1.1,2,JvG_N_17,JvG_N_high,51,JvG
31,AK_A_04.mp4,anger,6.5,2.2,1.2,0.1,2.2,1.1,AK_A_04,AK_A_low,2,AK
31,AL_A_03.mp4,anger,5.3,2.3,1.8,0.3,1.5,1.7,AL_A_03,AL_A_low,16,AL
31,BP_A_10.mp4,anger,5.2,2.3,0.9,0.6,1.6,1.6,BP_A_10,BP_A_low,30,BP
31,JvG_A_14.mp4,anger,6.2,2.6,1.4,0.5,1.8,1.6,JvG_A_14,JvG_A_low,44,JvG
31,AK_A_32.mp4,anger,7.5,3.5,2.1,0.3,4,1.3,AK_A_32,AK_A_high,1,AK
31,AL_A_20.mp4,anger,7.6,2.4,1.7,0.2,1.7,1.1,AL_A_20,AL_A_high,15,AL
31,BP_A_41.mp4,anger,7.5,2.1,1.8,0.4,2.3,1.3,BP_A_41,BP_A_high,29,BP
31,JvG_A_19.mp4,anger,7.6,2.4,1.5,0.3,2.2,1.7,JvG_A_19,JvG_A_high,43,JvG
31,AK_D_02.mp4,disgust,2.1,5.3,1.4,0.5,2.1,3.2,AK_D_02,AK_D_low,4,AK
31,AL_D_12.mp4,disgust,3.1,5.8,1,0.5,1.4,1.7,AL_D_12,AL_D_low,18,AL
31,BP_D_03.mp4,disgust,1.6,5.5,1.9,0.2,2.2,1.5,BP_D_03,BP_D_low,32,BP
31,JvG_D_02.mp4,disgust,1.7,6.1,2.1,0.2,2.3,2.2,JvG_D_02,JvG_D_low,46,JvG
31,AK_D_12.mp4,disgust,1.3,7.5,1.4,0.6,2.2,1.5,AK_D_12,AK_D_high,3,AK
31,AL_D_29.mp4,disgust,1.6,8,1,0.4,1.3,1.3,AL_D_29,AL_D_high,17,AL
31,BP_D_25.mp4,disgust,1.3,7.5,2.6,0.1,3.2,2,BP_D_25,BP_D_high,31,BP
31,JvG_D_23.mp4,disgust,1.8,7.6,1.6,0.1,2.8,1.2,JvG_D_23,JvG_D_high,45,JvG
31,AK_F_02.mp4,fear,1.8,2.5,4.7,0.2,2.5,0.9,AK_F_02,AK_F_low,6,AK
31,AL_F_08.mp4,fear,1,2.7,5.1,0.6,1.1,1.2,AL_F_08,AL_F_low,20,AL
31,BP_F_02.mp4,fear,1.2,1.7,4.9,0.2,1.7,1.2,BP_F_02,BP_F_low,34,BP
31,JvG_F_01.mp4,fear,1,3,5.1,0.6,2.6,2.7,JvG_F_01,JvG_F_low,48,JvG
31,AK_F_24.mp4,fear,1.4,2.6,6.3,0.2,3.2,1.4,AK_F_24,AK_F_high,5,AK
31,AL_F_46.mp4,fear,0.9,2.1,6.6,1,1.9,1,AL_F_46,AL_F_high,19,AL
31,BP_F_46.mp4,fear,1.6,3.2,6.6,0.2,2.2,0.8,BP_F_46,BP_F_high,33,BP
31,JvG_F_13.mp4,fear,1.3,3.2,7.2,0.5,4.8,3.6,JvG_F_13,JvG_F_high,47,JvG
31,AK_H_28.mp4,happy,0.2,0.4,0.1,6,0.3,0.7,AK_H_28,AK_H_low,8,AK
31,AL_H_03.mp4,happy,0.3,0.3,0.4,6,0.7,0.4,AL_H_03,AL_H_low,22,AL
31,BP_H_05.mp4,happy,0.4,0.5,0.3,6.1,0.2,0.5,BP_H_05,BP_H_low,36,BP
31,JvG_H_03.mp4,happy,0.4,0.3,0.5,5.8,0.6,0.5,JvG_H_03,JvG_H_low,50,JvG
31,AK_H_15.mp4,happy,0.2,0.2,0.2,7.8,0.2,0.4,AK_H_15,AK_H_high,7,AK
31,AL_H_31.mp4,happy,0.3,0.3,0.3,7.6,0.3,0.2,AL_H_31,AL_H_high,21,AL
31,BP_H_16.mp4,happy,0.2,0.1,0.2,8.2,0.2,0.5,BP_H_16,BP_H_high,35,BP
31,JvG_H_18.mp4,happy,0.1,0.1,0.3,7.8,0.3,0.3,JvG_H_18,JvG_H_high,49,JvG
31,AK_P_59.mp4,pain,2.4,4.3,3.7,0.2,3.9,2.6,AK_P_59,AK_P_low,12,AK
31,AL_P_20.mp4,pain,3.3,3.4,2.1,0.5,4.6,3.6,AL_P_20,AL_P_low,26,AL
31,BP_P_02.mp4,pain,1.3,4.3,2.1,0.6,4.6,2.2,BP_P_02,BP_P_low,40,BP
31,JvG_P_16.mp4,pain,2.3,3.8,2.9,0.3,3.8,1.3,JvG_P_16,JvG_P_low,54,JvG
31,AK_P_21.mp4,pain,2,3.6,2.4,0,6.7,1.6,AK_P_21,AK_P_high,11,AK
31,AL_P_39.mp4,pain,2.7,4.5,3.7,0.4,6.4,2.6,AL_P_39,AL_P_high,25,AL
31,BP_P_18.mp4,pain,1,3,2,0.6,6.4,1.6,BP_P_18,BP_P_high,39,BP
31,JvG_P_20.mp4,pain,1.8,4.6,3.5,0.2,6.9,1.2,JvG_P_20,JvG_P_high,53,JvG
31,AK_S_06.mp4,sad,1.2,1.5,2.7,0.8,3.2,5.1,AK_S_06,AK_S_low,14,AK
31,AL_S_04.mp4,sad,1.8,3.5,3.6,0.2,3,5.1,AL_S_04,AL_S_low,28,AL
31,BP_S_13.mp4,sad,1.2,2.2,2.7,0.2,3.1,5,BP_S_13,BP_S_low,42,BP
31,JvG_S_12.mp4,sad,1.3,2,2.7,0.6,3.7,6.1,JvG_S_12,JvG_S_low,56,JvG
31,AK_S_23.mp4,sad,1.3,1.8,3.4,0.9,4.6,7.1,AK_S_23,AK_S_high,13,AK
31,AL_S_53.mp4,sad,1.7,3,5.8,0.2,4.7,7,AL_S_53,AL_S_high,27,AL
31,BP_S_18.mp4,sad,1.8,2.1,3.2,0.2,4.8,7.8,BP_S_18,BP_S_high,41,BP
31,JvG_S_24.mp4,sad,1.4,1.3,3.5,1.5,4.5,7.1,JvG_S_24,JvG_S_high,55,JvG
31,AK_N_01.mp4,neutral,1.8,1.4,0.8,0.2,1.1,2.3,AK_N_01,AK_N_low,10,AK
31,AL_N_01.mp4,neutral,1.5,0.9,1,0.3,0.9,1.9,AL_N_01,AL_N_low,24,AL
31,BP_N_01.mp4,neutral,0.8,1.2,0.4,0.9,0.7,1.3,BP_N_01,BP_N_low,38,BP
31,JvG_N_08.mp4,neutral,0.8,1.1,0.6,1.9,0.7,1.2,JvG_N_08,JvG_N_low,52,JvG
31,AK_N_09.mp4,neutral,2,2,1.4,0.8,1.9,2.1,AK_N_09,AK_N_high,9,AK
31,AL_N_06.mp4,neutral,1.8,1.9,1.4,0.3,1.5,2.4,AL_N_06,AL_N_high,23,AL
31,BP_N_07.mp4,neutral,2,1.9,1.1,0.9,1.4,1.9,BP_N_07,BP_N_high,37,BP
31,JvG_N_17.mp4,neutral,1.4,1.7,0.8,0.8,1.1,2,JvG_N_17,JvG_N_high,51,JvG
32,AK_A_04.mp4,anger,6.5,2.2,1.2,0.1,2.2,1.1,AK_A_04,AK_A_low,2,AK
32,AL_A_03.mp4,anger,5.3,2.3,1.8,0.3,1.5,1.7,AL_A_03,AL_A_low,16,AL
32,BP_A_10.mp4,anger,5.2,2.3,0.9,0.6,1.6,1.6,BP_A_10,BP_A_low,30,BP
32,JvG_A_14.mp4,anger,6.2,2.6,1.4,0.5,1.8,1.6,JvG_A_14,JvG_A_low,44,JvG
32,AK_A_32.mp4,anger,7.5,3.5,2.1,0.3,4,1.3,AK_A_32,AK_A_high,1,AK
32,AL_A_20.mp4,anger,7.6,2.4,1.7,0.2,1.7,1.1,AL_A_20,AL_A_high,15,AL
32,BP_A_41.mp4,anger,7.5,2.1,1.8,0.4,2.3,1.3,BP_A_41,BP_A_high,29,BP
32,JvG_A_19.mp4,anger,7.6,2.4,1.5,0.3,2.2,1.7,JvG_A_19,JvG_A_high,43,JvG
32,AK_D_02.mp4,disgust,2.1,5.3,1.4,0.5,2.1,3.2,AK_D_02,AK_D_low,4,AK
32,AL_D_12.mp4,disgust,3.1,5.8,1,0.5,1.4,1.7,AL_D_12,AL_D_low,18,AL
32,BP_D_03.mp4,disgust,1.6,5.5,1.9,0.2,2.2,1.5,BP_D_03,BP_D_low,32,BP
32,JvG_D_02.mp4,disgust,1.7,6.1,2.1,0.2,2.3,2.2,JvG_D_02,JvG_D_low,46,JvG
32,AK_D_12.mp4,disgust,1.3,7.5,1.4,0.6,2.2,1.5,AK_D_12,AK_D_high,3,AK
32,AL_D_29.mp4,disgust,1.6,8,1,0.4,1.3,1.3,AL_D_29,AL_D_high,17,AL
32,BP_D_25.mp4,disgust,1.3,7.5,2.6,0.1,3.2,2,BP_D_25,BP_D_high,31,BP
32,JvG_D_23.mp4,disgust,1.8,7.6,1.6,0.1,2.8,1.2,JvG_D_23,JvG_D_high,45,JvG
32,AK_F_02.mp4,fear,1.8,2.5,4.7,0.2,2.5,0.9,AK_F_02,AK_F_low,6,AK
32,AL_F_08.mp4,fear,1,2.7,5.1,0.6,1.1,1.2,AL_F_08,AL_F_low,20,AL
32,BP_F_02.mp4,fear,1.2,1.7,4.9,0.2,1.7,1.2,BP_F_02,BP_F_low,34,BP
32,JvG_F_01.mp4,fear,1,3,5.1,0.6,2.6,2.7,JvG_F_01,JvG_F_low,48,JvG
32,AK_F_24.mp4,fear,1.4,2.6,6.3,0.2,3.2,1.4,AK_F_24,AK_F_high,5,AK
32,AL_F_46.mp4,fear,0.9,2.1,6.6,1,1.9,1,AL_F_46,AL_F_high,19,AL
32,BP_F_46.mp4,fear,1.6,3.2,6.6,0.2,2.2,0.8,BP_F_46,BP_F_high,33,BP
32,JvG_F_13.mp4,fear,1.3,3.2,7.2,0.5,4.8,3.6,JvG_F_13,JvG_F_high,47,JvG
32,AK_H_28.mp4,happy,0.2,0.4,0.1,6,0.3,0.7,AK_H_28,AK_H_low,8,AK
32,AL_H_03.mp4,happy,0.3,0.3,0.4,6,0.7,0.4,AL_H_03,AL_H_low,22,AL
32,BP_H_05.mp4,happy,0.4,0.5,0.3,6.1,0.2,0.5,BP_H_05,BP_H_low,36,BP
32,JvG_H_03.mp4,happy,0.4,0.3,0.5,5.8,0.6,0.5,JvG_H_03,JvG_H_low,50,JvG
32,AK_H_15.mp4,happy,0.2,0.2,0.2,7.8,0.2,0.4,AK_H_15,AK_H_high,7,AK
32,AL_H_31.mp4,happy,0.3,0.3,0.3,7.6,0.3,0.2,AL_H_31,AL_H_high,21,AL
32,BP_H_16.mp4,happy,0.2,0.1,0.2,8.2,0.2,0.5,BP_H_16,BP_H_high,35,BP
32,JvG_H_18.mp4,happy,0.1,0.1,0.3,7.8,0.3,0.3,JvG_H_18,JvG_H_high,49,JvG
32,AK_P_59.mp4,pain,2.4,4.3,3.7,0.2,3.9,2.6,AK_P_59,AK_P_low,12,AK
32,AL_P_20.mp4,pain,3.3,3.4,2.1,0.5,4.6,3.6,AL_P_20,AL_P_low,26,AL
32,BP_P_02.mp4,pain,1.3,4.3,2.1,0.6,4.6,2.2,BP_P_02,BP_P_low,40,BP
32,JvG_P_16.mp4,pain,2.3,3.8,2.9,0.3,3.8,1.3,JvG_P_16,JvG_P_low,54,JvG
32,AK_P_21.mp4,pain,2,3.6,2.4,0,6.7,1.6,AK_P_21,AK_P_high,11,AK
32,AL_P_39.mp4,pain,2.7,4.5,3.7,0.4,6.4,2.6,AL_P_39,AL_P_high,25,AL
32,BP_P_18.mp4,pain,1,3,2,0.6,6.4,1.6,BP_P_18,BP_P_high,39,BP
32,JvG_P_20.mp4,pain,1.8,4.6,3.5,0.2,6.9,1.2,JvG_P_20,JvG_P_high,53,JvG
32,AK_S_06.mp4,sad,1.2,1.5,2.7,0.8,3.2,5.1,AK_S_06,AK_S_low,14,AK
32,AL_S_04.mp4,sad,1.8,3.5,3.6,0.2,3,5.1,AL_S_04,AL_S_low,28,AL
32,BP_S_13.mp4,sad,1.2,2.2,2.7,0.2,3.1,5,BP_S_13,BP_S_low,42,BP
32,JvG_S_12.mp4,sad,1.3,2,2.7,0.6,3.7,6.1,JvG_S_12,JvG_S_low,56,JvG
32,AK_S_23.mp4,sad,1.3,1.8,3.4,0.9,4.6,7.1,AK_S_23,AK_S_high,13,AK
32,AL_S_53.mp4,sad,1.7,3,5.8,0.2,4.7,7,AL_S_53,AL_S_high,27,AL
32,BP_S_18.mp4,sad,1.8,2.1,3.2,0.2,4.8,7.8,BP_S_18,BP_S_high,41,BP
32,JvG_S_24.mp4,sad,1.4,1.3,3.5,1.5,4.5,7.1,JvG_S_24,JvG_S_high,55,JvG
32,AK_N_01.mp4,neutral,1.8,1.4,0.8,0.2,1.1,2.3,AK_N_01,AK_N_low,10,AK
32,AL_N_01.mp4,neutral,1.5,0.9,1,0.3,0.9,1.9,AL_N_01,AL_N_low,24,AL
32,BP_N_01.mp4,neutral,0.8,1.2,0.4,0.9,0.7,1.3,BP_N_01,BP_N_low,38,BP
32,JvG_N_08.mp4,neutral,0.8,1.1,0.6,1.9,0.7,1.2,JvG_N_08,JvG_N_low,52,JvG
32,AK_N_09.mp4,neutral,2,2,1.4,0.8,1.9,2.1,AK_N_09,AK_N_high,9,AK
32,AL_N_06.mp4,neutral,1.8,1.9,1.4,0.3,1.5,2.4,AL_N_06,AL_N_high,23,AL
32,BP_N_07.mp4,neutral,2,1.9,1.1,0.9,1.4,1.9,BP_N_07,BP_N_high,37,BP
32,JvG_N_17.mp4,neutral,1.4,1.7,0.8,0.8,1.1,2,JvG_N_17,JvG_N_high,51,JvG
34,AK_A_04.mp4,anger,6.5,2.2,1.2,0.1,2.2,1.1,AK_A_04,AK_A_low,2,AK
34,AL_A_03.mp4,anger,5.3,2.3,1.8,0.3,1.5,1.7,AL_A_03,AL_A_low,16,AL
34,BP_A_10.mp4,anger,5.2,2.3,0.9,0.6,1.6,1.6,BP_A_10,BP_A_low,30,BP
34,JvG_A_14.mp4,anger,6.2,2.6,1.4,0.5,1.8,1.6,JvG_A_14,JvG_A_low,44,JvG
34,AK_A_32.mp4,anger,7.5,3.5,2.1,0.3,4,1.3,AK_A_32,AK_A_high,1,AK
34,AL_A_20.mp4,anger,7.6,2.4,1.7,0.2,1.7,1.1,AL_A_20,AL_A_high,15,AL
34,BP_A_41.mp4,anger,7.5,2.1,1.8,0.4,2.3,1.3,BP_A_41,BP_A_high,29,BP
34,JvG_A_19.mp4,anger,7.6,2.4,1.5,0.3,2.2,1.7,JvG_A_19,JvG_A_high,43,JvG
34,AK_D_02.mp4,disgust,2.1,5.3,1.4,0.5,2.1,3.2,AK_D_02,AK_D_low,4,AK
34,AL_D_12.mp4,disgust,3.1,5.8,1,0.5,1.4,1.7,AL_D_12,AL_D_low,18,AL
34,BP_D_03.mp4,disgust,1.6,5.5,1.9,0.2,2.2,1.5,BP_D_03,BP_D_low,32,BP
34,JvG_D_02.mp4,disgust,1.7,6.1,2.1,0.2,2.3,2.2,JvG_D_02,JvG_D_low,46,JvG
34,AK_D_12.mp4,disgust,1.3,7.5,1.4,0.6,2.2,1.5,AK_D_12,AK_D_high,3,AK
34,AL_D_29.mp4,disgust,1.6,8,1,0.4,1.3,1.3,AL_D_29,AL_D_high,17,AL
34,BP_D_25.mp4,disgust,1.3,7.5,2.6,0.1,3.2,2,BP_D_25,BP_D_high,31,BP
34,JvG_D_23.mp4,disgust,1.8,7.6,1.6,0.1,2.8,1.2,JvG_D_23,JvG_D_high,45,JvG
34,AK_F_02.mp4,fear,1.8,2.5,4.7,0.2,2.5,0.9,AK_F_02,AK_F_low,6,AK
34,AL_F_08.mp4,fear,1,2.7,5.1,0.6,1.1,1.2,AL_F_08,AL_F_low,20,AL
34,BP_F_02.mp4,fear,1.2,1.7,4.9,0.2,1.7,1.2,BP_F_02,BP_F_low,34,BP
34,JvG_F_01.mp4,fear,1,3,5.1,0.6,2.6,2.7,JvG_F_01,JvG_F_low,48,JvG
34,AK_F_24.mp4,fear,1.4,2.6,6.3,0.2,3.2,1.4,AK_F_24,AK_F_high,5,AK
34,AL_F_46.mp4,fear,0.9,2.1,6.6,1,1.9,1,AL_F_46,AL_F_high,19,AL
34,BP_F_46.mp4,fear,1.6,3.2,6.6,0.2,2.2,0.8,BP_F_46,BP_F_high,33,BP
34,JvG_F_13.mp4,fear,1.3,3.2,7.2,0.5,4.8,3.6,JvG_F_13,JvG_F_high,47,JvG
34,AK_H_28.mp4,happy,0.2,0.4,0.1,6,0.3,0.7,AK_H_28,AK_H_low,8,AK
34,AL_H_03.mp4,happy,0.3,0.3,0.4,6,0.7,0.4,AL_H_03,AL_H_low,22,AL
34,BP_H_05.mp4,happy,0.4,0.5,0.3,6.1,0.2,0.5,BP_H_05,BP_H_low,36,BP
34,JvG_H_03.mp4,happy,0.4,0.3,0.5,5.8,0.6,0.5,JvG_H_03,JvG_H_low,50,JvG
34,AK_H_15.mp4,happy,0.2,0.2,0.2,7.8,0.2,0.4,AK_H_15,AK_H_high,7,AK
34,AL_H_31.mp4,happy,0.3,0.3,0.3,7.6,0.3,0.2,AL_H_31,AL_H_high,21,AL
34,BP_H_16.mp4,happy,0.2,0.1,0.2,8.2,0.2,0.5,BP_H_16,BP_H_high,35,BP
34,JvG_H_18.mp4,happy,0.1,0.1,0.3,7.8,0.3,0.3,JvG_H_18,JvG_H_high,49,JvG
34,AK_P_59.mp4,pain,2.4,4.3,3.7,0.2,3.9,2.6,AK_P_59,AK_P_low,12,AK
34,AL_P_20.mp4,pain,3.3,3.4,2.1,0.5,4.6,3.6,AL_P_20,AL_P_low,26,AL
34,BP_P_02.mp4,pain,1.3,4.3,2.1,0.6,4.6,2.2,BP_P_02,BP_P_low,40,BP
34,JvG_P_16.mp4,pain,2.3,3.8,2.9,0.3,3.8,1.3,JvG_P_16,JvG_P_low,54,JvG
34,AK_P_21.mp4,pain,2,3.6,2.4,0,6.7,1.6,AK_P_21,AK_P_high,11,AK
34,AL_P_39.mp4,pain,2.7,4.5,3.7,0.4,6.4,2.6,AL_P_39,AL_P_high,25,AL
34,BP_P_18.mp4,pain,1,3,2,0.6,6.4,1.6,BP_P_18,BP_P_high,39,BP
34,JvG_P_20.mp4,pain,1.8,4.6,3.5,0.2,6.9,1.2,JvG_P_20,JvG_P_high,53,JvG
34,AK_S_06.mp4,sad,1.2,1.5,2.7,0.8,3.2,5.1,AK_S_06,AK_S_low,14,AK
34,AL_S_04.mp4,sad,1.8,3.5,3.6,0.2,3,5.1,AL_S_04,AL_S_low,28,AL
34,BP_S_13.mp4,sad,1.2,2.2,2.7,0.2,3.1,5,BP_S_13,BP_S_low,42,BP
34,JvG_S_12.mp4,sad,1.3,2,2.7,0.6,3.7,6.1,JvG_S_12,JvG_S_low,56,JvG
34,AK_S_23.mp4,sad,1.3,1.8,3.4,0.9,4.6,7.1,AK_S_23,AK_S_high,13,AK
34,AL_S_53.mp4,sad,1.7,3,5.8,0.2,4.7,7,AL_S_53,AL_S_high,27,AL
34,BP_S_18.mp4,sad,1.8,2.1,3.2,0.2,4.8,7.8,BP_S_18,BP_S_high,41,BP
34,JvG_S_24.mp4,sad,1.4,1.3,3.5,1.5,4.5,7.1,JvG_S_24,JvG_S_high,55,JvG
34,AK_N_01.mp4,neutral,1.8,1.4,0.8,0.2,1.1,2.3,AK_N_01,AK_N_low,10,AK
34,AL_N_01.mp4,neutral,1.5,0.9,1,0.3,0.9,1.9,AL_N_01,AL_N_low,24,AL
34,BP_N_01.mp4,neutral,0.8,1.2,0.4,0.9,0.7,1.3,BP_N_01,BP_N_low,38,BP
34,JvG_N_08.mp4,neutral,0.8,1.1,0.6,1.9,0.7,1.2,JvG_N_08,JvG_N_low,52,JvG
34,AK_N_09.mp4,neutral,2,2,1.4,0.8,1.9,2.1,AK_N_09,AK_N_high,9,AK
34,AL_N_06.mp4,neutral,1.8,1.9,1.4,0.3,1.5,2.4,AL_N_06,AL_N_high,23,AL
34,BP_N_07.mp4,neutral,2,1.9,1.1,0.9,1.4,1.9,BP_N_07,BP_N_high,37,BP
34,JvG_N_17.mp4,neutral,1.4,1.7,0.8,0.8,1.1,2,JvG_N_17,JvG_N_high,51,JvG
