sub,video,r_me,original_code,high_low_code,movie_cope_number,actor,emotion
02,AK_A_32.mp4,0.7656360898775799,AK_A_32,AK_A_high,1,AK,anger
02,AK_A_04.mp4,-0.33742212361140994,AK_A_04,AK_A_low,2,AK,anger
02,AK_D_12.mp4,0.6375553233269624,AK_D_12,AK_D_high,3,AK,disgust
02,AK_D_02.mp4,0.13005265123379775,AK_D_02,AK_D_low,4,AK,disgust
02,AK_F_24.mp4,2.735817023639926,AK_F_24,AK_F_high,5,AK,fear
02,AK_F_02.mp4,0.30346274908998455,AK_F_02,AK_F_low,6,AK,fear
02,AK_H_15.mp4,0.8322718412820059,AK_H_15,AK_H_high,7,AK,happy
02,AK_H_28.mp4,-0.9244948056495828,AK_H_28,AK_H_low,8,AK,happy
02,AK_N_09.mp4,-0.7863427285752529,AK_N_09,AK_N_high,9,AK,neutral
02,AK_N_01.mp4,-0.8529730670590373,AK_N_01,AK_N_low,10,AK,neutral
02,AK_P_21.mp4,3.833816880237848,AK_P_21,AK_P_high,11,AK,pain
02,AK_P_59.mp4,0.523361766173851,AK_P_59,AK_P_low,12,AK,pain
02,AK_S_23.mp4,0.35939051184862886,AK_S_23,AK_S_high,13,AK,sad
02,AK_S_06.mp4,-0.418784941131171,AK_S_06,AK_S_low,14,AK,sad
02,AL_A_20.mp4,-0.23240132136723238,AL_A_20,AL_A_high,15,AL,anger
02,AL_A_03.mp4,-0.3938194481079181,AL_A_03,AL_A_low,16,AL,anger
02,AL_D_29.mp4,0.00763096967289234,AL_D_29,AL_D_high,17,AL,disgust
02,AL_D_12.mp4,-0.8777420789473864,AL_D_12,AL_D_low,18,AL,disgust
02,AL_F_46.mp4,1.4931420390220789,AL_F_46,AL_F_high,19,AL,fear
02,AL_F_08.mp4,-0.5081045528367341,AL_F_08,AL_F_low,20,AL,fear
02,AL_H_31.mp4,-0.4031232125229413,AL_H_31,AL_H_high,21,AL,happy
02,AL_H_03.mp4,-1.0724659736197357,AL_H_03,AL_H_low,22,AL,happy
02,AL_N_06.mp4,-1.24592778142866,AL_N_06,AL_N_high,23,AL,neutral
02,AL_N_01.mp4,-1.1892425054012978,AL_N_01,AL_N_low,24,AL,neutral
02,AL_P_39.mp4,1.1007786976822715,AL_P_39,AL_P_high,25,AL,pain
02,AL_P_20.mp4,0.13020790199588006,AL_P_20,AL_P_low,26,AL,pain
02,AL_S_53.mp4,-0.14719403655469968,AL_S_53,AL_S_high,27,AL,sad
02,AL_S_04.mp4,-0.9688439947342984,AL_S_04,AL_S_low,28,AL,sad
02,BP_A_41.mp4,0.27818938099736823,BP_A_41,BP_A_high,29,BP,anger
02,BP_A_10.mp4,-0.720179541172073,BP_A_10,BP_A_low,30,BP,anger
02,BP_D_25.mp4,-0.041535148084226606,BP_D_25,BP_D_high,31,BP,disgust
02,BP_D_03.mp4,-0.8931278399763479,BP_D_03,BP_D_low,32,BP,disgust
02,BP_F_46.mp4,1.1653251189868863,BP_F_46,BP_F_high,33,BP,fear
02,BP_F_02.mp4,-0.16453519746425768,BP_F_02,BP_F_low,34,BP,fear
02,BP_H_16.mp4,-0.15046770246899804,BP_H_16,BP_H_high,35,BP,happy
02,BP_H_05.mp4,-0.6529453762267082,BP_H_05,BP_H_low,36,BP,happy
02,BP_N_07.mp4,-1.0308236153414678,BP_N_07,BP_N_high,37,BP,neutral
02,BP_N_01.mp4,-1.2352772490493693,BP_N_01,BP_N_low,38,BP,neutral
02,BP_P_18.mp4,0.7577069531761677,BP_P_18,BP_P_high,39,BP,pain
02,BP_P_02.mp4,-0.7453482906190866,BP_P_02,BP_P_low,40,BP,pain
02,BP_S_18.mp4,0.4468702193439338,BP_S_18,BP_S_high,41,BP,sad
02,BP_S_13.mp4,-0.9444604842916184,BP_S_13,BP_S_low,42,BP,sad
02,JvG_A_19.mp4,-0.10794120020640267,JvG_A_19,JvG_A_high,43,JvG,anger
02,JvG_A_14.mp4,-0.4702455143468229,JvG_A_14,JvG_A_low,44,JvG,anger
02,JvG_D_23.mp4,0.9516142911562825,JvG_D_23,JvG_D_high,45,JvG,disgust
02,JvG_D_02.mp4,-0.5101471187021405,JvG_D_02,JvG_D_low,46,JvG,disgust
02,JvG_F_13.mp4,0.9783562175954219,JvG_F_13,JvG_F_high,47,JvG,fear
02,JvG_F_01.mp4,0.4808254987751862,JvG_F_01,JvG_F_low,48,JvG,fear
02,JvG_H_18.mp4,0.27900245448962957,JvG_H_18,JvG_H_high,49,JvG,happy
02,JvG_H_03.mp4,-0.8418679933724286,JvG_H_03,JvG_H_low,50,JvG,happy
02,JvG_N_17.mp4,-1.103855865536936,JvG_N_17,JvG_N_high,51,JvG,neutral
02,JvG_N_08.mp4,-1.3617987675433794,JvG_N_08,JvG_N_low,52,JvG,neutral
02,JvG_P_20.mp4,1.7279947126672912,JvG_P_20,JvG_P_high,53,JvG,pain
02,JvG_P_16.mp4,0.4818931580144128,JvG_P_16,JvG_P_low,54,JvG,pain
02,JvG_S_24.mp4,0.632769518346919,JvG_S_24,JvG_S_high,55,JvG,sad
02,JvG_S_12.mp4,0.299767507316421,JvG_S_12,JvG_S_low,56,JvG,sad
03,AK_A_32.mp4,0.7656360898775799,AK_A_32,AK_A_high,1,AK,anger
03,AK_A_04.mp4,-0.33742212361140994,AK_A_04,AK_A_low,2,AK,anger
03,AK_D_12.mp4,0.6375553233269624,AK_D_12,AK_D_high,3,AK,disgust
03,AK_D_02.mp4,0.13005265123379775,AK_D_02,AK_D_low,4,AK,disgust
03,AK_F_24.mp4,2.735817023639926,AK_F_24,AK_F_high,5,AK,fear
03,AK_F_02.mp4,0.30346274908998455,AK_F_02,AK_F_low,6,AK,fear
03,AK_H_15.mp4,0.8322718412820059,AK_H_15,AK_H_high,7,AK,happy
03,AK_H_28.mp4,-0.9244948056495828,AK_H_28,AK_H_low,8,AK,happy
03,AK_N_09.mp4,-0.7863427285752529,AK_N_09,AK_N_high,9,AK,neutral
03,AK_N_01.mp4,-0.8529730670590373,AK_N_01,AK_N_low,10,AK,neutral
03,AK_P_21.mp4,3.833816880237848,AK_P_21,AK_P_high,11,AK,pain
03,AK_P_59.mp4,0.523361766173851,AK_P_59,AK_P_low,12,AK,pain
03,AK_S_23.mp4,0.35939051184862886,AK_S_23,AK_S_high,13,AK,sad
03,AK_S_06.mp4,-0.418784941131171,AK_S_06,AK_S_low,14,AK,sad
03,AL_A_20.mp4,-0.23240132136723238,AL_A_20,AL_A_high,15,AL,anger
03,AL_A_03.mp4,-0.3938194481079181,AL_A_03,AL_A_low,16,AL,anger
03,AL_D_29.mp4,0.00763096967289234,AL_D_29,AL_D_high,17,AL,disgust
03,AL_D_12.mp4,-0.8777420789473864,AL_D_12,AL_D_low,18,AL,disgust
03,AL_F_46.mp4,1.4931420390220789,AL_F_46,AL_F_high,19,AL,fear
03,AL_F_08.mp4,-0.5081045528367341,AL_F_08,AL_F_low,20,AL,fear
03,AL_H_31.mp4,-0.4031232125229413,AL_H_31,AL_H_high,21,AL,happy
03,AL_H_03.mp4,-1.0724659736197357,AL_H_03,AL_H_low,22,AL,happy
03,AL_N_06.mp4,-1.24592778142866,AL_N_06,AL_N_high,23,AL,neutral
03,AL_N_01.mp4,-1.1892425054012978,AL_N_01,AL_N_low,24,AL,neutral
03,AL_P_39.mp4,1.1007786976822715,AL_P_39,AL_P_high,25,AL,pain
03,AL_P_20.mp4,0.13020790199588006,AL_P_20,AL_P_low,26,AL,pain
03,AL_S_53.mp4,-0.14719403655469968,AL_S_53,AL_S_high,27,AL,sad
03,AL_S_04.mp4,-0.9688439947342984,AL_S_04,AL_S_low,28,AL,sad
03,BP_A_41.mp4,0.27818938099736823,BP_A_41,BP_A_high,29,BP,anger
03,BP_A_10.mp4,-0.720179541172073,BP_A_10,BP_A_low,30,BP,anger
03,BP_D_25.mp4,-0.041535148084226606,BP_D_25,BP_D_high,31,BP,disgust
03,BP_D_03.mp4,-0.8931278399763479,BP_D_03,BP_D_low,32,BP,disgust
03,BP_F_46.mp4,1.1653251189868863,BP_F_46,BP_F_high,33,BP,fear
03,BP_F_02.mp4,-0.16453519746425768,BP_F_02,BP_F_low,34,BP,fear
03,BP_H_16.mp4,-0.15046770246899804,BP_H_16,BP_H_high,35,BP,happy
03,BP_H_05.mp4,-0.6529453762267082,BP_H_05,BP_H_low,36,BP,happy
03,BP_N_07.mp4,-1.0308236153414678,BP_N_07,BP_N_high,37,BP,neutral
03,BP_N_01.mp4,-1.2352772490493693,BP_N_01,BP_N_low,38,BP,neutral
03,BP_P_18.mp4,0.7577069531761677,BP_P_18,BP_P_high,39,BP,pain
03,BP_P_02.mp4,-0.7453482906190866,BP_P_02,BP_P_low,40,BP,pain
03,BP_S_18.mp4,0.4468702193439338,BP_S_18,BP_S_high,41,BP,sad
03,BP_S_13.mp4,-0.9444604842916184,BP_S_13,BP_S_low,42,BP,sad
03,JvG_A_19.mp4,-0.10794120020640267,JvG_A_19,JvG_A_high,43,JvG,anger
03,JvG_A_14.mp4,-0.4702455143468229,JvG_A_14,JvG_A_low,44,JvG,anger
03,JvG_D_23.mp4,0.9516142911562825,JvG_D_23,JvG_D_high,45,JvG,disgust
03,JvG_D_02.mp4,-0.5101471187021405,JvG_D_02,JvG_D_low,46,JvG,disgust
03,JvG_F_13.mp4,0.9783562175954219,JvG_F_13,JvG_F_high,47,JvG,fear
03,JvG_F_01.mp4,0.4808254987751862,JvG_F_01,JvG_F_low,48,JvG,fear
03,JvG_H_18.mp4,0.27900245448962957,JvG_H_18,JvG_H_high,49,JvG,happy
03,JvG_H_03.mp4,-0.8418679933724286,JvG_H_03,JvG_H_low,50,JvG,happy
03,JvG_N_17.mp4,-1.103855865536936,JvG_N_17,JvG_N_high,51,JvG,neutral
03,JvG_N_08.mp4,-1.3617987675433794,JvG_N_08,JvG_N_low,52,JvG,neutral
03,JvG_P_20.mp4,1.7279947126672912,JvG_P_20,JvG_P_high,53,JvG,pain
03,JvG_P_16.mp4,0.4818931580144128,JvG_P_16,JvG_P_low,54,JvG,pain
03,JvG_S_24.mp4,0.632769518346919,JvG_S_24,JvG_S_high,55,JvG,sad
03,JvG_S_12.mp4,0.299767507316421,JvG_S_12,JvG_S_low,56,JvG,sad
05,AK_A_32.mp4,0.7656360898775799,AK_A_32,AK_A_high,1,AK,anger
05,AK_A_04.mp4,-0.33742212361140994,AK_A_04,AK_A_low,2,AK,anger
05,AK_D_12.mp4,0.6375553233269624,AK_D_12,AK_D_high,3,AK,disgust
05,AK_D_02.mp4,0.13005265123379775,AK_D_02,AK_D_low,4,AK,disgust
05,AK_F_24.mp4,2.735817023639926,AK_F_24,AK_F_high,5,AK,fear
05,AK_F_02.mp4,0.30346274908998455,AK_F_02,AK_F_low,6,AK,fear
05,AK_H_15.mp4,0.8322718412820059,AK_H_15,AK_H_high,7,AK,happy
05,AK_H_28.mp4,-0.9244948056495828,AK_H_28,AK_H_low,8,AK,happy
05,AK_N_09.mp4,-0.7863427285752529,AK_N_09,AK_N_high,9,AK,neutral
05,AK_N_01.mp4,-0.8529730670590373,AK_N_01,AK_N_low,10,AK,neutral
05,AK_P_21.mp4,3.833816880237848,AK_P_21,AK_P_high,11,AK,pain
05,AK_P_59.mp4,0.523361766173851,AK_P_59,AK_P_low,12,AK,pain
05,AK_S_23.mp4,0.35939051184862886,AK_S_23,AK_S_high,13,AK,sad
05,AK_S_06.mp4,-0.418784941131171,AK_S_06,AK_S_low,14,AK,sad
05,AL_A_20.mp4,-0.23240132136723238,AL_A_20,AL_A_high,15,AL,anger
05,AL_A_03.mp4,-0.3938194481079181,AL_A_03,AL_A_low,16,AL,anger
05,AL_D_29.mp4,0.00763096967289234,AL_D_29,AL_D_high,17,AL,disgust
05,AL_D_12.mp4,-0.8777420789473864,AL_D_12,AL_D_low,18,AL,disgust
05,AL_F_46.mp4,1.4931420390220789,AL_F_46,AL_F_high,19,AL,fear
05,AL_F_08.mp4,-0.5081045528367341,AL_F_08,AL_F_low,20,AL,fear
05,AL_H_31.mp4,-0.4031232125229413,AL_H_31,AL_H_high,21,AL,happy
05,AL_H_03.mp4,-1.0724659736197357,AL_H_03,AL_H_low,22,AL,happy
05,AL_N_06.mp4,-1.24592778142866,AL_N_06,AL_N_high,23,AL,neutral
05,AL_N_01.mp4,-1.1892425054012978,AL_N_01,AL_N_low,24,AL,neutral
05,AL_P_39.mp4,1.1007786976822715,AL_P_39,AL_P_high,25,AL,pain
05,AL_P_20.mp4,0.13020790199588006,AL_P_20,AL_P_low,26,AL,pain
05,AL_S_53.mp4,-0.14719403655469968,AL_S_53,AL_S_high,27,AL,sad
05,AL_S_04.mp4,-0.9688439947342984,AL_S_04,AL_S_low,28,AL,sad
05,BP_A_41.mp4,0.27818938099736823,BP_A_41,BP_A_high,29,BP,anger
05,BP_A_10.mp4,-0.720179541172073,BP_A_10,BP_A_low,30,BP,anger
05,BP_D_25.mp4,-0.041535148084226606,BP_D_25,BP_D_high,31,BP,disgust
05,BP_D_03.mp4,-0.8931278399763479,BP_D_03,BP_D_low,32,BP,disgust
05,BP_F_46.mp4,1.1653251189868863,BP_F_46,BP_F_high,33,BP,fear
05,BP_F_02.mp4,-0.16453519746425768,BP_F_02,BP_F_low,34,BP,fear
05,BP_H_16.mp4,-0.15046770246899804,BP_H_16,BP_H_high,35,BP,happy
05,BP_H_05.mp4,-0.6529453762267082,BP_H_05,BP_H_low,36,BP,happy
05,BP_N_07.mp4,-1.0308236153414678,BP_N_07,BP_N_high,37,BP,neutral
05,BP_N_01.mp4,-1.2352772490493693,BP_N_01,BP_N_low,38,BP,neutral
05,BP_P_18.mp4,0.7577069531761677,BP_P_18,BP_P_high,39,BP,pain
05,BP_P_02.mp4,-0.7453482906190866,BP_P_02,BP_P_low,40,BP,pain
05,BP_S_18.mp4,0.4468702193439338,BP_S_18,BP_S_high,41,BP,sad
05,BP_S_13.mp4,-0.9444604842916184,BP_S_13,BP_S_low,42,BP,sad
05,JvG_A_19.mp4,-0.10794120020640267,JvG_A_19,JvG_A_high,43,JvG,anger
05,JvG_A_14.mp4,-0.4702455143468229,JvG_A_14,JvG_A_low,44,JvG,anger
05,JvG_D_23.mp4,0.9516142911562825,JvG_D_23,JvG_D_high,45,JvG,disgust
05,JvG_D_02.mp4,-0.5101471187021405,JvG_D_02,JvG_D_low,46,JvG,disgust
05,JvG_F_13.mp4,0.9783562175954219,JvG_F_13,JvG_F_high,47,JvG,fear
05,JvG_F_01.mp4,0.4808254987751862,JvG_F_01,JvG_F_low,48,JvG,fear
05,JvG_H_18.mp4,0.27900245448962957,JvG_H_18,JvG_H_high,49,JvG,happy
05,JvG_H_03.mp4,-0.8418679933724286,JvG_H_03,JvG_H_low,50,JvG,happy
05,JvG_N_17.mp4,-1.103855865536936,JvG_N_17,JvG_N_high,51,JvG,neutral
05,JvG_N_08.mp4,-1.3617987675433794,JvG_N_08,JvG_N_low,52,JvG,neutral
05,JvG_P_20.mp4,1.7279947126672912,JvG_P_20,JvG_P_high,53,JvG,pain
05,JvG_P_16.mp4,0.4818931580144128,JvG_P_16,JvG_P_low,54,JvG,pain
05,JvG_S_24.mp4,0.632769518346919,JvG_S_24,JvG_S_high,55,JvG,sad
05,JvG_S_12.mp4,0.299767507316421,JvG_S_12,JvG_S_low,56,JvG,sad
07,AK_A_32.mp4,0.7656360898775799,AK_A_32,AK_A_high,1,AK,anger
07,AK_A_04.mp4,-0.33742212361140994,AK_A_04,AK_A_low,2,AK,anger
07,AK_D_12.mp4,0.6375553233269624,AK_D_12,AK_D_high,3,AK,disgust
07,AK_D_02.mp4,0.13005265123379775,AK_D_02,AK_D_low,4,AK,disgust
07,AK_F_24.mp4,2.735817023639926,AK_F_24,AK_F_high,5,AK,fear
07,AK_F_02.mp4,0.30346274908998455,AK_F_02,AK_F_low,6,AK,fear
07,AK_H_15.mp4,0.8322718412820059,AK_H_15,AK_H_high,7,AK,happy
07,AK_H_28.mp4,-0.9244948056495828,AK_H_28,AK_H_low,8,AK,happy
07,AK_N_09.mp4,-0.7863427285752529,AK_N_09,AK_N_high,9,AK,neutral
07,AK_N_01.mp4,-0.8529730670590373,AK_N_01,AK_N_low,10,AK,neutral
07,AK_P_21.mp4,3.833816880237848,AK_P_21,AK_P_high,11,AK,pain
07,AK_P_59.mp4,0.523361766173851,AK_P_59,AK_P_low,12,AK,pain
07,AK_S_23.mp4,0.35939051184862886,AK_S_23,AK_S_high,13,AK,sad
07,AK_S_06.mp4,-0.418784941131171,AK_S_06,AK_S_low,14,AK,sad
07,AL_A_20.mp4,-0.23240132136723238,AL_A_20,AL_A_high,15,AL,anger
07,AL_A_03.mp4,-0.3938194481079181,AL_A_03,AL_A_low,16,AL,anger
07,AL_D_29.mp4,0.00763096967289234,AL_D_29,AL_D_high,17,AL,disgust
07,AL_D_12.mp4,-0.8777420789473864,AL_D_12,AL_D_low,18,AL,disgust
07,AL_F_46.mp4,1.4931420390220789,AL_F_46,AL_F_high,19,AL,fear
07,AL_F_08.mp4,-0.5081045528367341,AL_F_08,AL_F_low,20,AL,fear
07,AL_H_31.mp4,-0.4031232125229413,AL_H_31,AL_H_high,21,AL,happy
07,AL_H_03.mp4,-1.0724659736197357,AL_H_03,AL_H_low,22,AL,happy
07,AL_N_06.mp4,-1.24592778142866,AL_N_06,AL_N_high,23,AL,neutral
07,AL_N_01.mp4,-1.1892425054012978,AL_N_01,AL_N_low,24,AL,neutral
07,AL_P_39.mp4,1.1007786976822715,AL_P_39,AL_P_high,25,AL,pain
07,AL_P_20.mp4,0.13020790199588006,AL_P_20,AL_P_low,26,AL,pain
07,AL_S_53.mp4,-0.14719403655469968,AL_S_53,AL_S_high,27,AL,sad
07,AL_S_04.mp4,-0.9688439947342984,AL_S_04,AL_S_low,28,AL,sad
07,BP_A_41.mp4,0.27818938099736823,BP_A_41,BP_A_high,29,BP,anger
07,BP_A_10.mp4,-0.720179541172073,BP_A_10,BP_A_low,30,BP,anger
07,BP_D_25.mp4,-0.041535148084226606,BP_D_25,BP_D_high,31,BP,disgust
07,BP_D_03.mp4,-0.8931278399763479,BP_D_03,BP_D_low,32,BP,disgust
07,BP_F_46.mp4,1.1653251189868863,BP_F_46,BP_F_high,33,BP,fear
07,BP_F_02.mp4,-0.16453519746425768,BP_F_02,BP_F_low,34,BP,fear
07,BP_H_16.mp4,-0.15046770246899804,BP_H_16,BP_H_high,35,BP,happy
07,BP_H_05.mp4,-0.6529453762267082,BP_H_05,BP_H_low,36,BP,happy
07,BP_N_07.mp4,-1.0308236153414678,BP_N_07,BP_N_high,37,BP,neutral
07,BP_N_01.mp4,-1.2352772490493693,BP_N_01,BP_N_low,38,BP,neutral
07,BP_P_18.mp4,0.7577069531761677,BP_P_18,BP_P_high,39,BP,pain
07,BP_P_02.mp4,-0.7453482906190866,BP_P_02,BP_P_low,40,BP,pain
07,BP_S_18.mp4,0.4468702193439338,BP_S_18,BP_S_high,41,BP,sad
07,BP_S_13.mp4,-0.9444604842916184,BP_S_13,BP_S_low,42,BP,sad
07,JvG_A_19.mp4,-0.10794120020640267,JvG_A_19,JvG_A_high,43,JvG,anger
07,JvG_A_14.mp4,-0.4702455143468229,JvG_A_14,JvG_A_low,44,JvG,anger
07,JvG_D_23.mp4,0.9516142911562825,JvG_D_23,JvG_D_high,45,JvG,disgust
07,JvG_D_02.mp4,-0.5101471187021405,JvG_D_02,JvG_D_low,46,JvG,disgust
07,JvG_F_13.mp4,0.9783562175954219,JvG_F_13,JvG_F_high,47,JvG,fear
07,JvG_F_01.mp4,0.4808254987751862,JvG_F_01,JvG_F_low,48,JvG,fear
07,JvG_H_18.mp4,0.27900245448962957,JvG_H_18,JvG_H_high,49,JvG,happy
07,JvG_H_03.mp4,-0.8418679933724286,JvG_H_03,JvG_H_low,50,JvG,happy
07,JvG_N_17.mp4,-1.103855865536936,JvG_N_17,JvG_N_high,51,JvG,neutral
07,JvG_N_08.mp4,-1.3617987675433794,JvG_N_08,JvG_N_low,52,JvG,neutral
07,JvG_P_20.mp4,1.7279947126672912,JvG_P_20,JvG_P_high,53,JvG,pain
07,JvG_P_16.mp4,0.4818931580144128,JvG_P_16,JvG_P_low,54,JvG,pain
07,JvG_S_24.mp4,0.632769518346919,JvG_S_24,JvG_S_high,55,JvG,sad
07,JvG_S_12.mp4,0.299767507316421,JvG_S_12,JvG_S_low,56,JvG,sad
09,AK_A_32.mp4,0.7656360898775799,AK_A_32,AK_A_high,1,AK,anger
09,AK_A_04.mp4,-0.33742212361140994,AK_A_04,AK_A_low,2,AK,anger
09,AK_D_12.mp4,0.6375553233269624,AK_D_12,AK_D_high,3,AK,disgust
09,AK_D_02.mp4,0.13005265123379775,AK_D_02,AK_D_low,4,AK,disgust
09,AK_F_24.mp4,2.735817023639926,AK_F_24,AK_F_high,5,AK,fear
09,AK_F_02.mp4,0.30346274908998455,AK_F_02,AK_F_low,6,AK,fear
09,AK_H_15.mp4,0.8322718412820059,AK_H_15,AK_H_high,7,AK,happy
09,AK_H_28.mp4,-0.9244948056495828,AK_H_28,AK_H_low,8,AK,happy
09,AK_N_09.mp4,-0.7863427285752529,AK_N_09,AK_N_high,9,AK,neutral
09,AK_N_01.mp4,-0.8529730670590373,AK_N_01,AK_N_low,10,AK,neutral
09,AK_P_21.mp4,3.833816880237848,AK_P_21,AK_P_high,11,AK,pain
09,AK_P_59.mp4,0.523361766173851,AK_P_59,AK_P_low,12,AK,pain
09,AK_S_23.mp4,0.35939051184862886,AK_S_23,AK_S_high,13,AK,sad
09,AK_S_06.mp4,-0.418784941131171,AK_S_06,AK_S_low,14,AK,sad
09,AL_A_20.mp4,-0.23240132136723238,AL_A_20,AL_A_high,15,AL,anger
09,AL_A_03.mp4,-0.3938194481079181,AL_A_03,AL_A_low,16,AL,anger
09,AL_D_29.mp4,0.00763096967289234,AL_D_29,AL_D_high,17,AL,disgust
09,AL_D_12.mp4,-0.8777420789473864,AL_D_12,AL_D_low,18,AL,disgust
09,AL_F_46.mp4,1.4931420390220789,AL_F_46,AL_F_high,19,AL,fear
09,AL_F_08.mp4,-0.5081045528367341,AL_F_08,AL_F_low,20,AL,fear
09,AL_H_31.mp4,-0.4031232125229413,AL_H_31,AL_H_high,21,AL,happy
09,AL_H_03.mp4,-1.0724659736197357,AL_H_03,AL_H_low,22,AL,happy
09,AL_N_06.mp4,-1.24592778142866,AL_N_06,AL_N_high,23,AL,neutral
09,AL_N_01.mp4,-1.1892425054012978,AL_N_01,AL_N_low,24,AL,neutral
09,AL_P_39.mp4,1.1007786976822715,AL_P_39,AL_P_high,25,AL,pain
09,AL_P_20.mp4,0.13020790199588006,AL_P_20,AL_P_low,26,AL,pain
09,AL_S_53.mp4,-0.14719403655469968,AL_S_53,AL_S_high,27,AL,sad
09,AL_S_04.mp4,-0.9688439947342984,AL_S_04,AL_S_low,28,AL,sad
09,BP_A_41.mp4,0.27818938099736823,BP_A_41,BP_A_high,29,BP,anger
09,BP_A_10.mp4,-0.720179541172073,BP_A_10,BP_A_low,30,BP,anger
09,BP_D_25.mp4,-0.041535148084226606,BP_D_25,BP_D_high,31,BP,disgust
09,BP_D_03.mp4,-0.8931278399763479,BP_D_03,BP_D_low,32,BP,disgust
09,BP_F_46.mp4,1.1653251189868863,BP_F_46,BP_F_high,33,BP,fear
09,BP_F_02.mp4,-0.16453519746425768,BP_F_02,BP_F_low,34,BP,fear
09,BP_H_16.mp4,-0.15046770246899804,BP_H_16,BP_H_high,35,BP,happy
09,BP_H_05.mp4,-0.6529453762267082,BP_H_05,BP_H_low,36,BP,happy
09,BP_N_07.mp4,-1.0308236153414678,BP_N_07,BP_N_high,37,BP,neutral
09,BP_N_01.mp4,-1.2352772490493693,BP_N_01,BP_N_low,38,BP,neutral
09,BP_P_18.mp4,0.7577069531761677,BP_P_18,BP_P_high,39,BP,pain
09,BP_P_02.mp4,-0.7453482906190866,BP_P_02,BP_P_low,40,BP,pain
09,BP_S_18.mp4,0.4468702193439338,BP_S_18,BP_S_high,41,BP,sad
09,BP_S_13.mp4,-0.9444604842916184,BP_S_13,BP_S_low,42,BP,sad
09,JvG_A_19.mp4,-0.10794120020640267,JvG_A_19,JvG_A_high,43,JvG,anger
09,JvG_A_14.mp4,-0.4702455143468229,JvG_A_14,JvG_A_low,44,JvG,anger
09,JvG_D_23.mp4,0.9516142911562825,JvG_D_23,JvG_D_high,45,JvG,disgust
09,JvG_D_02.mp4,-0.5101471187021405,JvG_D_02,JvG_D_low,46,JvG,disgust
09,JvG_F_13.mp4,0.9783562175954219,JvG_F_13,JvG_F_high,47,JvG,fear
09,JvG_F_01.mp4,0.4808254987751862,JvG_F_01,JvG_F_low,48,JvG,fear
09,JvG_H_18.mp4,0.27900245448962957,JvG_H_18,JvG_H_high,49,JvG,happy
09,JvG_H_03.mp4,-0.8418679933724286,JvG_H_03,JvG_H_low,50,JvG,happy
09,JvG_N_17.mp4,-1.103855865536936,JvG_N_17,JvG_N_high,51,JvG,neutral
09,JvG_N_08.mp4,-1.3617987675433794,JvG_N_08,JvG_N_low,52,JvG,neutral
09,JvG_P_20.mp4,1.7279947126672912,JvG_P_20,JvG_P_high,53,JvG,pain
09,JvG_P_16.mp4,0.4818931580144128,JvG_P_16,JvG_P_low,54,JvG,pain
09,JvG_S_24.mp4,0.632769518346919,JvG_S_24,JvG_S_high,55,JvG,sad
09,JvG_S_12.mp4,0.299767507316421,JvG_S_12,JvG_S_low,56,JvG,sad
10,AK_A_32.mp4,0.7656360898775799,AK_A_32,AK_A_high,1,AK,anger
10,AK_A_04.mp4,-0.33742212361140994,AK_A_04,AK_A_low,2,AK,anger
10,AK_D_12.mp4,0.6375553233269624,AK_D_12,AK_D_high,3,AK,disgust
10,AK_D_02.mp4,0.13005265123379775,AK_D_02,AK_D_low,4,AK,disgust
10,AK_F_24.mp4,2.735817023639926,AK_F_24,AK_F_high,5,AK,fear
10,AK_F_02.mp4,0.30346274908998455,AK_F_02,AK_F_low,6,AK,fear
10,AK_H_15.mp4,0.8322718412820059,AK_H_15,AK_H_high,7,AK,happy
10,AK_H_28.mp4,-0.9244948056495828,AK_H_28,AK_H_low,8,AK,happy
10,AK_N_09.mp4,-0.7863427285752529,AK_N_09,AK_N_high,9,AK,neutral
10,AK_N_01.mp4,-0.8529730670590373,AK_N_01,AK_N_low,10,AK,neutral
10,AK_P_21.mp4,3.833816880237848,AK_P_21,AK_P_high,11,AK,pain
10,AK_P_59.mp4,0.523361766173851,AK_P_59,AK_P_low,12,AK,pain
10,AK_S_23.mp4,0.35939051184862886,AK_S_23,AK_S_high,13,AK,sad
10,AK_S_06.mp4,-0.418784941131171,AK_S_06,AK_S_low,14,AK,sad
10,AL_A_20.mp4,-0.23240132136723238,AL_A_20,AL_A_high,15,AL,anger
10,AL_A_03.mp4,-0.3938194481079181,AL_A_03,AL_A_low,16,AL,anger
10,AL_D_29.mp4,0.00763096967289234,AL_D_29,AL_D_high,17,AL,disgust
10,AL_D_12.mp4,-0.8777420789473864,AL_D_12,AL_D_low,18,AL,disgust
10,AL_F_46.mp4,1.4931420390220789,AL_F_46,AL_F_high,19,AL,fear
10,AL_F_08.mp4,-0.5081045528367341,AL_F_08,AL_F_low,20,AL,fear
10,AL_H_31.mp4,-0.4031232125229413,AL_H_31,AL_H_high,21,AL,happy
10,AL_H_03.mp4,-1.0724659736197357,AL_H_03,AL_H_low,22,AL,happy
10,AL_N_06.mp4,-1.24592778142866,AL_N_06,AL_N_high,23,AL,neutral
10,AL_N_01.mp4,-1.1892425054012978,AL_N_01,AL_N_low,24,AL,neutral
10,AL_P_39.mp4,1.1007786976822715,AL_P_39,AL_P_high,25,AL,pain
10,AL_P_20.mp4,0.13020790199588006,AL_P_20,AL_P_low,26,AL,pain
10,AL_S_53.mp4,-0.14719403655469968,AL_S_53,AL_S_high,27,AL,sad
10,AL_S_04.mp4,-0.9688439947342984,AL_S_04,AL_S_low,28,AL,sad
10,BP_A_41.mp4,0.27818938099736823,BP_A_41,BP_A_high,29,BP,anger
10,BP_A_10.mp4,-0.720179541172073,BP_A_10,BP_A_low,30,BP,anger
10,BP_D_25.mp4,-0.041535148084226606,BP_D_25,BP_D_high,31,BP,disgust
10,BP_D_03.mp4,-0.8931278399763479,BP_D_03,BP_D_low,32,BP,disgust
10,BP_F_46.mp4,1.1653251189868863,BP_F_46,BP_F_high,33,BP,fear
10,BP_F_02.mp4,-0.16453519746425768,BP_F_02,BP_F_low,34,BP,fear
10,BP_H_16.mp4,-0.15046770246899804,BP_H_16,BP_H_high,35,BP,happy
10,BP_H_05.mp4,-0.6529453762267082,BP_H_05,BP_H_low,36,BP,happy
10,BP_N_07.mp4,-1.0308236153414678,BP_N_07,BP_N_high,37,BP,neutral
10,BP_N_01.mp4,-1.2352772490493693,BP_N_01,BP_N_low,38,BP,neutral
10,BP_P_18.mp4,0.7577069531761677,BP_P_18,BP_P_high,39,BP,pain
10,BP_P_02.mp4,-0.7453482906190866,BP_P_02,BP_P_low,40,BP,pain
10,BP_S_18.mp4,0.4468702193439338,BP_S_18,BP_S_high,41,BP,sad
10,BP_S_13.mp4,-0.9444604842916184,BP_S_13,BP_S_low,42,BP,sad
10,JvG_A_19.mp4,-0.10794120020640267,JvG_A_19,JvG_A_high,43,JvG,anger
10,JvG_A_14.mp4,-0.4702455143468229,JvG_A_14,JvG_A_low,44,JvG,anger
10,JvG_D_23.mp4,0.9516142911562825,JvG_D_23,JvG_D_high,45,JvG,disgust
10,JvG_D_02.mp4,-0.5101471187021405,JvG_D_02,JvG_D_low,46,JvG,disgust
10,JvG_F_13.mp4,0.9783562175954219,JvG_F_13,JvG_F_high,47,JvG,fear
10,JvG_F_01.mp4,0.4808254987751862,JvG_F_01,JvG_F_low,48,JvG,fear
10,JvG_H_18.mp4,0.27900245448962957,JvG_H_18,JvG_H_high,49,JvG,happy
10,JvG_H_03.mp4,-0.8418679933724286,JvG_H_03,JvG_H_low,50,JvG,happy
10,JvG_N_17.mp4,-1.103855865536936,JvG_N_17,JvG_N_high,51,JvG,neutral
10,JvG_N_08.mp4,-1.3617987675433794,JvG_N_08,JvG_N_low,52,JvG,neutral
10,JvG_P_20.mp4,1.7279947126672912,JvG_P_20,JvG_P_high,53,JvG,pain
10,JvG_P_16.mp4,0.4818931580144128,JvG_P_16,JvG_P_low,54,JvG,pain
10,JvG_S_24.mp4,0.632769518346919,JvG_S_24,JvG_S_high,55,JvG,sad
10,JvG_S_12.mp4,0.299767507316421,JvG_S_12,JvG_S_low,56,JvG,sad
11,AK_A_32.mp4,0.7656360898775799,AK_A_32,AK_A_high,1,AK,anger
11,AK_A_04.mp4,-0.33742212361140994,AK_A_04,AK_A_low,2,AK,anger
11,AK_D_12.mp4,0.6375553233269624,AK_D_12,AK_D_high,3,AK,disgust
11,AK_D_02.mp4,0.13005265123379775,AK_D_02,AK_D_low,4,AK,disgust
11,AK_F_24.mp4,2.735817023639926,AK_F_24,AK_F_high,5,AK,fear
11,AK_F_02.mp4,0.30346274908998455,AK_F_02,AK_F_low,6,AK,fear
11,AK_H_15.mp4,0.8322718412820059,AK_H_15,AK_H_high,7,AK,happy
11,AK_H_28.mp4,-0.9244948056495828,AK_H_28,AK_H_low,8,AK,happy
11,AK_N_09.mp4,-0.7863427285752529,AK_N_09,AK_N_high,9,AK,neutral
11,AK_N_01.mp4,-0.8529730670590373,AK_N_01,AK_N_low,10,AK,neutral
11,AK_P_21.mp4,3.833816880237848,AK_P_21,AK_P_high,11,AK,pain
11,AK_P_59.mp4,0.523361766173851,AK_P_59,AK_P_low,12,AK,pain
11,AK_S_23.mp4,0.35939051184862886,AK_S_23,AK_S_high,13,AK,sad
11,AK_S_06.mp4,-0.418784941131171,AK_S_06,AK_S_low,14,AK,sad
11,AL_A_20.mp4,-0.23240132136723238,AL_A_20,AL_A_high,15,AL,anger
11,AL_A_03.mp4,-0.3938194481079181,AL_A_03,AL_A_low,16,AL,anger
11,AL_D_29.mp4,0.00763096967289234,AL_D_29,AL_D_high,17,AL,disgust
11,AL_D_12.mp4,-0.8777420789473864,AL_D_12,AL_D_low,18,AL,disgust
11,AL_F_46.mp4,1.4931420390220789,AL_F_46,AL_F_high,19,AL,fear
11,AL_F_08.mp4,-0.5081045528367341,AL_F_08,AL_F_low,20,AL,fear
11,AL_H_31.mp4,-0.4031232125229413,AL_H_31,AL_H_high,21,AL,happy
11,AL_H_03.mp4,-1.0724659736197357,AL_H_03,AL_H_low,22,AL,happy
11,AL_N_06.mp4,-1.24592778142866,AL_N_06,AL_N_high,23,AL,neutral
11,AL_N_01.mp4,-1.1892425054012978,AL_N_01,AL_N_low,24,AL,neutral
11,AL_P_39.mp4,1.1007786976822715,AL_P_39,AL_P_high,25,AL,pain
11,AL_P_20.mp4,0.13020790199588006,AL_P_20,AL_P_low,26,AL,pain
11,AL_S_53.mp4,-0.14719403655469968,AL_S_53,AL_S_high,27,AL,sad
11,AL_S_04.mp4,-0.9688439947342984,AL_S_04,AL_S_low,28,AL,sad
11,BP_A_41.mp4,0.27818938099736823,BP_A_41,BP_A_high,29,BP,anger
11,BP_A_10.mp4,-0.720179541172073,BP_A_10,BP_A_low,30,BP,anger
11,BP_D_25.mp4,-0.041535148084226606,BP_D_25,BP_D_high,31,BP,disgust
11,BP_D_03.mp4,-0.8931278399763479,BP_D_03,BP_D_low,32,BP,disgust
11,BP_F_46.mp4,1.1653251189868863,BP_F_46,BP_F_high,33,BP,fear
11,BP_F_02.mp4,-0.16453519746425768,BP_F_02,BP_F_low,34,BP,fear
11,BP_H_16.mp4,-0.15046770246899804,BP_H_16,BP_H_high,35,BP,happy
11,BP_H_05.mp4,-0.6529453762267082,BP_H_05,BP_H_low,36,BP,happy
11,BP_N_07.mp4,-1.0308236153414678,BP_N_07,BP_N_high,37,BP,neutral
11,BP_N_01.mp4,-1.2352772490493693,BP_N_01,BP_N_low,38,BP,neutral
11,BP_P_18.mp4,0.7577069531761677,BP_P_18,BP_P_high,39,BP,pain
11,BP_P_02.mp4,-0.7453482906190866,BP_P_02,BP_P_low,40,BP,pain
11,BP_S_18.mp4,0.4468702193439338,BP_S_18,BP_S_high,41,BP,sad
11,BP_S_13.mp4,-0.9444604842916184,BP_S_13,BP_S_low,42,BP,sad
11,JvG_A_19.mp4,-0.10794120020640267,JvG_A_19,JvG_A_high,43,JvG,anger
11,JvG_A_14.mp4,-0.4702455143468229,JvG_A_14,JvG_A_low,44,JvG,anger
11,JvG_D_23.mp4,0.9516142911562825,JvG_D_23,JvG_D_high,45,JvG,disgust
11,JvG_D_02.mp4,-0.5101471187021405,JvG_D_02,JvG_D_low,46,JvG,disgust
11,JvG_F_13.mp4,0.9783562175954219,JvG_F_13,JvG_F_high,47,JvG,fear
11,JvG_F_01.mp4,0.4808254987751862,JvG_F_01,JvG_F_low,48,JvG,fear
11,JvG_H_18.mp4,0.27900245448962957,JvG_H_18,JvG_H_high,49,JvG,happy
11,JvG_H_03.mp4,-0.8418679933724286,JvG_H_03,JvG_H_low,50,JvG,happy
11,JvG_N_17.mp4,-1.103855865536936,JvG_N_17,JvG_N_high,51,JvG,neutral
11,JvG_N_08.mp4,-1.3617987675433794,JvG_N_08,JvG_N_low,52,JvG,neutral
11,JvG_P_20.mp4,1.7279947126672912,JvG_P_20,JvG_P_high,53,JvG,pain
11,JvG_P_16.mp4,0.4818931580144128,JvG_P_16,JvG_P_low,54,JvG,pain
11,JvG_S_24.mp4,0.632769518346919,JvG_S_24,JvG_S_high,55,JvG,sad
11,JvG_S_12.mp4,0.299767507316421,JvG_S_12,JvG_S_low,56,JvG,sad
12,AK_A_32.mp4,0.7656360898775799,AK_A_32,AK_A_high,1,AK,anger
12,AK_A_04.mp4,-0.33742212361140994,AK_A_04,AK_A_low,2,AK,anger
12,AK_D_12.mp4,0.6375553233269624,AK_D_12,AK_D_high,3,AK,disgust
12,AK_D_02.mp4,0.13005265123379775,AK_D_02,AK_D_low,4,AK,disgust
12,AK_F_24.mp4,2.735817023639926,AK_F_24,AK_F_high,5,AK,fear
12,AK_F_02.mp4,0.30346274908998455,AK_F_02,AK_F_low,6,AK,fear
12,AK_H_15.mp4,0.8322718412820059,AK_H_15,AK_H_high,7,AK,happy
12,AK_H_28.mp4,-0.9244948056495828,AK_H_28,AK_H_low,8,AK,happy
12,AK_N_09.mp4,-0.7863427285752529,AK_N_09,AK_N_high,9,AK,neutral
12,AK_N_01.mp4,-0.8529730670590373,AK_N_01,AK_N_low,10,AK,neutral
12,AK_P_21.mp4,3.833816880237848,AK_P_21,AK_P_high,11,AK,pain
12,AK_P_59.mp4,0.523361766173851,AK_P_59,AK_P_low,12,AK,pain
12,AK_S_23.mp4,0.35939051184862886,AK_S_23,AK_S_high,13,AK,sad
12,AK_S_06.mp4,-0.418784941131171,AK_S_06,AK_S_low,14,AK,sad
12,AL_A_20.mp4,-0.23240132136723238,AL_A_20,AL_A_high,15,AL,anger
12,AL_A_03.mp4,-0.3938194481079181,AL_A_03,AL_A_low,16,AL,anger
12,AL_D_29.mp4,0.00763096967289234,AL_D_29,AL_D_high,17,AL,disgust
12,AL_D_12.mp4,-0.8777420789473864,AL_D_12,AL_D_low,18,AL,disgust
12,AL_F_46.mp4,1.4931420390220789,AL_F_46,AL_F_high,19,AL,fear
12,AL_F_08.mp4,-0.5081045528367341,AL_F_08,AL_F_low,20,AL,fear
12,AL_H_31.mp4,-0.4031232125229413,AL_H_31,AL_H_high,21,AL,happy
12,AL_H_03.mp4,-1.0724659736197357,AL_H_03,AL_H_low,22,AL,happy
12,AL_N_06.mp4,-1.24592778142866,AL_N_06,AL_N_high,23,AL,neutral
12,AL_N_01.mp4,-1.1892425054012978,AL_N_01,AL_N_low,24,AL,neutral
12,AL_P_39.mp4,1.1007786976822715,AL_P_39,AL_P_high,25,AL,pain
12,AL_P_20.mp4,0.13020790199588006,AL_P_20,AL_P_low,26,AL,pain
12,AL_S_53.mp4,-0.14719403655469968,AL_S_53,AL_S_high,27,AL,sad
12,AL_S_04.mp4,-0.9688439947342984,AL_S_04,AL_S_low,28,AL,sad
12,BP_A_41.mp4,0.27818938099736823,BP_A_41,BP_A_high,29,BP,anger
12,BP_A_10.mp4,-0.720179541172073,BP_A_10,BP_A_low,30,BP,anger
12,BP_D_25.mp4,-0.041535148084226606,BP_D_25,BP_D_high,31,BP,disgust
12,BP_D_03.mp4,-0.8931278399763479,BP_D_03,BP_D_low,32,BP,disgust
12,BP_F_46.mp4,1.1653251189868863,BP_F_46,BP_F_high,33,BP,fear
12,BP_F_02.mp4,-0.16453519746425768,BP_F_02,BP_F_low,34,BP,fear
12,BP_H_16.mp4,-0.15046770246899804,BP_H_16,BP_H_high,35,BP,happy
12,BP_H_05.mp4,-0.6529453762267082,BP_H_05,BP_H_low,36,BP,happy
12,BP_N_07.mp4,-1.0308236153414678,BP_N_07,BP_N_high,37,BP,neutral
12,BP_N_01.mp4,-1.2352772490493693,BP_N_01,BP_N_low,38,BP,neutral
12,BP_P_18.mp4,0.7577069531761677,BP_P_18,BP_P_high,39,BP,pain
12,BP_P_02.mp4,-0.7453482906190866,BP_P_02,BP_P_low,40,BP,pain
12,BP_S_18.mp4,0.4468702193439338,BP_S_18,BP_S_high,41,BP,sad
12,BP_S_13.mp4,-0.9444604842916184,BP_S_13,BP_S_low,42,BP,sad
12,JvG_A_19.mp4,-0.10794120020640267,JvG_A_19,JvG_A_high,43,JvG,anger
12,JvG_A_14.mp4,-0.4702455143468229,JvG_A_14,JvG_A_low,44,JvG,anger
12,JvG_D_23.mp4,0.9516142911562825,JvG_D_23,JvG_D_high,45,JvG,disgust
12,JvG_D_02.mp4,-0.5101471187021405,JvG_D_02,JvG_D_low,46,JvG,disgust
12,JvG_F_13.mp4,0.9783562175954219,JvG_F_13,JvG_F_high,47,JvG,fear
12,JvG_F_01.mp4,0.4808254987751862,JvG_F_01,JvG_F_low,48,JvG,fear
12,JvG_H_18.mp4,0.27900245448962957,JvG_H_18,JvG_H_high,49,JvG,happy
12,JvG_H_03.mp4,-0.8418679933724286,JvG_H_03,JvG_H_low,50,JvG,happy
12,JvG_N_17.mp4,-1.103855865536936,JvG_N_17,JvG_N_high,51,JvG,neutral
12,JvG_N_08.mp4,-1.3617987675433794,JvG_N_08,JvG_N_low,52,JvG,neutral
12,JvG_P_20.mp4,1.7279947126672912,JvG_P_20,JvG_P_high,53,JvG,pain
12,JvG_P_16.mp4,0.4818931580144128,JvG_P_16,JvG_P_low,54,JvG,pain
12,JvG_S_24.mp4,0.632769518346919,JvG_S_24,JvG_S_high,55,JvG,sad
12,JvG_S_12.mp4,0.299767507316421,JvG_S_12,JvG_S_low,56,JvG,sad
14,AK_A_32.mp4,0.7656360898775799,AK_A_32,AK_A_high,1,AK,anger
14,AK_A_04.mp4,-0.33742212361140994,AK_A_04,AK_A_low,2,AK,anger
14,AK_D_12.mp4,0.6375553233269624,AK_D_12,AK_D_high,3,AK,disgust
14,AK_D_02.mp4,0.13005265123379775,AK_D_02,AK_D_low,4,AK,disgust
14,AK_F_24.mp4,2.735817023639926,AK_F_24,AK_F_high,5,AK,fear
14,AK_F_02.mp4,0.30346274908998455,AK_F_02,AK_F_low,6,AK,fear
14,AK_H_15.mp4,0.8322718412820059,AK_H_15,AK_H_high,7,AK,happy
14,AK_H_28.mp4,-0.9244948056495828,AK_H_28,AK_H_low,8,AK,happy
14,AK_N_09.mp4,-0.7863427285752529,AK_N_09,AK_N_high,9,AK,neutral
14,AK_N_01.mp4,-0.8529730670590373,AK_N_01,AK_N_low,10,AK,neutral
14,AK_P_21.mp4,3.833816880237848,AK_P_21,AK_P_high,11,AK,pain
14,AK_P_59.mp4,0.523361766173851,AK_P_59,AK_P_low,12,AK,pain
14,AK_S_23.mp4,0.35939051184862886,AK_S_23,AK_S_high,13,AK,sad
14,AK_S_06.mp4,-0.418784941131171,AK_S_06,AK_S_low,14,AK,sad
14,AL_A_20.mp4,-0.23240132136723238,AL_A_20,AL_A_high,15,AL,anger
14,AL_A_03.mp4,-0.3938194481079181,AL_A_03,AL_A_low,16,AL,anger
14,AL_D_29.mp4,0.00763096967289234,AL_D_29,AL_D_high,17,AL,disgust
14,AL_D_12.mp4,-0.8777420789473864,AL_D_12,AL_D_low,18,AL,disgust
14,AL_F_46.mp4,1.4931420390220789,AL_F_46,AL_F_high,19,AL,fear
14,AL_F_08.mp4,-0.5081045528367341,AL_F_08,AL_F_low,20,AL,fear
14,AL_H_31.mp4,-0.4031232125229413,AL_H_31,AL_H_high,21,AL,happy
14,AL_H_03.mp4,-1.0724659736197357,AL_H_03,AL_H_low,22,AL,happy
14,AL_N_06.mp4,-1.24592778142866,AL_N_06,AL_N_high,23,AL,neutral
14,AL_N_01.mp4,-1.1892425054012978,AL_N_01,AL_N_low,24,AL,neutral
14,AL_P_39.mp4,1.1007786976822715,AL_P_39,AL_P_high,25,AL,pain
14,AL_P_20.mp4,0.13020790199588006,AL_P_20,AL_P_low,26,AL,pain
14,AL_S_53.mp4,-0.14719403655469968,AL_S_53,AL_S_high,27,AL,sad
14,AL_S_04.mp4,-0.9688439947342984,AL_S_04,AL_S_low,28,AL,sad
14,BP_A_41.mp4,0.27818938099736823,BP_A_41,BP_A_high,29,BP,anger
14,BP_A_10.mp4,-0.720179541172073,BP_A_10,BP_A_low,30,BP,anger
14,BP_D_25.mp4,-0.041535148084226606,BP_D_25,BP_D_high,31,BP,disgust
14,BP_D_03.mp4,-0.8931278399763479,BP_D_03,BP_D_low,32,BP,disgust
14,BP_F_46.mp4,1.1653251189868863,BP_F_46,BP_F_high,33,BP,fear
14,BP_F_02.mp4,-0.16453519746425768,BP_F_02,BP_F_low,34,BP,fear
14,BP_H_16.mp4,-0.15046770246899804,BP_H_16,BP_H_high,35,BP,happy
14,BP_H_05.mp4,-0.6529453762267082,BP_H_05,BP_H_low,36,BP,happy
14,BP_N_07.mp4,-1.0308236153414678,BP_N_07,BP_N_high,37,BP,neutral
14,BP_N_01.mp4,-1.2352772490493693,BP_N_01,BP_N_low,38,BP,neutral
14,BP_P_18.mp4,0.7577069531761677,BP_P_18,BP_P_high,39,BP,pain
14,BP_P_02.mp4,-0.7453482906190866,BP_P_02,BP_P_low,40,BP,pain
14,BP_S_18.mp4,0.4468702193439338,BP_S_18,BP_S_high,41,BP,sad
14,BP_S_13.mp4,-0.9444604842916184,BP_S_13,BP_S_low,42,BP,sad
14,JvG_A_19.mp4,-0.10794120020640267,JvG_A_19,JvG_A_high,43,JvG,anger
14,JvG_A_14.mp4,-0.4702455143468229,JvG_A_14,JvG_A_low,44,JvG,anger
14,JvG_D_23.mp4,0.9516142911562825,JvG_D_23,JvG_D_high,45,JvG,disgust
14,JvG_D_02.mp4,-0.5101471187021405,JvG_D_02,JvG_D_low,46,JvG,disgust
14,JvG_F_13.mp4,0.9783562175954219,JvG_F_13,JvG_F_high,47,JvG,fear
14,JvG_F_01.mp4,0.4808254987751862,JvG_F_01,JvG_F_low,48,JvG,fear
14,JvG_H_18.mp4,0.27900245448962957,JvG_H_18,JvG_H_high,49,JvG,happy
14,JvG_H_03.mp4,-0.8418679933724286,JvG_H_03,JvG_H_low,50,JvG,happy
14,JvG_N_17.mp4,-1.103855865536936,JvG_N_17,JvG_N_high,51,JvG,neutral
14,JvG_N_08.mp4,-1.3617987675433794,JvG_N_08,JvG_N_low,52,JvG,neutral
14,JvG_P_20.mp4,1.7279947126672912,JvG_P_20,JvG_P_high,53,JvG,pain
14,JvG_P_16.mp4,0.4818931580144128,JvG_P_16,JvG_P_low,54,JvG,pain
14,JvG_S_24.mp4,0.632769518346919,JvG_S_24,JvG_S_high,55,JvG,sad
14,JvG_S_12.mp4,0.299767507316421,JvG_S_12,JvG_S_low,56,JvG,sad
15,AK_A_32.mp4,0.7656360898775799,AK_A_32,AK_A_high,1,AK,anger
15,AK_A_04.mp4,-0.33742212361140994,AK_A_04,AK_A_low,2,AK,anger
15,AK_D_12.mp4,0.6375553233269624,AK_D_12,AK_D_high,3,AK,disgust
15,AK_D_02.mp4,0.13005265123379775,AK_D_02,AK_D_low,4,AK,disgust
15,AK_F_24.mp4,2.735817023639926,AK_F_24,AK_F_high,5,AK,fear
15,AK_F_02.mp4,0.30346274908998455,AK_F_02,AK_F_low,6,AK,fear
15,AK_H_15.mp4,0.8322718412820059,AK_H_15,AK_H_high,7,AK,happy
15,AK_H_28.mp4,-0.9244948056495828,AK_H_28,AK_H_low,8,AK,happy
15,AK_N_09.mp4,-0.7863427285752529,AK_N_09,AK_N_high,9,AK,neutral
15,AK_N_01.mp4,-0.8529730670590373,AK_N_01,AK_N_low,10,AK,neutral
15,AK_P_21.mp4,3.833816880237848,AK_P_21,AK_P_high,11,AK,pain
15,AK_P_59.mp4,0.523361766173851,AK_P_59,AK_P_low,12,AK,pain
15,AK_S_23.mp4,0.35939051184862886,AK_S_23,AK_S_high,13,AK,sad
15,AK_S_06.mp4,-0.418784941131171,AK_S_06,AK_S_low,14,AK,sad
15,AL_A_20.mp4,-0.23240132136723238,AL_A_20,AL_A_high,15,AL,anger
15,AL_A_03.mp4,-0.3938194481079181,AL_A_03,AL_A_low,16,AL,anger
15,AL_D_29.mp4,0.00763096967289234,AL_D_29,AL_D_high,17,AL,disgust
15,AL_D_12.mp4,-0.8777420789473864,AL_D_12,AL_D_low,18,AL,disgust
15,AL_F_46.mp4,1.4931420390220789,AL_F_46,AL_F_high,19,AL,fear
15,AL_F_08.mp4,-0.5081045528367341,AL_F_08,AL_F_low,20,AL,fear
15,AL_H_31.mp4,-0.4031232125229413,AL_H_31,AL_H_high,21,AL,happy
15,AL_H_03.mp4,-1.0724659736197357,AL_H_03,AL_H_low,22,AL,happy
15,AL_N_06.mp4,-1.24592778142866,AL_N_06,AL_N_high,23,AL,neutral
15,AL_N_01.mp4,-1.1892425054012978,AL_N_01,AL_N_low,24,AL,neutral
15,AL_P_39.mp4,1.1007786976822715,AL_P_39,AL_P_high,25,AL,pain
15,AL_P_20.mp4,0.13020790199588006,AL_P_20,AL_P_low,26,AL,pain
15,AL_S_53.mp4,-0.14719403655469968,AL_S_53,AL_S_high,27,AL,sad
15,AL_S_04.mp4,-0.9688439947342984,AL_S_04,AL_S_low,28,AL,sad
15,BP_A_41.mp4,0.27818938099736823,BP_A_41,BP_A_high,29,BP,anger
15,BP_A_10.mp4,-0.720179541172073,BP_A_10,BP_A_low,30,BP,anger
15,BP_D_25.mp4,-0.041535148084226606,BP_D_25,BP_D_high,31,BP,disgust
15,BP_D_03.mp4,-0.8931278399763479,BP_D_03,BP_D_low,32,BP,disgust
15,BP_F_46.mp4,1.1653251189868863,BP_F_46,BP_F_high,33,BP,fear
15,BP_F_02.mp4,-0.16453519746425768,BP_F_02,BP_F_low,34,BP,fear
15,BP_H_16.mp4,-0.15046770246899804,BP_H_16,BP_H_high,35,BP,happy
15,BP_H_05.mp4,-0.6529453762267082,BP_H_05,BP_H_low,36,BP,happy
15,BP_N_07.mp4,-1.0308236153414678,BP_N_07,BP_N_high,37,BP,neutral
15,BP_N_01.mp4,-1.2352772490493693,BP_N_01,BP_N_low,38,BP,neutral
15,BP_P_18.mp4,0.7577069531761677,BP_P_18,BP_P_high,39,BP,pain
15,BP_P_02.mp4,-0.7453482906190866,BP_P_02,BP_P_low,40,BP,pain
15,BP_S_18.mp4,0.4468702193439338,BP_S_18,BP_S_high,41,BP,sad
15,BP_S_13.mp4,-0.9444604842916184,BP_S_13,BP_S_low,42,BP,sad
15,JvG_A_19.mp4,-0.10794120020640267,JvG_A_19,JvG_A_high,43,JvG,anger
15,JvG_A_14.mp4,-0.4702455143468229,JvG_A_14,JvG_A_low,44,JvG,anger
15,JvG_D_23.mp4,0.9516142911562825,JvG_D_23,JvG_D_high,45,JvG,disgust
15,JvG_D_02.mp4,-0.5101471187021405,JvG_D_02,JvG_D_low,46,JvG,disgust
15,JvG_F_13.mp4,0.9783562175954219,JvG_F_13,JvG_F_high,47,JvG,fear
15,JvG_F_01.mp4,0.4808254987751862,JvG_F_01,JvG_F_low,48,JvG,fear
15,JvG_H_18.mp4,0.27900245448962957,JvG_H_18,JvG_H_high,49,JvG,happy
15,JvG_H_03.mp4,-0.8418679933724286,JvG_H_03,JvG_H_low,50,JvG,happy
15,JvG_N_17.mp4,-1.103855865536936,JvG_N_17,JvG_N_high,51,JvG,neutral
15,JvG_N_08.mp4,-1.3617987675433794,JvG_N_08,JvG_N_low,52,JvG,neutral
15,JvG_P_20.mp4,1.7279947126672912,JvG_P_20,JvG_P_high,53,JvG,pain
15,JvG_P_16.mp4,0.4818931580144128,JvG_P_16,JvG_P_low,54,JvG,pain
15,JvG_S_24.mp4,0.632769518346919,JvG_S_24,JvG_S_high,55,JvG,sad
15,JvG_S_12.mp4,0.299767507316421,JvG_S_12,JvG_S_low,56,JvG,sad
16,AK_A_32.mp4,0.7656360898775799,AK_A_32,AK_A_high,1,AK,anger
16,AK_A_04.mp4,-0.33742212361140994,AK_A_04,AK_A_low,2,AK,anger
16,AK_D_12.mp4,0.6375553233269624,AK_D_12,AK_D_high,3,AK,disgust
16,AK_D_02.mp4,0.13005265123379775,AK_D_02,AK_D_low,4,AK,disgust
16,AK_F_24.mp4,2.735817023639926,AK_F_24,AK_F_high,5,AK,fear
16,AK_F_02.mp4,0.30346274908998455,AK_F_02,AK_F_low,6,AK,fear
16,AK_H_15.mp4,0.8322718412820059,AK_H_15,AK_H_high,7,AK,happy
16,AK_H_28.mp4,-0.9244948056495828,AK_H_28,AK_H_low,8,AK,happy
16,AK_N_09.mp4,-0.7863427285752529,AK_N_09,AK_N_high,9,AK,neutral
16,AK_N_01.mp4,-0.8529730670590373,AK_N_01,AK_N_low,10,AK,neutral
16,AK_P_21.mp4,3.833816880237848,AK_P_21,AK_P_high,11,AK,pain
16,AK_P_59.mp4,0.523361766173851,AK_P_59,AK_P_low,12,AK,pain
16,AK_S_23.mp4,0.35939051184862886,AK_S_23,AK_S_high,13,AK,sad
16,AK_S_06.mp4,-0.418784941131171,AK_S_06,AK_S_low,14,AK,sad
16,AL_A_20.mp4,-0.23240132136723238,AL_A_20,AL_A_high,15,AL,anger
16,AL_A_03.mp4,-0.3938194481079181,AL_A_03,AL_A_low,16,AL,anger
16,AL_D_29.mp4,0.00763096967289234,AL_D_29,AL_D_high,17,AL,disgust
16,AL_D_12.mp4,-0.8777420789473864,AL_D_12,AL_D_low,18,AL,disgust
16,AL_F_46.mp4,1.4931420390220789,AL_F_46,AL_F_high,19,AL,fear
16,AL_F_08.mp4,-0.5081045528367341,AL_F_08,AL_F_low,20,AL,fear
16,AL_H_31.mp4,-0.4031232125229413,AL_H_31,AL_H_high,21,AL,happy
16,AL_H_03.mp4,-1.0724659736197357,AL_H_03,AL_H_low,22,AL,happy
16,AL_N_06.mp4,-1.24592778142866,AL_N_06,AL_N_high,23,AL,neutral
16,AL_N_01.mp4,-1.1892425054012978,AL_N_01,AL_N_low,24,AL,neutral
16,AL_P_39.mp4,1.1007786976822715,AL_P_39,AL_P_high,25,AL,pain
16,AL_P_20.mp4,0.13020790199588006,AL_P_20,AL_P_low,26,AL,pain
16,AL_S_53.mp4,-0.14719403655469968,AL_S_53,AL_S_high,27,AL,sad
16,AL_S_04.mp4,-0.9688439947342984,AL_S_04,AL_S_low,28,AL,sad
16,BP_A_41.mp4,0.27818938099736823,BP_A_41,BP_A_high,29,BP,anger
16,BP_A_10.mp4,-0.720179541172073,BP_A_10,BP_A_low,30,BP,anger
16,BP_D_25.mp4,-0.041535148084226606,BP_D_25,BP_D_high,31,BP,disgust
16,BP_D_03.mp4,-0.8931278399763479,BP_D_03,BP_D_low,32,BP,disgust
16,BP_F_46.mp4,1.1653251189868863,BP_F_46,BP_F_high,33,BP,fear
16,BP_F_02.mp4,-0.16453519746425768,BP_F_02,BP_F_low,34,BP,fear
16,BP_H_16.mp4,-0.15046770246899804,BP_H_16,BP_H_high,35,BP,happy
16,BP_H_05.mp4,-0.6529453762267082,BP_H_05,BP_H_low,36,BP,happy
16,BP_N_07.mp4,-1.0308236153414678,BP_N_07,BP_N_high,37,BP,neutral
16,BP_N_01.mp4,-1.2352772490493693,BP_N_01,BP_N_low,38,BP,neutral
16,BP_P_18.mp4,0.7577069531761677,BP_P_18,BP_P_high,39,BP,pain
16,BP_P_02.mp4,-0.7453482906190866,BP_P_02,BP_P_low,40,BP,pain
16,BP_S_18.mp4,0.4468702193439338,BP_S_18,BP_S_high,41,BP,sad
16,BP_S_13.mp4,-0.9444604842916184,BP_S_13,BP_S_low,42,BP,sad
16,JvG_A_19.mp4,-0.10794120020640267,JvG_A_19,JvG_A_high,43,JvG,anger
16,JvG_A_14.mp4,-0.4702455143468229,JvG_A_14,JvG_A_low,44,JvG,anger
16,JvG_D_23.mp4,0.9516142911562825,JvG_D_23,JvG_D_high,45,JvG,disgust
16,JvG_D_02.mp4,-0.5101471187021405,JvG_D_02,JvG_D_low,46,JvG,disgust
16,JvG_F_13.mp4,0.9783562175954219,JvG_F_13,JvG_F_high,47,JvG,fear
16,JvG_F_01.mp4,0.4808254987751862,JvG_F_01,JvG_F_low,48,JvG,fear
16,JvG_H_18.mp4,0.27900245448962957,JvG_H_18,JvG_H_high,49,JvG,happy
16,JvG_H_03.mp4,-0.8418679933724286,JvG_H_03,JvG_H_low,50,JvG,happy
16,JvG_N_17.mp4,-1.103855865536936,JvG_N_17,JvG_N_high,51,JvG,neutral
16,JvG_N_08.mp4,-1.3617987675433794,JvG_N_08,JvG_N_low,52,JvG,neutral
16,JvG_P_20.mp4,1.7279947126672912,JvG_P_20,JvG_P_high,53,JvG,pain
16,JvG_P_16.mp4,0.4818931580144128,JvG_P_16,JvG_P_low,54,JvG,pain
16,JvG_S_24.mp4,0.632769518346919,JvG_S_24,JvG_S_high,55,JvG,sad
16,JvG_S_12.mp4,0.299767507316421,JvG_S_12,JvG_S_low,56,JvG,sad
18,AK_A_32.mp4,0.7656360898775799,AK_A_32,AK_A_high,1,AK,anger
18,AK_A_04.mp4,-0.33742212361140994,AK_A_04,AK_A_low,2,AK,anger
18,AK_D_12.mp4,0.6375553233269624,AK_D_12,AK_D_high,3,AK,disgust
18,AK_D_02.mp4,0.13005265123379775,AK_D_02,AK_D_low,4,AK,disgust
18,AK_F_24.mp4,2.735817023639926,AK_F_24,AK_F_high,5,AK,fear
18,AK_F_02.mp4,0.30346274908998455,AK_F_02,AK_F_low,6,AK,fear
18,AK_H_15.mp4,0.8322718412820059,AK_H_15,AK_H_high,7,AK,happy
18,AK_H_28.mp4,-0.9244948056495828,AK_H_28,AK_H_low,8,AK,happy
18,AK_N_09.mp4,-0.7863427285752529,AK_N_09,AK_N_high,9,AK,neutral
18,AK_N_01.mp4,-0.8529730670590373,AK_N_01,AK_N_low,10,AK,neutral
18,AK_P_21.mp4,3.833816880237848,AK_P_21,AK_P_high,11,AK,pain
18,AK_P_59.mp4,0.523361766173851,AK_P_59,AK_P_low,12,AK,pain
18,AK_S_23.mp4,0.35939051184862886,AK_S_23,AK_S_high,13,AK,sad
18,AK_S_06.mp4,-0.418784941131171,AK_S_06,AK_S_low,14,AK,sad
18,AL_A_20.mp4,-0.23240132136723238,AL_A_20,AL_A_high,15,AL,anger
18,AL_A_03.mp4,-0.3938194481079181,AL_A_03,AL_A_low,16,AL,anger
18,AL_D_29.mp4,0.00763096967289234,AL_D_29,AL_D_high,17,AL,disgust
18,AL_D_12.mp4,-0.8777420789473864,AL_D_12,AL_D_low,18,AL,disgust
18,AL_F_46.mp4,1.4931420390220789,AL_F_46,AL_F_high,19,AL,fear
18,AL_F_08.mp4,-0.5081045528367341,AL_F_08,AL_F_low,20,AL,fear
18,AL_H_31.mp4,-0.4031232125229413,AL_H_31,AL_H_high,21,AL,happy
18,AL_H_03.mp4,-1.0724659736197357,AL_H_03,AL_H_low,22,AL,happy
18,AL_N_06.mp4,-1.24592778142866,AL_N_06,AL_N_high,23,AL,neutral
18,AL_N_01.mp4,-1.1892425054012978,AL_N_01,AL_N_low,24,AL,neutral
18,AL_P_39.mp4,1.1007786976822715,AL_P_39,AL_P_high,25,AL,pain
18,AL_P_20.mp4,0.13020790199588006,AL_P_20,AL_P_low,26,AL,pain
18,AL_S_53.mp4,-0.14719403655469968,AL_S_53,AL_S_high,27,AL,sad
18,AL_S_04.mp4,-0.9688439947342984,AL_S_04,AL_S_low,28,AL,sad
18,BP_A_41.mp4,0.27818938099736823,BP_A_41,BP_A_high,29,BP,anger
18,BP_A_10.mp4,-0.720179541172073,BP_A_10,BP_A_low,30,BP,anger
18,BP_D_25.mp4,-0.041535148084226606,BP_D_25,BP_D_high,31,BP,disgust
18,BP_D_03.mp4,-0.8931278399763479,BP_D_03,BP_D_low,32,BP,disgust
18,BP_F_46.mp4,1.1653251189868863,BP_F_46,BP_F_high,33,BP,fear
18,BP_F_02.mp4,-0.16453519746425768,BP_F_02,BP_F_low,34,BP,fear
18,BP_H_16.mp4,-0.15046770246899804,BP_H_16,BP_H_high,35,BP,happy
18,BP_H_05.mp4,-0.6529453762267082,BP_H_05,BP_H_low,36,BP,happy
18,BP_N_07.mp4,-1.0308236153414678,BP_N_07,BP_N_high,37,BP,neutral
18,BP_N_01.mp4,-1.2352772490493693,BP_N_01,BP_N_low,38,BP,neutral
18,BP_P_18.mp4,0.7577069531761677,BP_P_18,BP_P_high,39,BP,pain
18,BP_P_02.mp4,-0.7453482906190866,BP_P_02,BP_P_low,40,BP,pain
18,BP_S_18.mp4,0.4468702193439338,BP_S_18,BP_S_high,41,BP,sad
18,BP_S_13.mp4,-0.9444604842916184,BP_S_13,BP_S_low,42,BP,sad
18,JvG_A_19.mp4,-0.10794120020640267,JvG_A_19,JvG_A_high,43,JvG,anger
18,JvG_A_14.mp4,-0.4702455143468229,JvG_A_14,JvG_A_low,44,JvG,anger
18,JvG_D_23.mp4,0.9516142911562825,JvG_D_23,JvG_D_high,45,JvG,disgust
18,JvG_D_02.mp4,-0.5101471187021405,JvG_D_02,JvG_D_low,46,JvG,disgust
18,JvG_F_13.mp4,0.9783562175954219,JvG_F_13,JvG_F_high,47,JvG,fear
18,JvG_F_01.mp4,0.4808254987751862,JvG_F_01,JvG_F_low,48,JvG,fear
18,JvG_H_18.mp4,0.27900245448962957,JvG_H_18,JvG_H_high,49,JvG,happy
18,JvG_H_03.mp4,-0.8418679933724286,JvG_H_03,JvG_H_low,50,JvG,happy
18,JvG_N_17.mp4,-1.103855865536936,JvG_N_17,JvG_N_high,51,JvG,neutral
18,JvG_N_08.mp4,-1.3617987675433794,JvG_N_08,JvG_N_low,52,JvG,neutral
18,JvG_P_20.mp4,1.7279947126672912,JvG_P_20,JvG_P_high,53,JvG,pain
18,JvG_P_16.mp4,0.4818931580144128,JvG_P_16,JvG_P_low,54,JvG,pain
18,JvG_S_24.mp4,0.632769518346919,JvG_S_24,JvG_S_high,55,JvG,sad
18,JvG_S_12.mp4,0.299767507316421,JvG_S_12,JvG_S_low,56,JvG,sad
19,AK_A_32.mp4,0.7656360898775799,AK_A_32,AK_A_high,1,AK,anger
19,AK_A_04.mp4,-0.33742212361140994,AK_A_04,AK_A_low,2,AK,anger
19,AK_D_12.mp4,0.6375553233269624,AK_D_12,AK_D_high,3,AK,disgust
19,AK_D_02.mp4,0.13005265123379775,AK_D_02,AK_D_low,4,AK,disgust
19,AK_F_24.mp4,2.735817023639926,AK_F_24,AK_F_high,5,AK,fear
19,AK_F_02.mp4,0.30346274908998455,AK_F_02,AK_F_low,6,AK,fear
19,AK_H_15.mp4,0.8322718412820059,AK_H_15,AK_H_high,7,AK,happy
19,AK_H_28.mp4,-0.9244948056495828,AK_H_28,AK_H_low,8,AK,happy
19,AK_N_09.mp4,-0.7863427285752529,AK_N_09,AK_N_high,9,AK,neutral
19,AK_N_01.mp4,-0.8529730670590373,AK_N_01,AK_N_low,10,AK,neutral
19,AK_P_21.mp4,3.833816880237848,AK_P_21,AK_P_high,11,AK,pain
19,AK_P_59.mp4,0.523361766173851,AK_P_59,AK_P_low,12,AK,pain
19,AK_S_23.mp4,0.35939051184862886,AK_S_23,AK_S_high,13,AK,sad
19,AK_S_06.mp4,-0.418784941131171,AK_S_06,AK_S_low,14,AK,sad
19,AL_A_20.mp4,-0.23240132136723238,AL_A_20,AL_A_high,15,AL,anger
19,AL_A_03.mp4,-0.3938194481079181,AL_A_03,AL_A_low,16,AL,anger
19,AL_D_29.mp4,0.00763096967289234,AL_D_29,AL_D_high,17,AL,disgust
19,AL_D_12.mp4,-0.8777420789473864,AL_D_12,AL_D_low,18,AL,disgust
19,AL_F_46.mp4,1.4931420390220789,AL_F_46,AL_F_high,19,AL,fear
19,AL_F_08.mp4,-0.5081045528367341,AL_F_08,AL_F_low,20,AL,fear
19,AL_H_31.mp4,-0.4031232125229413,AL_H_31,AL_H_high,21,AL,happy
19,AL_H_03.mp4,-1.0724659736197357,AL_H_03,AL_H_low,22,AL,happy
19,AL_N_06.mp4,-1.24592778142866,AL_N_06,AL_N_high,23,AL,neutral
19,AL_N_01.mp4,-1.1892425054012978,AL_N_01,AL_N_low,24,AL,neutral
19,AL_P_39.mp4,1.1007786976822715,AL_P_39,AL_P_high,25,AL,pain
19,AL_P_20.mp4,0.13020790199588006,AL_P_20,AL_P_low,26,AL,pain
19,AL_S_53.mp4,-0.14719403655469968,AL_S_53,AL_S_high,27,AL,sad
19,AL_S_04.mp4,-0.9688439947342984,AL_S_04,AL_S_low,28,AL,sad
19,BP_A_41.mp4,0.27818938099736823,BP_A_41,BP_A_high,29,BP,anger
19,BP_A_10.mp4,-0.720179541172073,BP_A_10,BP_A_low,30,BP,anger
19,BP_D_25.mp4,-0.041535148084226606,BP_D_25,BP_D_high,31,BP,disgust
19,BP_D_03.mp4,-0.8931278399763479,BP_D_03,BP_D_low,32,BP,disgust
19,BP_F_46.mp4,1.1653251189868863,BP_F_46,BP_F_high,33,BP,fear
19,BP_F_02.mp4,-0.16453519746425768,BP_F_02,BP_F_low,34,BP,fear
19,BP_H_16.mp4,-0.15046770246899804,BP_H_16,BP_H_high,35,BP,happy
19,BP_H_05.mp4,-0.6529453762267082,BP_H_05,BP_H_low,36,BP,happy
19,BP_N_07.mp4,-1.0308236153414678,BP_N_07,BP_N_high,37,BP,neutral
19,BP_N_01.mp4,-1.2352772490493693,BP_N_01,BP_N_low,38,BP,neutral
19,BP_P_18.mp4,0.7577069531761677,BP_P_18,BP_P_high,39,BP,pain
19,BP_P_02.mp4,-0.7453482906190866,BP_P_02,BP_P_low,40,BP,pain
19,BP_S_18.mp4,0.4468702193439338,BP_S_18,BP_S_high,41,BP,sad
19,BP_S_13.mp4,-0.9444604842916184,BP_S_13,BP_S_low,42,BP,sad
19,JvG_A_19.mp4,-0.10794120020640267,JvG_A_19,JvG_A_high,43,JvG,anger
19,JvG_A_14.mp4,-0.4702455143468229,JvG_A_14,JvG_A_low,44,JvG,anger
19,JvG_D_23.mp4,0.9516142911562825,JvG_D_23,JvG_D_high,45,JvG,disgust
19,JvG_D_02.mp4,-0.5101471187021405,JvG_D_02,JvG_D_low,46,JvG,disgust
19,JvG_F_13.mp4,0.9783562175954219,JvG_F_13,JvG_F_high,47,JvG,fear
19,JvG_F_01.mp4,0.4808254987751862,JvG_F_01,JvG_F_low,48,JvG,fear
19,JvG_H_18.mp4,0.27900245448962957,JvG_H_18,JvG_H_high,49,JvG,happy
19,JvG_H_03.mp4,-0.8418679933724286,JvG_H_03,JvG_H_low,50,JvG,happy
19,JvG_N_17.mp4,-1.103855865536936,JvG_N_17,JvG_N_high,51,JvG,neutral
19,JvG_N_08.mp4,-1.3617987675433794,JvG_N_08,JvG_N_low,52,JvG,neutral
19,JvG_P_20.mp4,1.7279947126672912,JvG_P_20,JvG_P_high,53,JvG,pain
19,JvG_P_16.mp4,0.4818931580144128,JvG_P_16,JvG_P_low,54,JvG,pain
19,JvG_S_24.mp4,0.632769518346919,JvG_S_24,JvG_S_high,55,JvG,sad
19,JvG_S_12.mp4,0.299767507316421,JvG_S_12,JvG_S_low,56,JvG,sad
20,AK_A_32.mp4,0.7656360898775799,AK_A_32,AK_A_high,1,AK,anger
20,AK_A_04.mp4,-0.33742212361140994,AK_A_04,AK_A_low,2,AK,anger
20,AK_D_12.mp4,0.6375553233269624,AK_D_12,AK_D_high,3,AK,disgust
20,AK_D_02.mp4,0.13005265123379775,AK_D_02,AK_D_low,4,AK,disgust
20,AK_F_24.mp4,2.735817023639926,AK_F_24,AK_F_high,5,AK,fear
20,AK_F_02.mp4,0.30346274908998455,AK_F_02,AK_F_low,6,AK,fear
20,AK_H_15.mp4,0.8322718412820059,AK_H_15,AK_H_high,7,AK,happy
20,AK_H_28.mp4,-0.9244948056495828,AK_H_28,AK_H_low,8,AK,happy
20,AK_N_09.mp4,-0.7863427285752529,AK_N_09,AK_N_high,9,AK,neutral
20,AK_N_01.mp4,-0.8529730670590373,AK_N_01,AK_N_low,10,AK,neutral
20,AK_P_21.mp4,3.833816880237848,AK_P_21,AK_P_high,11,AK,pain
20,AK_P_59.mp4,0.523361766173851,AK_P_59,AK_P_low,12,AK,pain
20,AK_S_23.mp4,0.35939051184862886,AK_S_23,AK_S_high,13,AK,sad
20,AK_S_06.mp4,-0.418784941131171,AK_S_06,AK_S_low,14,AK,sad
20,AL_A_20.mp4,-0.23240132136723238,AL_A_20,AL_A_high,15,AL,anger
20,AL_A_03.mp4,-0.3938194481079181,AL_A_03,AL_A_low,16,AL,anger
20,AL_D_29.mp4,0.00763096967289234,AL_D_29,AL_D_high,17,AL,disgust
20,AL_D_12.mp4,-0.8777420789473864,AL_D_12,AL_D_low,18,AL,disgust
20,AL_F_46.mp4,1.4931420390220789,AL_F_46,AL_F_high,19,AL,fear
20,AL_F_08.mp4,-0.5081045528367341,AL_F_08,AL_F_low,20,AL,fear
20,AL_H_31.mp4,-0.4031232125229413,AL_H_31,AL_H_high,21,AL,happy
20,AL_H_03.mp4,-1.0724659736197357,AL_H_03,AL_H_low,22,AL,happy
20,AL_N_06.mp4,-1.24592778142866,AL_N_06,AL_N_high,23,AL,neutral
20,AL_N_01.mp4,-1.1892425054012978,AL_N_01,AL_N_low,24,AL,neutral
20,AL_P_39.mp4,1.1007786976822715,AL_P_39,AL_P_high,25,AL,pain
20,AL_P_20.mp4,0.13020790199588006,AL_P_20,AL_P_low,26,AL,pain
20,AL_S_53.mp4,-0.14719403655469968,AL_S_53,AL_S_high,27,AL,sad
20,AL_S_04.mp4,-0.9688439947342984,AL_S_04,AL_S_low,28,AL,sad
20,BP_A_41.mp4,0.27818938099736823,BP_A_41,BP_A_high,29,BP,anger
20,BP_A_10.mp4,-0.720179541172073,BP_A_10,BP_A_low,30,BP,anger
20,BP_D_25.mp4,-0.041535148084226606,BP_D_25,BP_D_high,31,BP,disgust
20,BP_D_03.mp4,-0.8931278399763479,BP_D_03,BP_D_low,32,BP,disgust
20,BP_F_46.mp4,1.1653251189868863,BP_F_46,BP_F_high,33,BP,fear
20,BP_F_02.mp4,-0.16453519746425768,BP_F_02,BP_F_low,34,BP,fear
20,BP_H_16.mp4,-0.15046770246899804,BP_H_16,BP_H_high,35,BP,happy
20,BP_H_05.mp4,-0.6529453762267082,BP_H_05,BP_H_low,36,BP,happy
20,BP_N_07.mp4,-1.0308236153414678,BP_N_07,BP_N_high,37,BP,neutral
20,BP_N_01.mp4,-1.2352772490493693,BP_N_01,BP_N_low,38,BP,neutral
20,BP_P_18.mp4,0.7577069531761677,BP_P_18,BP_P_high,39,BP,pain
20,BP_P_02.mp4,-0.7453482906190866,BP_P_02,BP_P_low,40,BP,pain
20,BP_S_18.mp4,0.4468702193439338,BP_S_18,BP_S_high,41,BP,sad
20,BP_S_13.mp4,-0.9444604842916184,BP_S_13,BP_S_low,42,BP,sad
20,JvG_A_19.mp4,-0.10794120020640267,JvG_A_19,JvG_A_high,43,JvG,anger
20,JvG_A_14.mp4,-0.4702455143468229,JvG_A_14,JvG_A_low,44,JvG,anger
20,JvG_D_23.mp4,0.9516142911562825,JvG_D_23,JvG_D_high,45,JvG,disgust
20,JvG_D_02.mp4,-0.5101471187021405,JvG_D_02,JvG_D_low,46,JvG,disgust
20,JvG_F_13.mp4,0.9783562175954219,JvG_F_13,JvG_F_high,47,JvG,fear
20,JvG_F_01.mp4,0.4808254987751862,JvG_F_01,JvG_F_low,48,JvG,fear
20,JvG_H_18.mp4,0.27900245448962957,JvG_H_18,JvG_H_high,49,JvG,happy
20,JvG_H_03.mp4,-0.8418679933724286,JvG_H_03,JvG_H_low,50,JvG,happy
20,JvG_N_17.mp4,-1.103855865536936,JvG_N_17,JvG_N_high,51,JvG,neutral
20,JvG_N_08.mp4,-1.3617987675433794,JvG_N_08,JvG_N_low,52,JvG,neutral
20,JvG_P_20.mp4,1.7279947126672912,JvG_P_20,JvG_P_high,53,JvG,pain
20,JvG_P_16.mp4,0.4818931580144128,JvG_P_16,JvG_P_low,54,JvG,pain
20,JvG_S_24.mp4,0.632769518346919,JvG_S_24,JvG_S_high,55,JvG,sad
20,JvG_S_12.mp4,0.299767507316421,JvG_S_12,JvG_S_low,56,JvG,sad
21,AK_A_32.mp4,0.7656360898775799,AK_A_32,AK_A_high,1,AK,anger
21,AK_A_04.mp4,-0.33742212361140994,AK_A_04,AK_A_low,2,AK,anger
21,AK_D_12.mp4,0.6375553233269624,AK_D_12,AK_D_high,3,AK,disgust
21,AK_D_02.mp4,0.13005265123379775,AK_D_02,AK_D_low,4,AK,disgust
21,AK_F_24.mp4,2.735817023639926,AK_F_24,AK_F_high,5,AK,fear
21,AK_F_02.mp4,0.30346274908998455,AK_F_02,AK_F_low,6,AK,fear
21,AK_H_15.mp4,0.8322718412820059,AK_H_15,AK_H_high,7,AK,happy
21,AK_H_28.mp4,-0.9244948056495828,AK_H_28,AK_H_low,8,AK,happy
21,AK_N_09.mp4,-0.7863427285752529,AK_N_09,AK_N_high,9,AK,neutral
21,AK_N_01.mp4,-0.8529730670590373,AK_N_01,AK_N_low,10,AK,neutral
21,AK_P_21.mp4,3.833816880237848,AK_P_21,AK_P_high,11,AK,pain
21,AK_P_59.mp4,0.523361766173851,AK_P_59,AK_P_low,12,AK,pain
21,AK_S_23.mp4,0.35939051184862886,AK_S_23,AK_S_high,13,AK,sad
21,AK_S_06.mp4,-0.418784941131171,AK_S_06,AK_S_low,14,AK,sad
21,AL_A_20.mp4,-0.23240132136723238,AL_A_20,AL_A_high,15,AL,anger
21,AL_A_03.mp4,-0.3938194481079181,AL_A_03,AL_A_low,16,AL,anger
21,AL_D_29.mp4,0.00763096967289234,AL_D_29,AL_D_high,17,AL,disgust
21,AL_D_12.mp4,-0.8777420789473864,AL_D_12,AL_D_low,18,AL,disgust
21,AL_F_46.mp4,1.4931420390220789,AL_F_46,AL_F_high,19,AL,fear
21,AL_F_08.mp4,-0.5081045528367341,AL_F_08,AL_F_low,20,AL,fear
21,AL_H_31.mp4,-0.4031232125229413,AL_H_31,AL_H_high,21,AL,happy
21,AL_H_03.mp4,-1.0724659736197357,AL_H_03,AL_H_low,22,AL,happy
21,AL_N_06.mp4,-1.24592778142866,AL_N_06,AL_N_high,23,AL,neutral
21,AL_N_01.mp4,-1.1892425054012978,AL_N_01,AL_N_low,24,AL,neutral
21,AL_P_39.mp4,1.1007786976822715,AL_P_39,AL_P_high,25,AL,pain
21,AL_P_20.mp4,0.13020790199588006,AL_P_20,AL_P_low,26,AL,pain
21,AL_S_53.mp4,-0.14719403655469968,AL_S_53,AL_S_high,27,AL,sad
21,AL_S_04.mp4,-0.9688439947342984,AL_S_04,AL_S_low,28,AL,sad
21,BP_A_41.mp4,0.27818938099736823,BP_A_41,BP_A_high,29,BP,anger
21,BP_A_10.mp4,-0.720179541172073,BP_A_10,BP_A_low,30,BP,anger
21,BP_D_25.mp4,-0.041535148084226606,BP_D_25,BP_D_high,31,BP,disgust
21,BP_D_03.mp4,-0.8931278399763479,BP_D_03,BP_D_low,32,BP,disgust
21,BP_F_46.mp4,1.1653251189868863,BP_F_46,BP_F_high,33,BP,fear
21,BP_F_02.mp4,-0.16453519746425768,BP_F_02,BP_F_low,34,BP,fear
21,BP_H_16.mp4,-0.15046770246899804,BP_H_16,BP_H_high,35,BP,happy
21,BP_H_05.mp4,-0.6529453762267082,BP_H_05,BP_H_low,36,BP,happy
21,BP_N_07.mp4,-1.0308236153414678,BP_N_07,BP_N_high,37,BP,neutral
21,BP_N_01.mp4,-1.2352772490493693,BP_N_01,BP_N_low,38,BP,neutral
21,BP_P_18.mp4,0.7577069531761677,BP_P_18,BP_P_high,39,BP,pain
21,BP_P_02.mp4,-0.7453482906190866,BP_P_02,BP_P_low,40,BP,pain
21,BP_S_18.mp4,0.4468702193439338,BP_S_18,BP_S_high,41,BP,sad
21,BP_S_13.mp4,-0.9444604842916184,BP_S_13,BP_S_low,42,BP,sad
21,JvG_A_19.mp4,-0.10794120020640267,JvG_A_19,JvG_A_high,43,JvG,anger
21,JvG_A_14.mp4,-0.4702455143468229,JvG_A_14,JvG_A_low,44,JvG,anger
21,JvG_D_23.mp4,0.9516142911562825,JvG_D_23,JvG_D_high,45,JvG,disgust
21,JvG_D_02.mp4,-0.5101471187021405,JvG_D_02,JvG_D_low,46,JvG,disgust
21,JvG_F_13.mp4,0.9783562175954219,JvG_F_13,JvG_F_high,47,JvG,fear
21,JvG_F_01.mp4,0.4808254987751862,JvG_F_01,JvG_F_low,48,JvG,fear
21,JvG_H_18.mp4,0.27900245448962957,JvG_H_18,JvG_H_high,49,JvG,happy
21,JvG_H_03.mp4,-0.8418679933724286,JvG_H_03,JvG_H_low,50,JvG,happy
21,JvG_N_17.mp4,-1.103855865536936,JvG_N_17,JvG_N_high,51,JvG,neutral
21,JvG_N_08.mp4,-1.3617987675433794,JvG_N_08,JvG_N_low,52,JvG,neutral
21,JvG_P_20.mp4,1.7279947126672912,JvG_P_20,JvG_P_high,53,JvG,pain
21,JvG_P_16.mp4,0.4818931580144128,JvG_P_16,JvG_P_low,54,JvG,pain
21,JvG_S_24.mp4,0.632769518346919,JvG_S_24,JvG_S_high,55,JvG,sad
21,JvG_S_12.mp4,0.299767507316421,JvG_S_12,JvG_S_low,56,JvG,sad
22,AK_A_32.mp4,0.7656360898775799,AK_A_32,AK_A_high,1,AK,anger
22,AK_A_04.mp4,-0.33742212361140994,AK_A_04,AK_A_low,2,AK,anger
22,AK_D_12.mp4,0.6375553233269624,AK_D_12,AK_D_high,3,AK,disgust
22,AK_D_02.mp4,0.13005265123379775,AK_D_02,AK_D_low,4,AK,disgust
22,AK_F_24.mp4,2.735817023639926,AK_F_24,AK_F_high,5,AK,fear
22,AK_F_02.mp4,0.30346274908998455,AK_F_02,AK_F_low,6,AK,fear
22,AK_H_15.mp4,0.8322718412820059,AK_H_15,AK_H_high,7,AK,happy
22,AK_H_28.mp4,-0.9244948056495828,AK_H_28,AK_H_low,8,AK,happy
22,AK_N_09.mp4,-0.7863427285752529,AK_N_09,AK_N_high,9,AK,neutral
22,AK_N_01.mp4,-0.8529730670590373,AK_N_01,AK_N_low,10,AK,neutral
22,AK_P_21.mp4,3.833816880237848,AK_P_21,AK_P_high,11,AK,pain
22,AK_P_59.mp4,0.523361766173851,AK_P_59,AK_P_low,12,AK,pain
22,AK_S_23.mp4,0.35939051184862886,AK_S_23,AK_S_high,13,AK,sad
22,AK_S_06.mp4,-0.418784941131171,AK_S_06,AK_S_low,14,AK,sad
22,AL_A_20.mp4,-0.23240132136723238,AL_A_20,AL_A_high,15,AL,anger
22,AL_A_03.mp4,-0.3938194481079181,AL_A_03,AL_A_low,16,AL,anger
22,AL_D_29.mp4,0.00763096967289234,AL_D_29,AL_D_high,17,AL,disgust
22,AL_D_12.mp4,-0.8777420789473864,AL_D_12,AL_D_low,18,AL,disgust
22,AL_F_46.mp4,1.4931420390220789,AL_F_46,AL_F_high,19,AL,fear
22,AL_F_08.mp4,-0.5081045528367341,AL_F_08,AL_F_low,20,AL,fear
22,AL_H_31.mp4,-0.4031232125229413,AL_H_31,AL_H_high,21,AL,happy
22,AL_H_03.mp4,-1.0724659736197357,AL_H_03,AL_H_low,22,AL,happy
22,AL_N_06.mp4,-1.24592778142866,AL_N_06,AL_N_high,23,AL,neutral
22,AL_N_01.mp4,-1.1892425054012978,AL_N_01,AL_N_low,24,AL,neutral
22,AL_P_39.mp4,1.1007786976822715,AL_P_39,AL_P_high,25,AL,pain
22,AL_P_20.mp4,0.13020790199588006,AL_P_20,AL_P_low,26,AL,pain
22,AL_S_53.mp4,-0.14719403655469968,AL_S_53,AL_S_high,27,AL,sad
22,AL_S_04.mp4,-0.9688439947342984,AL_S_04,AL_S_low,28,AL,sad
22,BP_A_41.mp4,0.27818938099736823,BP_A_41,BP_A_high,29,BP,anger
22,BP_A_10.mp4,-0.720179541172073,BP_A_10,BP_A_low,30,BP,anger
22,BP_D_25.mp4,-0.041535148084226606,BP_D_25,BP_D_high,31,BP,disgust
22,BP_D_03.mp4,-0.8931278399763479,BP_D_03,BP_D_low,32,BP,disgust
22,BP_F_46.mp4,1.1653251189868863,BP_F_46,BP_F_high,33,BP,fear
22,BP_F_02.mp4,-0.16453519746425768,BP_F_02,BP_F_low,34,BP,fear
22,BP_H_16.mp4,-0.15046770246899804,BP_H_16,BP_H_high,35,BP,happy
22,BP_H_05.mp4,-0.6529453762267082,BP_H_05,BP_H_low,36,BP,happy
22,BP_N_07.mp4,-1.0308236153414678,BP_N_07,BP_N_high,37,BP,neutral
22,BP_N_01.mp4,-1.2352772490493693,BP_N_01,BP_N_low,38,BP,neutral
22,BP_P_18.mp4,0.7577069531761677,BP_P_18,BP_P_high,39,BP,pain
22,BP_P_02.mp4,-0.7453482906190866,BP_P_02,BP_P_low,40,BP,pain
22,BP_S_18.mp4,0.4468702193439338,BP_S_18,BP_S_high,41,BP,sad
22,BP_S_13.mp4,-0.9444604842916184,BP_S_13,BP_S_low,42,BP,sad
22,JvG_A_19.mp4,-0.10794120020640267,JvG_A_19,JvG_A_high,43,JvG,anger
22,JvG_A_14.mp4,-0.4702455143468229,JvG_A_14,JvG_A_low,44,JvG,anger
22,JvG_D_23.mp4,0.9516142911562825,JvG_D_23,JvG_D_high,45,JvG,disgust
22,JvG_D_02.mp4,-0.5101471187021405,JvG_D_02,JvG_D_low,46,JvG,disgust
22,JvG_F_13.mp4,0.9783562175954219,JvG_F_13,JvG_F_high,47,JvG,fear
22,JvG_F_01.mp4,0.4808254987751862,JvG_F_01,JvG_F_low,48,JvG,fear
22,JvG_H_18.mp4,0.27900245448962957,JvG_H_18,JvG_H_high,49,JvG,happy
22,JvG_H_03.mp4,-0.8418679933724286,JvG_H_03,JvG_H_low,50,JvG,happy
22,JvG_N_17.mp4,-1.103855865536936,JvG_N_17,JvG_N_high,51,JvG,neutral
22,JvG_N_08.mp4,-1.3617987675433794,JvG_N_08,JvG_N_low,52,JvG,neutral
22,JvG_P_20.mp4,1.7279947126672912,JvG_P_20,JvG_P_high,53,JvG,pain
22,JvG_P_16.mp4,0.4818931580144128,JvG_P_16,JvG_P_low,54,JvG,pain
22,JvG_S_24.mp4,0.632769518346919,JvG_S_24,JvG_S_high,55,JvG,sad
22,JvG_S_12.mp4,0.299767507316421,JvG_S_12,JvG_S_low,56,JvG,sad
23,AK_A_32.mp4,0.7656360898775799,AK_A_32,AK_A_high,1,AK,anger
23,AK_A_04.mp4,-0.33742212361140994,AK_A_04,AK_A_low,2,AK,anger
23,AK_D_12.mp4,0.6375553233269624,AK_D_12,AK_D_high,3,AK,disgust
23,AK_D_02.mp4,0.13005265123379775,AK_D_02,AK_D_low,4,AK,disgust
23,AK_F_24.mp4,2.735817023639926,AK_F_24,AK_F_high,5,AK,fear
23,AK_F_02.mp4,0.30346274908998455,AK_F_02,AK_F_low,6,AK,fear
23,AK_H_15.mp4,0.8322718412820059,AK_H_15,AK_H_high,7,AK,happy
23,AK_H_28.mp4,-0.9244948056495828,AK_H_28,AK_H_low,8,AK,happy
23,AK_N_09.mp4,-0.7863427285752529,AK_N_09,AK_N_high,9,AK,neutral
23,AK_N_01.mp4,-0.8529730670590373,AK_N_01,AK_N_low,10,AK,neutral
23,AK_P_21.mp4,3.833816880237848,AK_P_21,AK_P_high,11,AK,pain
23,AK_P_59.mp4,0.523361766173851,AK_P_59,AK_P_low,12,AK,pain
23,AK_S_23.mp4,0.35939051184862886,AK_S_23,AK_S_high,13,AK,sad
23,AK_S_06.mp4,-0.418784941131171,AK_S_06,AK_S_low,14,AK,sad
23,AL_A_20.mp4,-0.23240132136723238,AL_A_20,AL_A_high,15,AL,anger
23,AL_A_03.mp4,-0.3938194481079181,AL_A_03,AL_A_low,16,AL,anger
23,AL_D_29.mp4,0.00763096967289234,AL_D_29,AL_D_high,17,AL,disgust
23,AL_D_12.mp4,-0.8777420789473864,AL_D_12,AL_D_low,18,AL,disgust
23,AL_F_46.mp4,1.4931420390220789,AL_F_46,AL_F_high,19,AL,fear
23,AL_F_08.mp4,-0.5081045528367341,AL_F_08,AL_F_low,20,AL,fear
23,AL_H_31.mp4,-0.4031232125229413,AL_H_31,AL_H_high,21,AL,happy
23,AL_H_03.mp4,-1.0724659736197357,AL_H_03,AL_H_low,22,AL,happy
23,AL_N_06.mp4,-1.24592778142866,AL_N_06,AL_N_high,23,AL,neutral
23,AL_N_01.mp4,-1.1892425054012978,AL_N_01,AL_N_low,24,AL,neutral
23,AL_P_39.mp4,1.1007786976822715,AL_P_39,AL_P_high,25,AL,pain
23,AL_P_20.mp4,0.13020790199588006,AL_P_20,AL_P_low,26,AL,pain
23,AL_S_53.mp4,-0.14719403655469968,AL_S_53,AL_S_high,27,AL,sad
23,AL_S_04.mp4,-0.9688439947342984,AL_S_04,AL_S_low,28,AL,sad
23,BP_A_41.mp4,0.27818938099736823,BP_A_41,BP_A_high,29,BP,anger
23,BP_A_10.mp4,-0.720179541172073,BP_A_10,BP_A_low,30,BP,anger
23,BP_D_25.mp4,-0.041535148084226606,BP_D_25,BP_D_high,31,BP,disgust
23,BP_D_03.mp4,-0.8931278399763479,BP_D_03,BP_D_low,32,BP,disgust
23,BP_F_46.mp4,1.1653251189868863,BP_F_46,BP_F_high,33,BP,fear
23,BP_F_02.mp4,-0.16453519746425768,BP_F_02,BP_F_low,34,BP,fear
23,BP_H_16.mp4,-0.15046770246899804,BP_H_16,BP_H_high,35,BP,happy
23,BP_H_05.mp4,-0.6529453762267082,BP_H_05,BP_H_low,36,BP,happy
23,BP_N_07.mp4,-1.0308236153414678,BP_N_07,BP_N_high,37,BP,neutral
23,BP_N_01.mp4,-1.2352772490493693,BP_N_01,BP_N_low,38,BP,neutral
23,BP_P_18.mp4,0.7577069531761677,BP_P_18,BP_P_high,39,BP,pain
23,BP_P_02.mp4,-0.7453482906190866,BP_P_02,BP_P_low,40,BP,pain
23,BP_S_18.mp4,0.4468702193439338,BP_S_18,BP_S_high,41,BP,sad
23,BP_S_13.mp4,-0.9444604842916184,BP_S_13,BP_S_low,42,BP,sad
23,JvG_A_19.mp4,-0.10794120020640267,JvG_A_19,JvG_A_high,43,JvG,anger
23,JvG_A_14.mp4,-0.4702455143468229,JvG_A_14,JvG_A_low,44,JvG,anger
23,JvG_D_23.mp4,0.9516142911562825,JvG_D_23,JvG_D_high,45,JvG,disgust
23,JvG_D_02.mp4,-0.5101471187021405,JvG_D_02,JvG_D_low,46,JvG,disgust
23,JvG_F_13.mp4,0.9783562175954219,JvG_F_13,JvG_F_high,47,JvG,fear
23,JvG_F_01.mp4,0.4808254987751862,JvG_F_01,JvG_F_low,48,JvG,fear
23,JvG_H_18.mp4,0.27900245448962957,JvG_H_18,JvG_H_high,49,JvG,happy
23,JvG_H_03.mp4,-0.8418679933724286,JvG_H_03,JvG_H_low,50,JvG,happy
23,JvG_N_17.mp4,-1.103855865536936,JvG_N_17,JvG_N_high,51,JvG,neutral
23,JvG_N_08.mp4,-1.3617987675433794,JvG_N_08,JvG_N_low,52,JvG,neutral
23,JvG_P_20.mp4,1.7279947126672912,JvG_P_20,JvG_P_high,53,JvG,pain
23,JvG_P_16.mp4,0.4818931580144128,JvG_P_16,JvG_P_low,54,JvG,pain
23,JvG_S_24.mp4,0.632769518346919,JvG_S_24,JvG_S_high,55,JvG,sad
23,JvG_S_12.mp4,0.299767507316421,JvG_S_12,JvG_S_low,56,JvG,sad
24,AK_A_32.mp4,0.7656360898775799,AK_A_32,AK_A_high,1,AK,anger
24,AK_A_04.mp4,-0.33742212361140994,AK_A_04,AK_A_low,2,AK,anger
24,AK_D_12.mp4,0.6375553233269624,AK_D_12,AK_D_high,3,AK,disgust
24,AK_D_02.mp4,0.13005265123379775,AK_D_02,AK_D_low,4,AK,disgust
24,AK_F_24.mp4,2.735817023639926,AK_F_24,AK_F_high,5,AK,fear
24,AK_F_02.mp4,0.30346274908998455,AK_F_02,AK_F_low,6,AK,fear
24,AK_H_15.mp4,0.8322718412820059,AK_H_15,AK_H_high,7,AK,happy
24,AK_H_28.mp4,-0.9244948056495828,AK_H_28,AK_H_low,8,AK,happy
24,AK_N_09.mp4,-0.7863427285752529,AK_N_09,AK_N_high,9,AK,neutral
24,AK_N_01.mp4,-0.8529730670590373,AK_N_01,AK_N_low,10,AK,neutral
24,AK_P_21.mp4,3.833816880237848,AK_P_21,AK_P_high,11,AK,pain
24,AK_P_59.mp4,0.523361766173851,AK_P_59,AK_P_low,12,AK,pain
24,AK_S_23.mp4,0.35939051184862886,AK_S_23,AK_S_high,13,AK,sad
24,AK_S_06.mp4,-0.418784941131171,AK_S_06,AK_S_low,14,AK,sad
24,AL_A_20.mp4,-0.23240132136723238,AL_A_20,AL_A_high,15,AL,anger
24,AL_A_03.mp4,-0.3938194481079181,AL_A_03,AL_A_low,16,AL,anger
24,AL_D_29.mp4,0.00763096967289234,AL_D_29,AL_D_high,17,AL,disgust
24,AL_D_12.mp4,-0.8777420789473864,AL_D_12,AL_D_low,18,AL,disgust
24,AL_F_46.mp4,1.4931420390220789,AL_F_46,AL_F_high,19,AL,fear
24,AL_F_08.mp4,-0.5081045528367341,AL_F_08,AL_F_low,20,AL,fear
24,AL_H_31.mp4,-0.4031232125229413,AL_H_31,AL_H_high,21,AL,happy
24,AL_H_03.mp4,-1.0724659736197357,AL_H_03,AL_H_low,22,AL,happy
24,AL_N_06.mp4,-1.24592778142866,AL_N_06,AL_N_high,23,AL,neutral
24,AL_N_01.mp4,-1.1892425054012978,AL_N_01,AL_N_low,24,AL,neutral
24,AL_P_39.mp4,1.1007786976822715,AL_P_39,AL_P_high,25,AL,pain
24,AL_P_20.mp4,0.13020790199588006,AL_P_20,AL_P_low,26,AL,pain
24,AL_S_53.mp4,-0.14719403655469968,AL_S_53,AL_S_high,27,AL,sad
24,AL_S_04.mp4,-0.9688439947342984,AL_S_04,AL_S_low,28,AL,sad
24,BP_A_41.mp4,0.27818938099736823,BP_A_41,BP_A_high,29,BP,anger
24,BP_A_10.mp4,-0.720179541172073,BP_A_10,BP_A_low,30,BP,anger
24,BP_D_25.mp4,-0.041535148084226606,BP_D_25,BP_D_high,31,BP,disgust
24,BP_D_03.mp4,-0.8931278399763479,BP_D_03,BP_D_low,32,BP,disgust
24,BP_F_46.mp4,1.1653251189868863,BP_F_46,BP_F_high,33,BP,fear
24,BP_F_02.mp4,-0.16453519746425768,BP_F_02,BP_F_low,34,BP,fear
24,BP_H_16.mp4,-0.15046770246899804,BP_H_16,BP_H_high,35,BP,happy
24,BP_H_05.mp4,-0.6529453762267082,BP_H_05,BP_H_low,36,BP,happy
24,BP_N_07.mp4,-1.0308236153414678,BP_N_07,BP_N_high,37,BP,neutral
24,BP_N_01.mp4,-1.2352772490493693,BP_N_01,BP_N_low,38,BP,neutral
24,BP_P_18.mp4,0.7577069531761677,BP_P_18,BP_P_high,39,BP,pain
24,BP_P_02.mp4,-0.7453482906190866,BP_P_02,BP_P_low,40,BP,pain
24,BP_S_18.mp4,0.4468702193439338,BP_S_18,BP_S_high,41,BP,sad
24,BP_S_13.mp4,-0.9444604842916184,BP_S_13,BP_S_low,42,BP,sad
24,JvG_A_19.mp4,-0.10794120020640267,JvG_A_19,JvG_A_high,43,JvG,anger
24,JvG_A_14.mp4,-0.4702455143468229,JvG_A_14,JvG_A_low,44,JvG,anger
24,JvG_D_23.mp4,0.9516142911562825,JvG_D_23,JvG_D_high,45,JvG,disgust
24,JvG_D_02.mp4,-0.5101471187021405,JvG_D_02,JvG_D_low,46,JvG,disgust
24,JvG_F_13.mp4,0.9783562175954219,JvG_F_13,JvG_F_high,47,JvG,fear
24,JvG_F_01.mp4,0.4808254987751862,JvG_F_01,JvG_F_low,48,JvG,fear
24,JvG_H_18.mp4,0.27900245448962957,JvG_H_18,JvG_H_high,49,JvG,happy
24,JvG_H_03.mp4,-0.8418679933724286,JvG_H_03,JvG_H_low,50,JvG,happy
24,JvG_N_17.mp4,-1.103855865536936,JvG_N_17,JvG_N_high,51,JvG,neutral
24,JvG_N_08.mp4,-1.3617987675433794,JvG_N_08,JvG_N_low,52,JvG,neutral
24,JvG_P_20.mp4,1.7279947126672912,JvG_P_20,JvG_P_high,53,JvG,pain
24,JvG_P_16.mp4,0.4818931580144128,JvG_P_16,JvG_P_low,54,JvG,pain
24,JvG_S_24.mp4,0.632769518346919,JvG_S_24,JvG_S_high,55,JvG,sad
24,JvG_S_12.mp4,0.299767507316421,JvG_S_12,JvG_S_low,56,JvG,sad
26,AK_A_32.mp4,0.7656360898775799,AK_A_32,AK_A_high,1,AK,anger
26,AK_A_04.mp4,-0.33742212361140994,AK_A_04,AK_A_low,2,AK,anger
26,AK_D_12.mp4,0.6375553233269624,AK_D_12,AK_D_high,3,AK,disgust
26,AK_D_02.mp4,0.13005265123379775,AK_D_02,AK_D_low,4,AK,disgust
26,AK_F_24.mp4,2.735817023639926,AK_F_24,AK_F_high,5,AK,fear
26,AK_F_02.mp4,0.30346274908998455,AK_F_02,AK_F_low,6,AK,fear
26,AK_H_15.mp4,0.8322718412820059,AK_H_15,AK_H_high,7,AK,happy
26,AK_H_28.mp4,-0.9244948056495828,AK_H_28,AK_H_low,8,AK,happy
26,AK_N_09.mp4,-0.7863427285752529,AK_N_09,AK_N_high,9,AK,neutral
26,AK_N_01.mp4,-0.8529730670590373,AK_N_01,AK_N_low,10,AK,neutral
26,AK_P_21.mp4,3.833816880237848,AK_P_21,AK_P_high,11,AK,pain
26,AK_P_59.mp4,0.523361766173851,AK_P_59,AK_P_low,12,AK,pain
26,AK_S_23.mp4,0.35939051184862886,AK_S_23,AK_S_high,13,AK,sad
26,AK_S_06.mp4,-0.418784941131171,AK_S_06,AK_S_low,14,AK,sad
26,AL_A_20.mp4,-0.23240132136723238,AL_A_20,AL_A_high,15,AL,anger
26,AL_A_03.mp4,-0.3938194481079181,AL_A_03,AL_A_low,16,AL,anger
26,AL_D_29.mp4,0.00763096967289234,AL_D_29,AL_D_high,17,AL,disgust
26,AL_D_12.mp4,-0.8777420789473864,AL_D_12,AL_D_low,18,AL,disgust
26,AL_F_46.mp4,1.4931420390220789,AL_F_46,AL_F_high,19,AL,fear
26,AL_F_08.mp4,-0.5081045528367341,AL_F_08,AL_F_low,20,AL,fear
26,AL_H_31.mp4,-0.4031232125229413,AL_H_31,AL_H_high,21,AL,happy
26,AL_H_03.mp4,-1.0724659736197357,AL_H_03,AL_H_low,22,AL,happy
26,AL_N_06.mp4,-1.24592778142866,AL_N_06,AL_N_high,23,AL,neutral
26,AL_N_01.mp4,-1.1892425054012978,AL_N_01,AL_N_low,24,AL,neutral
26,AL_P_39.mp4,1.1007786976822715,AL_P_39,AL_P_high,25,AL,pain
26,AL_P_20.mp4,0.13020790199588006,AL_P_20,AL_P_low,26,AL,pain
26,AL_S_53.mp4,-0.14719403655469968,AL_S_53,AL_S_high,27,AL,sad
26,AL_S_04.mp4,-0.9688439947342984,AL_S_04,AL_S_low,28,AL,sad
26,BP_A_41.mp4,0.27818938099736823,BP_A_41,BP_A_high,29,BP,anger
26,BP_A_10.mp4,-0.720179541172073,BP_A_10,BP_A_low,30,BP,anger
26,BP_D_25.mp4,-0.041535148084226606,BP_D_25,BP_D_high,31,BP,disgust
26,BP_D_03.mp4,-0.8931278399763479,BP_D_03,BP_D_low,32,BP,disgust
26,BP_F_46.mp4,1.1653251189868863,BP_F_46,BP_F_high,33,BP,fear
26,BP_F_02.mp4,-0.16453519746425768,BP_F_02,BP_F_low,34,BP,fear
26,BP_H_16.mp4,-0.15046770246899804,BP_H_16,BP_H_high,35,BP,happy
26,BP_H_05.mp4,-0.6529453762267082,BP_H_05,BP_H_low,36,BP,happy
26,BP_N_07.mp4,-1.0308236153414678,BP_N_07,BP_N_high,37,BP,neutral
26,BP_N_01.mp4,-1.2352772490493693,BP_N_01,BP_N_low,38,BP,neutral
26,BP_P_18.mp4,0.7577069531761677,BP_P_18,BP_P_high,39,BP,pain
26,BP_P_02.mp4,-0.7453482906190866,BP_P_02,BP_P_low,40,BP,pain
26,BP_S_18.mp4,0.4468702193439338,BP_S_18,BP_S_high,41,BP,sad
26,BP_S_13.mp4,-0.9444604842916184,BP_S_13,BP_S_low,42,BP,sad
26,JvG_A_19.mp4,-0.10794120020640267,JvG_A_19,JvG_A_high,43,JvG,anger
26,JvG_A_14.mp4,-0.4702455143468229,JvG_A_14,JvG_A_low,44,JvG,anger
26,JvG_D_23.mp4,0.9516142911562825,JvG_D_23,JvG_D_high,45,JvG,disgust
26,JvG_D_02.mp4,-0.5101471187021405,JvG_D_02,JvG_D_low,46,JvG,disgust
26,JvG_F_13.mp4,0.9783562175954219,JvG_F_13,JvG_F_high,47,JvG,fear
26,JvG_F_01.mp4,0.4808254987751862,JvG_F_01,JvG_F_low,48,JvG,fear
26,JvG_H_18.mp4,0.27900245448962957,JvG_H_18,JvG_H_high,49,JvG,happy
26,JvG_H_03.mp4,-0.8418679933724286,JvG_H_03,JvG_H_low,50,JvG,happy
26,JvG_N_17.mp4,-1.103855865536936,JvG_N_17,JvG_N_high,51,JvG,neutral
26,JvG_N_08.mp4,-1.3617987675433794,JvG_N_08,JvG_N_low,52,JvG,neutral
26,JvG_P_20.mp4,1.7279947126672912,JvG_P_20,JvG_P_high,53,JvG,pain
26,JvG_P_16.mp4,0.4818931580144128,JvG_P_16,JvG_P_low,54,JvG,pain
26,JvG_S_24.mp4,0.632769518346919,JvG_S_24,JvG_S_high,55,JvG,sad
26,JvG_S_12.mp4,0.299767507316421,JvG_S_12,JvG_S_low,56,JvG,sad
27,AK_A_32.mp4,0.7656360898775799,AK_A_32,AK_A_high,1,AK,anger
27,AK_A_04.mp4,-0.33742212361140994,AK_A_04,AK_A_low,2,AK,anger
27,AK_D_12.mp4,0.6375553233269624,AK_D_12,AK_D_high,3,AK,disgust
27,AK_D_02.mp4,0.13005265123379775,AK_D_02,AK_D_low,4,AK,disgust
27,AK_F_24.mp4,2.735817023639926,AK_F_24,AK_F_high,5,AK,fear
27,AK_F_02.mp4,0.30346274908998455,AK_F_02,AK_F_low,6,AK,fear
27,AK_H_15.mp4,0.8322718412820059,AK_H_15,AK_H_high,7,AK,happy
27,AK_H_28.mp4,-0.9244948056495828,AK_H_28,AK_H_low,8,AK,happy
27,AK_N_09.mp4,-0.7863427285752529,AK_N_09,AK_N_high,9,AK,neutral
27,AK_N_01.mp4,-0.8529730670590373,AK_N_01,AK_N_low,10,AK,neutral
27,AK_P_21.mp4,3.833816880237848,AK_P_21,AK_P_high,11,AK,pain
27,AK_P_59.mp4,0.523361766173851,AK_P_59,AK_P_low,12,AK,pain
27,AK_S_23.mp4,0.35939051184862886,AK_S_23,AK_S_high,13,AK,sad
27,AK_S_06.mp4,-0.418784941131171,AK_S_06,AK_S_low,14,AK,sad
27,AL_A_20.mp4,-0.23240132136723238,AL_A_20,AL_A_high,15,AL,anger
27,AL_A_03.mp4,-0.3938194481079181,AL_A_03,AL_A_low,16,AL,anger
27,AL_D_29.mp4,0.00763096967289234,AL_D_29,AL_D_high,17,AL,disgust
27,AL_D_12.mp4,-0.8777420789473864,AL_D_12,AL_D_low,18,AL,disgust
27,AL_F_46.mp4,1.4931420390220789,AL_F_46,AL_F_high,19,AL,fear
27,AL_F_08.mp4,-0.5081045528367341,AL_F_08,AL_F_low,20,AL,fear
27,AL_H_31.mp4,-0.4031232125229413,AL_H_31,AL_H_high,21,AL,happy
27,AL_H_03.mp4,-1.0724659736197357,AL_H_03,AL_H_low,22,AL,happy
27,AL_N_06.mp4,-1.24592778142866,AL_N_06,AL_N_high,23,AL,neutral
27,AL_N_01.mp4,-1.1892425054012978,AL_N_01,AL_N_low,24,AL,neutral
27,AL_P_39.mp4,1.1007786976822715,AL_P_39,AL_P_high,25,AL,pain
27,AL_P_20.mp4,0.13020790199588006,AL_P_20,AL_P_low,26,AL,pain
27,AL_S_53.mp4,-0.14719403655469968,AL_S_53,AL_S_high,27,AL,sad
27,AL_S_04.mp4,-0.9688439947342984,AL_S_04,AL_S_low,28,AL,sad
27,BP_A_41.mp4,0.27818938099736823,BP_A_41,BP_A_high,29,BP,anger
27,BP_A_10.mp4,-0.720179541172073,BP_A_10,BP_A_low,30,BP,anger
27,BP_D_25.mp4,-0.041535148084226606,BP_D_25,BP_D_high,31,BP,disgust
27,BP_D_03.mp4,-0.8931278399763479,BP_D_03,BP_D_low,32,BP,disgust
27,BP_F_46.mp4,1.1653251189868863,BP_F_46,BP_F_high,33,BP,fear
27,BP_F_02.mp4,-0.16453519746425768,BP_F_02,BP_F_low,34,BP,fear
27,BP_H_16.mp4,-0.15046770246899804,BP_H_16,BP_H_high,35,BP,happy
27,BP_H_05.mp4,-0.6529453762267082,BP_H_05,BP_H_low,36,BP,happy
27,BP_N_07.mp4,-1.0308236153414678,BP_N_07,BP_N_high,37,BP,neutral
27,BP_N_01.mp4,-1.2352772490493693,BP_N_01,BP_N_low,38,BP,neutral
27,BP_P_18.mp4,0.7577069531761677,BP_P_18,BP_P_high,39,BP,pain
27,BP_P_02.mp4,-0.7453482906190866,BP_P_02,BP_P_low,40,BP,pain
27,BP_S_18.mp4,0.4468702193439338,BP_S_18,BP_S_high,41,BP,sad
27,BP_S_13.mp4,-0.9444604842916184,BP_S_13,BP_S_low,42,BP,sad
27,JvG_A_19.mp4,-0.10794120020640267,JvG_A_19,JvG_A_high,43,JvG,anger
27,JvG_A_14.mp4,-0.4702455143468229,JvG_A_14,JvG_A_low,44,JvG,anger
27,JvG_D_23.mp4,0.9516142911562825,JvG_D_23,JvG_D_high,45,JvG,disgust
27,JvG_D_02.mp4,-0.5101471187021405,JvG_D_02,JvG_D_low,46,JvG,disgust
27,JvG_F_13.mp4,0.9783562175954219,JvG_F_13,JvG_F_high,47,JvG,fear
27,JvG_F_01.mp4,0.4808254987751862,JvG_F_01,JvG_F_low,48,JvG,fear
27,JvG_H_18.mp4,0.27900245448962957,JvG_H_18,JvG_H_high,49,JvG,happy
27,JvG_H_03.mp4,-0.8418679933724286,JvG_H_03,JvG_H_low,50,JvG,happy
27,JvG_N_17.mp4,-1.103855865536936,JvG_N_17,JvG_N_high,51,JvG,neutral
27,JvG_N_08.mp4,-1.3617987675433794,JvG_N_08,JvG_N_low,52,JvG,neutral
27,JvG_P_20.mp4,1.7279947126672912,JvG_P_20,JvG_P_high,53,JvG,pain
27,JvG_P_16.mp4,0.4818931580144128,JvG_P_16,JvG_P_low,54,JvG,pain
27,JvG_S_24.mp4,0.632769518346919,JvG_S_24,JvG_S_high,55,JvG,sad
27,JvG_S_12.mp4,0.299767507316421,JvG_S_12,JvG_S_low,56,JvG,sad
28,AK_A_32.mp4,0.7656360898775799,AK_A_32,AK_A_high,1,AK,anger
28,AK_A_04.mp4,-0.33742212361140994,AK_A_04,AK_A_low,2,AK,anger
28,AK_D_12.mp4,0.6375553233269624,AK_D_12,AK_D_high,3,AK,disgust
28,AK_D_02.mp4,0.13005265123379775,AK_D_02,AK_D_low,4,AK,disgust
28,AK_F_24.mp4,2.735817023639926,AK_F_24,AK_F_high,5,AK,fear
28,AK_F_02.mp4,0.30346274908998455,AK_F_02,AK_F_low,6,AK,fear
28,AK_H_15.mp4,0.8322718412820059,AK_H_15,AK_H_high,7,AK,happy
28,AK_H_28.mp4,-0.9244948056495828,AK_H_28,AK_H_low,8,AK,happy
28,AK_N_09.mp4,-0.7863427285752529,AK_N_09,AK_N_high,9,AK,neutral
28,AK_N_01.mp4,-0.8529730670590373,AK_N_01,AK_N_low,10,AK,neutral
28,AK_P_21.mp4,3.833816880237848,AK_P_21,AK_P_high,11,AK,pain
28,AK_P_59.mp4,0.523361766173851,AK_P_59,AK_P_low,12,AK,pain
28,AK_S_23.mp4,0.35939051184862886,AK_S_23,AK_S_high,13,AK,sad
28,AK_S_06.mp4,-0.418784941131171,AK_S_06,AK_S_low,14,AK,sad
28,AL_A_20.mp4,-0.23240132136723238,AL_A_20,AL_A_high,15,AL,anger
28,AL_A_03.mp4,-0.3938194481079181,AL_A_03,AL_A_low,16,AL,anger
28,AL_D_29.mp4,0.00763096967289234,AL_D_29,AL_D_high,17,AL,disgust
28,AL_D_12.mp4,-0.8777420789473864,AL_D_12,AL_D_low,18,AL,disgust
28,AL_F_46.mp4,1.4931420390220789,AL_F_46,AL_F_high,19,AL,fear
28,AL_F_08.mp4,-0.5081045528367341,AL_F_08,AL_F_low,20,AL,fear
28,AL_H_31.mp4,-0.4031232125229413,AL_H_31,AL_H_high,21,AL,happy
28,AL_H_03.mp4,-1.0724659736197357,AL_H_03,AL_H_low,22,AL,happy
28,AL_N_06.mp4,-1.24592778142866,AL_N_06,AL_N_high,23,AL,neutral
28,AL_N_01.mp4,-1.1892425054012978,AL_N_01,AL_N_low,24,AL,neutral
28,AL_P_39.mp4,1.1007786976822715,AL_P_39,AL_P_high,25,AL,pain
28,AL_P_20.mp4,0.13020790199588006,AL_P_20,AL_P_low,26,AL,pain
28,AL_S_53.mp4,-0.14719403655469968,AL_S_53,AL_S_high,27,AL,sad
28,AL_S_04.mp4,-0.9688439947342984,AL_S_04,AL_S_low,28,AL,sad
28,BP_A_41.mp4,0.27818938099736823,BP_A_41,BP_A_high,29,BP,anger
28,BP_A_10.mp4,-0.720179541172073,BP_A_10,BP_A_low,30,BP,anger
28,BP_D_25.mp4,-0.041535148084226606,BP_D_25,BP_D_high,31,BP,disgust
28,BP_D_03.mp4,-0.8931278399763479,BP_D_03,BP_D_low,32,BP,disgust
28,BP_F_46.mp4,1.1653251189868863,BP_F_46,BP_F_high,33,BP,fear
28,BP_F_02.mp4,-0.16453519746425768,BP_F_02,BP_F_low,34,BP,fear
28,BP_H_16.mp4,-0.15046770246899804,BP_H_16,BP_H_high,35,BP,happy
28,BP_H_05.mp4,-0.6529453762267082,BP_H_05,BP_H_low,36,BP,happy
28,BP_N_07.mp4,-1.0308236153414678,BP_N_07,BP_N_high,37,BP,neutral
28,BP_N_01.mp4,-1.2352772490493693,BP_N_01,BP_N_low,38,BP,neutral
28,BP_P_18.mp4,0.7577069531761677,BP_P_18,BP_P_high,39,BP,pain
28,BP_P_02.mp4,-0.7453482906190866,BP_P_02,BP_P_low,40,BP,pain
28,BP_S_18.mp4,0.4468702193439338,BP_S_18,BP_S_high,41,BP,sad
28,BP_S_13.mp4,-0.9444604842916184,BP_S_13,BP_S_low,42,BP,sad
28,JvG_A_19.mp4,-0.10794120020640267,JvG_A_19,JvG_A_high,43,JvG,anger
28,JvG_A_14.mp4,-0.4702455143468229,JvG_A_14,JvG_A_low,44,JvG,anger
28,JvG_D_23.mp4,0.9516142911562825,JvG_D_23,JvG_D_high,45,JvG,disgust
28,JvG_D_02.mp4,-0.5101471187021405,JvG_D_02,JvG_D_low,46,JvG,disgust
28,JvG_F_13.mp4,0.9783562175954219,JvG_F_13,JvG_F_high,47,JvG,fear
28,JvG_F_01.mp4,0.4808254987751862,JvG_F_01,JvG_F_low,48,JvG,fear
28,JvG_H_18.mp4,0.27900245448962957,JvG_H_18,JvG_H_high,49,JvG,happy
28,JvG_H_03.mp4,-0.8418679933724286,JvG_H_03,JvG_H_low,50,JvG,happy
28,JvG_N_17.mp4,-1.103855865536936,JvG_N_17,JvG_N_high,51,JvG,neutral
28,JvG_N_08.mp4,-1.3617987675433794,JvG_N_08,JvG_N_low,52,JvG,neutral
28,JvG_P_20.mp4,1.7279947126672912,JvG_P_20,JvG_P_high,53,JvG,pain
28,JvG_P_16.mp4,0.4818931580144128,JvG_P_16,JvG_P_low,54,JvG,pain
28,JvG_S_24.mp4,0.632769518346919,JvG_S_24,JvG_S_high,55,JvG,sad
28,JvG_S_12.mp4,0.299767507316421,JvG_S_12,JvG_S_low,56,JvG,sad
29,AK_A_32.mp4,0.7656360898775799,AK_A_32,AK_A_high,1,AK,anger
29,AK_A_04.mp4,-0.33742212361140994,AK_A_04,AK_A_low,2,AK,anger
29,AK_D_12.mp4,0.6375553233269624,AK_D_12,AK_D_high,3,AK,disgust
29,AK_D_02.mp4,0.13005265123379775,AK_D_02,AK_D_low,4,AK,disgust
29,AK_F_24.mp4,2.735817023639926,AK_F_24,AK_F_high,5,AK,fear
29,AK_F_02.mp4,0.30346274908998455,AK_F_02,AK_F_low,6,AK,fear
29,AK_H_15.mp4,0.8322718412820059,AK_H_15,AK_H_high,7,AK,happy
29,AK_H_28.mp4,-0.9244948056495828,AK_H_28,AK_H_low,8,AK,happy
29,AK_N_09.mp4,-0.7863427285752529,AK_N_09,AK_N_high,9,AK,neutral
29,AK_N_01.mp4,-0.8529730670590373,AK_N_01,AK_N_low,10,AK,neutral
29,AK_P_21.mp4,3.833816880237848,AK_P_21,AK_P_high,11,AK,pain
29,AK_P_59.mp4,0.523361766173851,AK_P_59,AK_P_low,12,AK,pain
29,AK_S_23.mp4,0.35939051184862886,AK_S_23,AK_S_high,13,AK,sad
29,AK_S_06.mp4,-0.418784941131171,AK_S_06,AK_S_low,14,AK,sad
29,AL_A_20.mp4,-0.23240132136723238,AL_A_20,AL_A_high,15,AL,anger
29,AL_A_03.mp4,-0.3938194481079181,AL_A_03,AL_A_low,16,AL,anger
29,AL_D_29.mp4,0.00763096967289234,AL_D_29,AL_D_high,17,AL,disgust
29,AL_D_12.mp4,-0.8777420789473864,AL_D_12,AL_D_low,18,AL,disgust
29,AL_F_46.mp4,1.4931420390220789,AL_F_46,AL_F_high,19,AL,fear
29,AL_F_08.mp4,-0.5081045528367341,AL_F_08,AL_F_low,20,AL,fear
29,AL_H_31.mp4,-0.4031232125229413,AL_H_31,AL_H_high,21,AL,happy
29,AL_H_03.mp4,-1.0724659736197357,AL_H_03,AL_H_low,22,AL,happy
29,AL_N_06.mp4,-1.24592778142866,AL_N_06,AL_N_high,23,AL,neutral
29,AL_N_01.mp4,-1.1892425054012978,AL_N_01,AL_N_low,24,AL,neutral
29,AL_P_39.mp4,1.1007786976822715,AL_P_39,AL_P_high,25,AL,pain
29,AL_P_20.mp4,0.13020790199588006,AL_P_20,AL_P_low,26,AL,pain
29,AL_S_53.mp4,-0.14719403655469968,AL_S_53,AL_S_high,27,AL,sad
29,AL_S_04.mp4,-0.9688439947342984,AL_S_04,AL_S_low,28,AL,sad
29,BP_A_41.mp4,0.27818938099736823,BP_A_41,BP_A_high,29,BP,anger
29,BP_A_10.mp4,-0.720179541172073,BP_A_10,BP_A_low,30,BP,anger
29,BP_D_25.mp4,-0.041535148084226606,BP_D_25,BP_D_high,31,BP,disgust
29,BP_D_03.mp4,-0.8931278399763479,BP_D_03,BP_D_low,32,BP,disgust
29,BP_F_46.mp4,1.1653251189868863,BP_F_46,BP_F_high,33,BP,fear
29,BP_F_02.mp4,-0.16453519746425768,BP_F_02,BP_F_low,34,BP,fear
29,BP_H_16.mp4,-0.15046770246899804,BP_H_16,BP_H_high,35,BP,happy
29,BP_H_05.mp4,-0.6529453762267082,BP_H_05,BP_H_low,36,BP,happy
29,BP_N_07.mp4,-1.0308236153414678,BP_N_07,BP_N_high,37,BP,neutral
29,BP_N_01.mp4,-1.2352772490493693,BP_N_01,BP_N_low,38,BP,neutral
29,BP_P_18.mp4,0.7577069531761677,BP_P_18,BP_P_high,39,BP,pain
29,BP_P_02.mp4,-0.7453482906190866,BP_P_02,BP_P_low,40,BP,pain
29,BP_S_18.mp4,0.4468702193439338,BP_S_18,BP_S_high,41,BP,sad
29,BP_S_13.mp4,-0.9444604842916184,BP_S_13,BP_S_low,42,BP,sad
29,JvG_A_19.mp4,-0.10794120020640267,JvG_A_19,JvG_A_high,43,JvG,anger
29,JvG_A_14.mp4,-0.4702455143468229,JvG_A_14,JvG_A_low,44,JvG,anger
29,JvG_D_23.mp4,0.9516142911562825,JvG_D_23,JvG_D_high,45,JvG,disgust
29,JvG_D_02.mp4,-0.5101471187021405,JvG_D_02,JvG_D_low,46,JvG,disgust
29,JvG_F_13.mp4,0.9783562175954219,JvG_F_13,JvG_F_high,47,JvG,fear
29,JvG_F_01.mp4,0.4808254987751862,JvG_F_01,JvG_F_low,48,JvG,fear
29,JvG_H_18.mp4,0.27900245448962957,JvG_H_18,JvG_H_high,49,JvG,happy
29,JvG_H_03.mp4,-0.8418679933724286,JvG_H_03,JvG_H_low,50,JvG,happy
29,JvG_N_17.mp4,-1.103855865536936,JvG_N_17,JvG_N_high,51,JvG,neutral
29,JvG_N_08.mp4,-1.3617987675433794,JvG_N_08,JvG_N_low,52,JvG,neutral
29,JvG_P_20.mp4,1.7279947126672912,JvG_P_20,JvG_P_high,53,JvG,pain
29,JvG_P_16.mp4,0.4818931580144128,JvG_P_16,JvG_P_low,54,JvG,pain
29,JvG_S_24.mp4,0.632769518346919,JvG_S_24,JvG_S_high,55,JvG,sad
29,JvG_S_12.mp4,0.299767507316421,JvG_S_12,JvG_S_low,56,JvG,sad
30,AK_A_32.mp4,0.7656360898775799,AK_A_32,AK_A_high,1,AK,anger
30,AK_A_04.mp4,-0.33742212361140994,AK_A_04,AK_A_low,2,AK,anger
30,AK_D_12.mp4,0.6375553233269624,AK_D_12,AK_D_high,3,AK,disgust
30,AK_D_02.mp4,0.13005265123379775,AK_D_02,AK_D_low,4,AK,disgust
30,AK_F_24.mp4,2.735817023639926,AK_F_24,AK_F_high,5,AK,fear
30,AK_F_02.mp4,0.30346274908998455,AK_F_02,AK_F_low,6,AK,fear
30,AK_H_15.mp4,0.8322718412820059,AK_H_15,AK_H_high,7,AK,happy
30,AK_H_28.mp4,-0.9244948056495828,AK_H_28,AK_H_low,8,AK,happy
30,AK_N_09.mp4,-0.7863427285752529,AK_N_09,AK_N_high,9,AK,neutral
30,AK_N_01.mp4,-0.8529730670590373,AK_N_01,AK_N_low,10,AK,neutral
30,AK_P_21.mp4,3.833816880237848,AK_P_21,AK_P_high,11,AK,pain
30,AK_P_59.mp4,0.523361766173851,AK_P_59,AK_P_low,12,AK,pain
30,AK_S_23.mp4,0.35939051184862886,AK_S_23,AK_S_high,13,AK,sad
30,AK_S_06.mp4,-0.418784941131171,AK_S_06,AK_S_low,14,AK,sad
30,AL_A_20.mp4,-0.23240132136723238,AL_A_20,AL_A_high,15,AL,anger
30,AL_A_03.mp4,-0.3938194481079181,AL_A_03,AL_A_low,16,AL,anger
30,AL_D_29.mp4,0.00763096967289234,AL_D_29,AL_D_high,17,AL,disgust
30,AL_D_12.mp4,-0.8777420789473864,AL_D_12,AL_D_low,18,AL,disgust
30,AL_F_46.mp4,1.4931420390220789,AL_F_46,AL_F_high,19,AL,fear
30,AL_F_08.mp4,-0.5081045528367341,AL_F_08,AL_F_low,20,AL,fear
30,AL_H_31.mp4,-0.4031232125229413,AL_H_31,AL_H_high,21,AL,happy
30,AL_H_03.mp4,-1.0724659736197357,AL_H_03,AL_H_low,22,AL,happy
30,AL_N_06.mp4,-1.24592778142866,AL_N_06,AL_N_high,23,AL,neutral
30,AL_N_01.mp4,-1.1892425054012978,AL_N_01,AL_N_low,24,AL,neutral
30,AL_P_39.mp4,1.1007786976822715,AL_P_39,AL_P_high,25,AL,pain
30,AL_P_20.mp4,0.13020790199588006,AL_P_20,AL_P_low,26,AL,pain
30,AL_S_53.mp4,-0.14719403655469968,AL_S_53,AL_S_high,27,AL,sad
30,AL_S_04.mp4,-0.9688439947342984,AL_S_04,AL_S_low,28,AL,sad
30,BP_A_41.mp4,0.27818938099736823,BP_A_41,BP_A_high,29,BP,anger
30,BP_A_10.mp4,-0.720179541172073,BP_A_10,BP_A_low,30,BP,anger
30,BP_D_25.mp4,-0.041535148084226606,BP_D_25,BP_D_high,31,BP,disgust
30,BP_D_03.mp4,-0.8931278399763479,BP_D_03,BP_D_low,32,BP,disgust
30,BP_F_46.mp4,1.1653251189868863,BP_F_46,BP_F_high,33,BP,fear
30,BP_F_02.mp4,-0.16453519746425768,BP_F_02,BP_F_low,34,BP,fear
30,BP_H_16.mp4,-0.15046770246899804,BP_H_16,BP_H_high,35,BP,happy
30,BP_H_05.mp4,-0.6529453762267082,BP_H_05,BP_H_low,36,BP,happy
30,BP_N_07.mp4,-1.0308236153414678,BP_N_07,BP_N_high,37,BP,neutral
30,BP_N_01.mp4,-1.2352772490493693,BP_N_01,BP_N_low,38,BP,neutral
30,BP_P_18.mp4,0.7577069531761677,BP_P_18,BP_P_high,39,BP,pain
30,BP_P_02.mp4,-0.7453482906190866,BP_P_02,BP_P_low,40,BP,pain
30,BP_S_18.mp4,0.4468702193439338,BP_S_18,BP_S_high,41,BP,sad
30,BP_S_13.mp4,-0.9444604842916184,BP_S_13,BP_S_low,42,BP,sad
30,JvG_A_19.mp4,-0.10794120020640267,JvG_A_19,JvG_A_high,43,JvG,anger
30,JvG_A_14.mp4,-0.4702455143468229,JvG_A_14,JvG_A_low,44,JvG,anger
30,JvG_D_23.mp4,0.9516142911562825,JvG_D_23,JvG_D_high,45,JvG,disgust
30,JvG_D_02.mp4,-0.5101471187021405,JvG_D_02,JvG_D_low,46,JvG,disgust
30,JvG_F_13.mp4,0.9783562175954219,JvG_F_13,JvG_F_high,47,JvG,fear
30,JvG_F_01.mp4,0.4808254987751862,JvG_F_01,JvG_F_low,48,JvG,fear
30,JvG_H_18.mp4,0.27900245448962957,JvG_H_18,JvG_H_high,49,JvG,happy
30,JvG_H_03.mp4,-0.8418679933724286,JvG_H_03,JvG_H_low,50,JvG,happy
30,JvG_N_17.mp4,-1.103855865536936,JvG_N_17,JvG_N_high,51,JvG,neutral
30,JvG_N_08.mp4,-1.3617987675433794,JvG_N_08,JvG_N_low,52,JvG,neutral
30,JvG_P_20.mp4,1.7279947126672912,JvG_P_20,JvG_P_high,53,JvG,pain
30,JvG_P_16.mp4,0.4818931580144128,JvG_P_16,JvG_P_low,54,JvG,pain
30,JvG_S_24.mp4,0.632769518346919,JvG_S_24,JvG_S_high,55,JvG,sad
30,JvG_S_12.mp4,0.299767507316421,JvG_S_12,JvG_S_low,56,JvG,sad
31,AK_A_32.mp4,0.7656360898775799,AK_A_32,AK_A_high,1,AK,anger
31,AK_A_04.mp4,-0.33742212361140994,AK_A_04,AK_A_low,2,AK,anger
31,AK_D_12.mp4,0.6375553233269624,AK_D_12,AK_D_high,3,AK,disgust
31,AK_D_02.mp4,0.13005265123379775,AK_D_02,AK_D_low,4,AK,disgust
31,AK_F_24.mp4,2.735817023639926,AK_F_24,AK_F_high,5,AK,fear
31,AK_F_02.mp4,0.30346274908998455,AK_F_02,AK_F_low,6,AK,fear
31,AK_H_15.mp4,0.8322718412820059,AK_H_15,AK_H_high,7,AK,happy
31,AK_H_28.mp4,-0.9244948056495828,AK_H_28,AK_H_low,8,AK,happy
31,AK_N_09.mp4,-0.7863427285752529,AK_N_09,AK_N_high,9,AK,neutral
31,AK_N_01.mp4,-0.8529730670590373,AK_N_01,AK_N_low,10,AK,neutral
31,AK_P_21.mp4,3.833816880237848,AK_P_21,AK_P_high,11,AK,pain
31,AK_P_59.mp4,0.523361766173851,AK_P_59,AK_P_low,12,AK,pain
31,AK_S_23.mp4,0.35939051184862886,AK_S_23,AK_S_high,13,AK,sad
31,AK_S_06.mp4,-0.418784941131171,AK_S_06,AK_S_low,14,AK,sad
31,AL_A_20.mp4,-0.23240132136723238,AL_A_20,AL_A_high,15,AL,anger
31,AL_A_03.mp4,-0.3938194481079181,AL_A_03,AL_A_low,16,AL,anger
31,AL_D_29.mp4,0.00763096967289234,AL_D_29,AL_D_high,17,AL,disgust
31,AL_D_12.mp4,-0.8777420789473864,AL_D_12,AL_D_low,18,AL,disgust
31,AL_F_46.mp4,1.4931420390220789,AL_F_46,AL_F_high,19,AL,fear
31,AL_F_08.mp4,-0.5081045528367341,AL_F_08,AL_F_low,20,AL,fear
31,AL_H_31.mp4,-0.4031232125229413,AL_H_31,AL_H_high,21,AL,happy
31,AL_H_03.mp4,-1.0724659736197357,AL_H_03,AL_H_low,22,AL,happy
31,AL_N_06.mp4,-1.24592778142866,AL_N_06,AL_N_high,23,AL,neutral
31,AL_N_01.mp4,-1.1892425054012978,AL_N_01,AL_N_low,24,AL,neutral
31,AL_P_39.mp4,1.1007786976822715,AL_P_39,AL_P_high,25,AL,pain
31,AL_P_20.mp4,0.13020790199588006,AL_P_20,AL_P_low,26,AL,pain
31,AL_S_53.mp4,-0.14719403655469968,AL_S_53,AL_S_high,27,AL,sad
31,AL_S_04.mp4,-0.9688439947342984,AL_S_04,AL_S_low,28,AL,sad
31,BP_A_41.mp4,0.27818938099736823,BP_A_41,BP_A_high,29,BP,anger
31,BP_A_10.mp4,-0.720179541172073,BP_A_10,BP_A_low,30,BP,anger
31,BP_D_25.mp4,-0.041535148084226606,BP_D_25,BP_D_high,31,BP,disgust
31,BP_D_03.mp4,-0.8931278399763479,BP_D_03,BP_D_low,32,BP,disgust
31,BP_F_46.mp4,1.1653251189868863,BP_F_46,BP_F_high,33,BP,fear
31,BP_F_02.mp4,-0.16453519746425768,BP_F_02,BP_F_low,34,BP,fear
31,BP_H_16.mp4,-0.15046770246899804,BP_H_16,BP_H_high,35,BP,happy
31,BP_H_05.mp4,-0.6529453762267082,BP_H_05,BP_H_low,36,BP,happy
31,BP_N_07.mp4,-1.0308236153414678,BP_N_07,BP_N_high,37,BP,neutral
31,BP_N_01.mp4,-1.2352772490493693,BP_N_01,BP_N_low,38,BP,neutral
31,BP_P_18.mp4,0.7577069531761677,BP_P_18,BP_P_high,39,BP,pain
31,BP_P_02.mp4,-0.7453482906190866,BP_P_02,BP_P_low,40,BP,pain
31,BP_S_18.mp4,0.4468702193439338,BP_S_18,BP_S_high,41,BP,sad
31,BP_S_13.mp4,-0.9444604842916184,BP_S_13,BP_S_low,42,BP,sad
31,JvG_A_19.mp4,-0.10794120020640267,JvG_A_19,JvG_A_high,43,JvG,anger
31,JvG_A_14.mp4,-0.4702455143468229,JvG_A_14,JvG_A_low,44,JvG,anger
31,JvG_D_23.mp4,0.9516142911562825,JvG_D_23,JvG_D_high,45,JvG,disgust
31,JvG_D_02.mp4,-0.5101471187021405,JvG_D_02,JvG_D_low,46,JvG,disgust
31,JvG_F_13.mp4,0.9783562175954219,JvG_F_13,JvG_F_high,47,JvG,fear
31,JvG_F_01.mp4,0.4808254987751862,JvG_F_01,JvG_F_low,48,JvG,fear
31,JvG_H_18.mp4,0.27900245448962957,JvG_H_18,JvG_H_high,49,JvG,happy
31,JvG_H_03.mp4,-0.8418679933724286,JvG_H_03,JvG_H_low,50,JvG,happy
31,JvG_N_17.mp4,-1.103855865536936,JvG_N_17,JvG_N_high,51,JvG,neutral
31,JvG_N_08.mp4,-1.3617987675433794,JvG_N_08,JvG_N_low,52,JvG,neutral
31,JvG_P_20.mp4,1.7279947126672912,JvG_P_20,JvG_P_high,53,JvG,pain
31,JvG_P_16.mp4,0.4818931580144128,JvG_P_16,JvG_P_low,54,JvG,pain
31,JvG_S_24.mp4,0.632769518346919,JvG_S_24,JvG_S_high,55,JvG,sad
31,JvG_S_12.mp4,0.299767507316421,JvG_S_12,JvG_S_low,56,JvG,sad
32,AK_A_32.mp4,0.7656360898775799,AK_A_32,AK_A_high,1,AK,anger
32,AK_A_04.mp4,-0.33742212361140994,AK_A_04,AK_A_low,2,AK,anger
32,AK_D_12.mp4,0.6375553233269624,AK_D_12,AK_D_high,3,AK,disgust
32,AK_D_02.mp4,0.13005265123379775,AK_D_02,AK_D_low,4,AK,disgust
32,AK_F_24.mp4,2.735817023639926,AK_F_24,AK_F_high,5,AK,fear
32,AK_F_02.mp4,0.30346274908998455,AK_F_02,AK_F_low,6,AK,fear
32,AK_H_15.mp4,0.8322718412820059,AK_H_15,AK_H_high,7,AK,happy
32,AK_H_28.mp4,-0.9244948056495828,AK_H_28,AK_H_low,8,AK,happy
32,AK_N_09.mp4,-0.7863427285752529,AK_N_09,AK_N_high,9,AK,neutral
32,AK_N_01.mp4,-0.8529730670590373,AK_N_01,AK_N_low,10,AK,neutral
32,AK_P_21.mp4,3.833816880237848,AK_P_21,AK_P_high,11,AK,pain
32,AK_P_59.mp4,0.523361766173851,AK_P_59,AK_P_low,12,AK,pain
32,AK_S_23.mp4,0.35939051184862886,AK_S_23,AK_S_high,13,AK,sad
32,AK_S_06.mp4,-0.418784941131171,AK_S_06,AK_S_low,14,AK,sad
32,AL_A_20.mp4,-0.23240132136723238,AL_A_20,AL_A_high,15,AL,anger
32,AL_A_03.mp4,-0.3938194481079181,AL_A_03,AL_A_low,16,AL,anger
32,AL_D_29.mp4,0.00763096967289234,AL_D_29,AL_D_high,17,AL,disgust
32,AL_D_12.mp4,-0.8777420789473864,AL_D_12,AL_D_low,18,AL,disgust
32,AL_F_46.mp4,1.4931420390220789,AL_F_46,AL_F_high,19,AL,fear
32,AL_F_08.mp4,-0.5081045528367341,AL_F_08,AL_F_low,20,AL,fear
32,AL_H_31.mp4,-0.4031232125229413,AL_H_31,AL_H_high,21,AL,happy
32,AL_H_03.mp4,-1.0724659736197357,AL_H_03,AL_H_low,22,AL,happy
32,AL_N_06.mp4,-1.24592778142866,AL_N_06,AL_N_high,23,AL,neutral
32,AL_N_01.mp4,-1.1892425054012978,AL_N_01,AL_N_low,24,AL,neutral
32,AL_P_39.mp4,1.1007786976822715,AL_P_39,AL_P_high,25,AL,pain
32,AL_P_20.mp4,0.13020790199588006,AL_P_20,AL_P_low,26,AL,pain
32,AL_S_53.mp4,-0.14719403655469968,AL_S_53,AL_S_high,27,AL,sad
32,AL_S_04.mp4,-0.9688439947342984,AL_S_04,AL_S_low,28,AL,sad
32,BP_A_41.mp4,0.27818938099736823,BP_A_41,BP_A_high,29,BP,anger
32,BP_A_10.mp4,-0.720179541172073,BP_A_10,BP_A_low,30,BP,anger
32,BP_D_25.mp4,-0.041535148084226606,BP_D_25,BP_D_high,31,BP,disgust
32,BP_D_03.mp4,-0.8931278399763479,BP_D_03,BP_D_low,32,BP,disgust
32,BP_F_46.mp4,1.1653251189868863,BP_F_46,BP_F_high,33,BP,fear
32,BP_F_02.mp4,-0.16453519746425768,BP_F_02,BP_F_low,34,BP,fear
32,BP_H_16.mp4,-0.15046770246899804,BP_H_16,BP_H_high,35,BP,happy
32,BP_H_05.mp4,-0.6529453762267082,BP_H_05,BP_H_low,36,BP,happy
32,BP_N_07.mp4,-1.0308236153414678,BP_N_07,BP_N_high,37,BP,neutral
32,BP_N_01.mp4,-1.2352772490493693,BP_N_01,BP_N_low,38,BP,neutral
32,BP_P_18.mp4,0.7577069531761677,BP_P_18,BP_P_high,39,BP,pain
32,BP_P_02.mp4,-0.7453482906190866,BP_P_02,BP_P_low,40,BP,pain
32,BP_S_18.mp4,0.4468702193439338,BP_S_18,BP_S_high,41,BP,sad
32,BP_S_13.mp4,-0.9444604842916184,BP_S_13,BP_S_low,42,BP,sad
32,JvG_A_19.mp4,-0.10794120020640267,JvG_A_19,JvG_A_high,43,JvG,anger
32,JvG_A_14.mp4,-0.4702455143468229,JvG_A_14,JvG_A_low,44,JvG,anger
32,JvG_D_23.mp4,0.9516142911562825,JvG_D_23,JvG_D_high,45,JvG,disgust
32,JvG_D_02.mp4,-0.5101471187021405,JvG_D_02,JvG_D_low,46,JvG,disgust
32,JvG_F_13.mp4,0.9783562175954219,JvG_F_13,JvG_F_high,47,JvG,fear
32,JvG_F_01.mp4,0.4808254987751862,JvG_F_01,JvG_F_low,48,JvG,fear
32,JvG_H_18.mp4,0.27900245448962957,JvG_H_18,JvG_H_high,49,JvG,happy
32,JvG_H_03.mp4,-0.8418679933724286,JvG_H_03,JvG_H_low,50,JvG,happy
32,JvG_N_17.mp4,-1.103855865536936,JvG_N_17,JvG_N_high,51,JvG,neutral
32,JvG_N_08.mp4,-1.3617987675433794,JvG_N_08,JvG_N_low,52,JvG,neutral
32,JvG_P_20.mp4,1.7279947126672912,JvG_P_20,JvG_P_high,53,JvG,pain
32,JvG_P_16.mp4,0.4818931580144128,JvG_P_16,JvG_P_low,54,JvG,pain
32,JvG_S_24.mp4,0.632769518346919,JvG_S_24,JvG_S_high,55,JvG,sad
32,JvG_S_12.mp4,0.299767507316421,JvG_S_12,JvG_S_low,56,JvG,sad
34,AK_A_32.mp4,0.7656360898775799,AK_A_32,AK_A_high,1,AK,anger
34,AK_A_04.mp4,-0.33742212361140994,AK_A_04,AK_A_low,2,AK,anger
34,AK_D_12.mp4,0.6375553233269624,AK_D_12,AK_D_high,3,AK,disgust
34,AK_D_02.mp4,0.13005265123379775,AK_D_02,AK_D_low,4,AK,disgust
34,AK_F_24.mp4,2.735817023639926,AK_F_24,AK_F_high,5,AK,fear
34,AK_F_02.mp4,0.30346274908998455,AK_F_02,AK_F_low,6,AK,fear
34,AK_H_15.mp4,0.8322718412820059,AK_H_15,AK_H_high,7,AK,happy
34,AK_H_28.mp4,-0.9244948056495828,AK_H_28,AK_H_low,8,AK,happy
34,AK_N_09.mp4,-0.7863427285752529,AK_N_09,AK_N_high,9,AK,neutral
34,AK_N_01.mp4,-0.8529730670590373,AK_N_01,AK_N_low,10,AK,neutral
34,AK_P_21.mp4,3.833816880237848,AK_P_21,AK_P_high,11,AK,pain
34,AK_P_59.mp4,0.523361766173851,AK_P_59,AK_P_low,12,AK,pain
34,AK_S_23.mp4,0.35939051184862886,AK_S_23,AK_S_high,13,AK,sad
34,AK_S_06.mp4,-0.418784941131171,AK_S_06,AK_S_low,14,AK,sad
34,AL_A_20.mp4,-0.23240132136723238,AL_A_20,AL_A_high,15,AL,anger
34,AL_A_03.mp4,-0.3938194481079181,AL_A_03,AL_A_low,16,AL,anger
34,AL_D_29.mp4,0.00763096967289234,AL_D_29,AL_D_high,17,AL,disgust
34,AL_D_12.mp4,-0.8777420789473864,AL_D_12,AL_D_low,18,AL,disgust
34,AL_F_46.mp4,1.4931420390220789,AL_F_46,AL_F_high,19,AL,fear
34,AL_F_08.mp4,-0.5081045528367341,AL_F_08,AL_F_low,20,AL,fear
34,AL_H_31.mp4,-0.4031232125229413,AL_H_31,AL_H_high,21,AL,happy
34,AL_H_03.mp4,-1.0724659736197357,AL_H_03,AL_H_low,22,AL,happy
34,AL_N_06.mp4,-1.24592778142866,AL_N_06,AL_N_high,23,AL,neutral
34,AL_N_01.mp4,-1.1892425054012978,AL_N_01,AL_N_low,24,AL,neutral
34,AL_P_39.mp4,1.1007786976822715,AL_P_39,AL_P_high,25,AL,pain
34,AL_P_20.mp4,0.13020790199588006,AL_P_20,AL_P_low,26,AL,pain
34,AL_S_53.mp4,-0.14719403655469968,AL_S_53,AL_S_high,27,AL,sad
34,AL_S_04.mp4,-0.9688439947342984,AL_S_04,AL_S_low,28,AL,sad
34,BP_A_41.mp4,0.27818938099736823,BP_A_41,BP_A_high,29,BP,anger
34,BP_A_10.mp4,-0.720179541172073,BP_A_10,BP_A_low,30,BP,anger
34,BP_D_25.mp4,-0.041535148084226606,BP_D_25,BP_D_high,31,BP,disgust
34,BP_D_03.mp4,-0.8931278399763479,BP_D_03,BP_D_low,32,BP,disgust
34,BP_F_46.mp4,1.1653251189868863,BP_F_46,BP_F_high,33,BP,fear
34,BP_F_02.mp4,-0.16453519746425768,BP_F_02,BP_F_low,34,BP,fear
34,BP_H_16.mp4,-0.15046770246899804,BP_H_16,BP_H_high,35,BP,happy
34,BP_H_05.mp4,-0.6529453762267082,BP_H_05,BP_H_low,36,BP,happy
34,BP_N_07.mp4,-1.0308236153414678,BP_N_07,BP_N_high,37,BP,neutral
34,BP_N_01.mp4,-1.2352772490493693,BP_N_01,BP_N_low,38,BP,neutral
34,BP_P_18.mp4,0.7577069531761677,BP_P_18,BP_P_high,39,BP,pain
34,BP_P_02.mp4,-0.7453482906190866,BP_P_02,BP_P_low,40,BP,pain
34,BP_S_18.mp4,0.4468702193439338,BP_S_18,BP_S_high,41,BP,sad
34,BP_S_13.mp4,-0.9444604842916184,BP_S_13,BP_S_low,42,BP,sad
34,JvG_A_19.mp4,-0.10794120020640267,JvG_A_19,JvG_A_high,43,JvG,anger
34,JvG_A_14.mp4,-0.4702455143468229,JvG_A_14,JvG_A_low,44,JvG,anger
34,JvG_D_23.mp4,0.9516142911562825,JvG_D_23,JvG_D_high,45,JvG,disgust
34,JvG_D_02.mp4,-0.5101471187021405,JvG_D_02,JvG_D_low,46,JvG,disgust
34,JvG_F_13.mp4,0.9783562175954219,JvG_F_13,JvG_F_high,47,JvG,fear
34,JvG_F_01.mp4,0.4808254987751862,JvG_F_01,JvG_F_low,48,JvG,fear
34,JvG_H_18.mp4,0.27900245448962957,JvG_H_18,JvG_H_high,49,JvG,happy
34,JvG_H_03.mp4,-0.8418679933724286,JvG_H_03,JvG_H_low,50,JvG,happy
34,JvG_N_17.mp4,-1.103855865536936,JvG_N_17,JvG_N_high,51,JvG,neutral
34,JvG_N_08.mp4,-1.3617987675433794,JvG_N_08,JvG_N_low,52,JvG,neutral
34,JvG_P_20.mp4,1.7279947126672912,JvG_P_20,JvG_P_high,53,JvG,pain
34,JvG_P_16.mp4,0.4818931580144128,JvG_P_16,JvG_P_low,54,JvG,pain
34,JvG_S_24.mp4,0.632769518346919,JvG_S_24,JvG_S_high,55,JvG,sad
34,JvG_S_12.mp4,0.299767507316421,JvG_S_12,JvG_S_low,56,JvG,sad
